question,"kb_name"
" 在河源，继续读要多长时间",edupromotion
" 但是听说年l龄太大，不容易通过教师资格证考试？",edupromotion
" 有什么专业呢",edupromotion
" 整年交还是可分开",edupromotion
" 揭阳有学校吗？",edupromotion
" 我报中药学应该是大专吧？",edupromotion
" 想问一下一年可以考几科啊",edupromotion
" 这些证有效的吗",edupromotion
" 学费多少呢",edupromotion
"教师证 现在是分三类了吗",edupromotion
" 中山大学有自考全日制的？",edupromotion
" 大专可以直接转回特教的吗",edupromotion
"专插本 那我应聘填哪个学历",edupromotion
" 独立办班一年能考几次",edupromotion
"教师证 非师范生不可以报考吗",edupromotion
" 去学校上课吗",edupromotion
" 证书有保障吗 亲",edupromotion
" 就是想知异地普通话能不能办理教师资格证",edupromotion
" 明天还可以报吗",edupromotion
" 报考的人多不多，18年的最低录取分数多少？",edupromotion
"学历 怎么提升",edupromotion
" 江门有吗？",edupromotion
" 自考生在入学前要考试吗",edupromotion
" 我想知道你们学校有专业会计吗？",edupromotion
" 成人自考本科，必须自己亲自去么",edupromotion
" 叫什么学校？",edupromotion
" 请问什么是专插本",edupromotion
" 网络教育，高中升大专  需要几年？",edupromotion
" 插本的毕业证含金量是",edupromotion
"自考 考试在哪里考不都是一样",edupromotion
"教师证 我籍贯江西，现在在广州工作，能不能在广州考",edupromotion
" 那培训需要钱吗",edupromotion
" 想问下高职高专 的医学专业有什么",edupromotion
" 你好，请问全日制自考属于全日制统分统招吗",edupromotion
"专插本 就是说跨专业的话会比较困难？",edupromotion
" 全日制的是 图片还是有老师讲课",edupromotion
" 专升本要考哪几科？",edupromotion
"教师证 分为综合科目和教育心理学是吗",edupromotion
" 你能讲解下成人大专吗",edupromotion
" 教师证怎么样考?",edupromotion
" 有哪些可以学",edupromotion
" 你们是哪个大学的",edupromotion
" 五邑大学今年有专插本吗",edupromotion
" 国际商务专业有吗",edupromotion
" 没时间呢",edupromotion
" 老师帮忙介绍下呗",edupromotion
"申请学士学位 这边有没有资料能提供的就是，有没有什么硬性标准",edupromotion
" 有什么科目",edupromotion
" 请问韶关学院专插本可以跨？专业",edupromotion
" 自考的是不是很难？",edupromotion
" 广东工业大学难考吗",edupromotion
"专业 什么是比较好考的？",edupromotion
" 我想问下全日制本科除了专插本，还有自考？",edupromotion
"大专学历 所以我不清楚能不能考教师资格证",edupromotion
" 你们还招人吗?",edupromotion
" 请问哪个学校有播音主持专业？",edupromotion
" 院校不是中山大学吗",edupromotion
" 高中毕业生招收吗",edupromotion
" 我咨询我们这边的点说网络教育广东这边停了",edupromotion
"毕业证 能买吗",edupromotion
" 就是我想插嘉应的土木专业，然后那里写着师范，我可以插吗？",edupromotion
" 先考试再进读书考试还是咋样",edupromotion
" 麻烦你先回答下，我如果考个研究生，考编的时候会承认这个学历吗",edupromotion
" 国际贸易实务专业有哪些学校你可以考",edupromotion
"教师资格证 小学，初中，高中有什么差别吗？",edupromotion
"教师资格证 难度大不大呀",edupromotion
" 那怎么升学历，现在升学历是全国范围都认证嘛，还是说只限于广东范围",edupromotion
" 函授本科几年才能毕业",edupromotion
" 请问可以直接买一个证书吗",edupromotion
" 行政管理需要读几年",edupromotion
" 广东自考本科。还能参加2019学位考试吗",edupromotion
" 我想问下那个专插本有没有中医学专业的呀？",edupromotion
" 请问什么时候发资料给我呢？",edupromotion
"教师资格证 考试 初中跟小学有什么区别",edupromotion
" 老师学位证指的是什么证啊？",edupromotion
" 为什么没人加呢",edupromotion
" 广东考生只能报广东省的专插本吗？",edupromotion
" 你好，广东工业大学有专升本吗",edupromotion
" 中专毕业升上去的是什么",edupromotion
" 广州理工大学的，有没有电子专业的",edupromotion
" 药学专业可以报法医学吗",edupromotion
"申请 学士 学位 条件 想问一下你们",edupromotion
" 我想问问就是我可不可以通过嗯，成人高考然后去南方医科大学",edupromotion
" 本科需要统考吗",edupromotion
" 你怎么不说话呢！",edupromotion
" 专升本学历国家承认吗？学信网会查到吗？能否考编制？",edupromotion
"成人教育 含金量哪个好？",edupromotion
" 所以我想知道广州有哪些学校是二本的",edupromotion
" 可以跨专业插本的吗？",edupromotion
" 如今选科要怎么选呢？",edupromotion
" 一般是学哪一个专业的",edupromotion
" 有哪些院校招收呢",edupromotion
" 九几年毕业的能不能查",edupromotion
" 有入学考试么？",edupromotion
" 请问是全日制本科报考嘛",edupromotion
" 山东大学 “消毒供应”本科 2019春季招生否？",edupromotion
" 你们机构不是没有全日制的嘛？",edupromotion
" 自考本科考上后用去读吗？",edupromotion
" 汉语言文学教育的话是可以当老师的是吗",edupromotion
" 那这是要拿到毕业证后才能申请考试的吗",edupromotion
"限制 年龄 自考就不用的吗",edupromotion
"教师资格证 哪一个阶段好考一些呢？",edupromotion
" 有什么专业",edupromotion
" 石基成校可以上夜课吗",edupromotion
" 招全日制的吗",edupromotion
"教师资格证 如果报初中，可以教小学吗？可以教幼儿园吗？",edupromotion
" 英语是自学还是要去上课的",edupromotion
" 想问一下广东有哪些适合的法学专业专插本院校呢？",edupromotion
"成人高考 和函授有什么区别？",edupromotion
" 我在惠州惠阳  惠阳区可以考吗 还是必须到广州考？",edupromotion
" 成人大专能考教师资格证吗",edupromotion
" 不是要考试才能入学吗？",edupromotion
" 何老师，请问一下大专除了本科还有那些专业",edupromotion
" 幼师，就是不是现在报",edupromotion
" 专科阶段有没有服装相关的专业",edupromotion
" 然后师范可以考幼师证吗",edupromotion
" 我现在大二 够时间去准备吗 因为听说插本很难",edupromotion
"插本 那我要准备什么科目",edupromotion
"毕业证 还没有拿到，还在修，是必须拿到才可以考吗，考小学",edupromotion
" 可以补考吗",edupromotion
" 商务英语有什么用",edupromotion
" 有哪些专业？",edupromotion
" 本科结业能直接考本科吗",edupromotion
" 有没有通知书",edupromotion
" 想请问一下短信什么时候发过来呢？",edupromotion
" 想了解本科的，广美有什么专业的？",edupromotion
" 补办准考证的时候可以直接换专业吗",edupromotion
" 有没有全日制的",edupromotion
" 2019年的专插本的A线是不是都不能跨专业了？",edupromotion
" 我看条件里有一要与本专业达到三科或三科以上相同的，这是怎么回事",edupromotion
"专业 可以报什么",edupromotion
" 有没有分其他会计专业呢？",edupromotion
" 请问，广东户籍考生，在外地念书可以考吗？",edupromotion
" 女生有什么专业？",edupromotion
" 学费方面怎么算",edupromotion
" 请问网络班有什么专业呢",edupromotion
" 所有的专业可以吗",edupromotion
" 工程管理专业，可以考哪个科目的老师？",edupromotion
"教师证 难道与专业没有关系吗",edupromotion
" 大专有跟建筑有关的专业吗？",edupromotion
"教师资格证 高中难度比较大吧？",edupromotion
" 老师，请问今年学校插本专业是要对口吗？",edupromotion
" 以后是不是不招了？",edupromotion
"广州美术学院 有这个学校的嘛？",edupromotion
" 专插本法学专业有哪些公立学院",edupromotion
" 可以跨专业吗",edupromotion
" 学的是什么",edupromotion
" 通过率高么",edupromotion
" 广东有这样的学校吗？",edupromotion
" 19年想读电脑专业学校，有什么院校介绍?",edupromotion
" 学多长时间才可以毕业",edupromotion
" 大专 男生有什么专业",edupromotion
" 哪些专业比较容易",edupromotion
" 有大专就不用考幼师证了吗？",edupromotion
" 那有什么专业呀",edupromotion
" 有什么专业呢？",edupromotion
" 为什么要两年半",edupromotion
" 现在考教师证难吗",edupromotion
" 网上考试吗？",edupromotion
" 老师还有别的途径吗",edupromotion
"成人高考 自考 哪个简单",edupromotion
" 大专也是本科吗",edupromotion
"大专 本科 有什么区别",edupromotion
" 可以边考边读书吗？",edupromotion
" 上课呢？",edupromotion
" 你们是培训吗？",edupromotion
" 有哪些专业不需要读高数",edupromotion
" 我就想问下怎么退费",edupromotion
" 自学本科也算吧？",edupromotion
" 如果上面试培训我想知道课程是怎样的，怎么安排的",edupromotion
" 现在开始学习会太晚了嘛？",edupromotion
" 在哪个软件可以查国家承认的学历呢",edupromotion
" 到大三不是取消非师范类考试了吗",edupromotion
" 非医学专业可以学吗？",edupromotion
" 第二学历怎么获取",edupromotion
" 有没有环境专业",edupromotion
" 现考教师证自考大专非师范专业也可？",edupromotion
" 具体什么时候截止",edupromotion
" 英语专业，广东有哪些学校招生？",edupromotion
" 现在什么专业可以选吗？",edupromotion
" 非师范生2019年能报考教师资格证吗",edupromotion
" 学完有工作吗",edupromotion
" 是的，自考会有学位证吗",edupromotion
" 要不要本人去考试？还是在电脑上面考？",edupromotion
" 我看了一下，金融学是属于管理类的吗，因为那里我看到了要学管理学的",edupromotion
" 分数线多少？",edupromotion
" 有什么学校选？",edupromotion
" 介绍有什么专业",edupromotion
" 请问老师插本的专业分文理科吗",edupromotion
" 我高中是理科生，请问老师这样我插本能报的学校是不是很少？",edupromotion
" 函授是什么",edupromotion
" 最近几年比较热门的专业是那些",edupromotion
" 请问读中专可以自学吗",edupromotion
" 方便问一下中专办自学手续困难吗？",edupromotion
" 广州哪个学校可以推荐下吗",edupromotion
" 中专的好难考吗？",edupromotion
" 广东省医学类专插本有哪几所学校？",edupromotion
" 2019插本院校有哪些",edupromotion
" 你们主要经营的是什么",edupromotion
" 可以读全日制的吗",edupromotion
" 还能报考吗？",edupromotion
" 肇庆也是只招应届生吗",edupromotion
" 能学到什么",edupromotion
" 请问招跨专业的学生吗",edupromotion
" 有哪些专业",edupromotion
" 请问有服装设计这个专业吗",edupromotion
" 报名拿到毕业证需要多久",edupromotion
" 还可以换专业的嘛？",edupromotion
" 论文大二也写吗",edupromotion
" 是的，函授是不是星期六星期日上课的？",edupromotion
" 考专科幼儿师范的需要多久",edupromotion
" 请老师介绍一下吧",edupromotion
" 中专升大专要读几年",edupromotion
" 除了体育还有什么",edupromotion
" 也是跟统招人一起上课吗",edupromotion
" 深圳龙华有机构吗？",edupromotion
" 请问香港户口的应届毕业生可以报考吗？",edupromotion
" 你是自考办的？",edupromotion
" 成人教育难考吗？",edupromotion
" 你这机构在哪里",edupromotion
" 有时间截止吗",edupromotion
" 你们机构在哪里",edupromotion
" 我现在是读会计的 插本可以选择其它专业吗",edupromotion
" 那如果读会计或者师范哪个学校比较好呢",edupromotion
" 需要学习的课目有哪些呢？",edupromotion
" 考大专难吗",edupromotion
" 比较简单的老师哪些专业",edupromotion
" 网上还是？",edupromotion
" 需要读多长时间",edupromotion
" 我问了好几家都说只有本科有，专科没有",edupromotion
" 新疆不是也设了考点吗？",edupromotion
" 如果是成人大专呢",edupromotion
" 有山西这边接待的老师吗",edupromotion
" 那就麻烦您帮我介绍一下专业吧",edupromotion
" 现在还可以考这个教师资格证是吗",edupromotion
" 请问思想政治教育专业可以插本哪些学校呢",edupromotion
" 想了解下贵司是负责什么",edupromotion
" 对。是否需要教师证？",edupromotion
" 我在考虑中大新华还是华商还是吉珠还是华珠",edupromotion
" 学费多少",edupromotion
" 您介绍一下",edupromotion
" 那得几年呢",edupromotion
" 需要入学考试吗",edupromotion
" 我教会计专业，教职业中专可以，可也要考教师证吗？",edupromotion
" 年龄限制多少岁",edupromotion
" 想学心理健康教育专业，你们开班了么",edupromotion
" 不是说要扣那个诚信分吗？",edupromotion
" 那个诚信分扣了会怎样？",edupromotion
" 全日制的 有吗",edupromotion
" 我现在 在你看来 是不符合条件吗",edupromotion
" 请问广州自考有计算机科学与技术专业吗",edupromotion
" 今年是一个专业吗",edupromotion
" 有好建议？想读完能有好工作",edupromotion
" 刚一开始问的时候为啥不讲叻",edupromotion
" 学完有护士资格证的吗",edupromotion
" 是晚上吗",edupromotion
" 今年几月份可以呢",edupromotion
" 这个学校你们查过了确实没有问题对吧",edupromotion
" 你们这帮报读的是什么学校",edupromotion
" 你是不是华南理工学院的",edupromotion
" 是全日制的吗 我想咨询本科",edupromotion
" 意思是可以吗",edupromotion
" 学校在哪个位置",edupromotion
" 毕业了有证？",edupromotion
" 你能保证我百分百通过考试吗",edupromotion
" 这个网站可靠吗？",edupromotion
" 对了，这个学历含金量怎么样",edupromotion
" 可以读小学教师的吗？",edupromotion
" 我是外省户口可以在广东考吗",edupromotion
" 大专要多长时间呢？",edupromotion
" 那个专业比较好考？",edupromotion
" 请问广东专插本哪个学校好好",edupromotion
" 那分数线是多少",edupromotion
" 那3门？招生分数多少？",edupromotion
" 问一下 你们这个中医学业余形式的  本科毕业后给的是毕业证还是学士学位证",edupromotion
" 麻烦老师介绍一下！",edupromotion
" 工商管理，市场营销，像这两科拿证要多久",edupromotion
" 本科就不用考试是吗？",edupromotion
" 深圳有没有自考法律系的院校",edupromotion
" 华南师范招生吗",edupromotion
" 自考哪个专业最简单呢",edupromotion
" 都要多少分啊",edupromotion
" 非师范生可以考？",edupromotion
" 是自考的还是",edupromotion
" 什么培训机构",edupromotion
" 我想问一下这是网上授课的吗",edupromotion
" 还可以考小学的吗？",edupromotion
" 通过你们这个平台考教师资格证几率有多大",edupromotion
" 我想问多少年拿到毕业证？",edupromotion
" 广州美术学院是怎样的呢",edupromotion
" 有什么专业呢？",edupromotion
" 分别是哪三个授课点啊",edupromotion
" 不是，我是想知道成考过后可以和统招一起上课和生活吗",edupromotion
" 我在深圳，应该还没受限吧？",edupromotion
" 要求年龄吗",edupromotion
" 上课形式是什么",edupromotion
" 你们机构在那里？",edupromotion
" 专升本，土木工程专业几年毕业？",edupromotion
" 这个的话具体要考一些什么课程",edupromotion
" 价格多少",edupromotion
" 没基础学是不是很费劲和钱呢",edupromotion
" 几个月能拿证吗",edupromotion
" 我想知道你是哪个机构",edupromotion
" 技校高级工证等同于大专对吧！可以直接报本科吧！",edupromotion
" 想了解一下广东省有哪些学校是招专插本的",edupromotion
" 哪种学历含金量高",edupromotion
" 学费多少",edupromotion
" 你好，请问2019年五邑大学专插本的专业有什么啊?",edupromotion
" 不是先考普通话，再能考面试吗",edupromotion
" 您不是自考办的？？？",edupromotion
" 专升本必过吗？",edupromotion
" 我一想问一下补录会不会录取得到呢？",edupromotion
" 我大专读的是金融类的，保险专业，本科可以报工程造价与管理这一类的吗？",edupromotion
" 成人高考要多少分",edupromotion
" 網絡課程怎麼上的?",edupromotion
" 全日制需要读几年?",edupromotion
" 有什么专业建议呢",edupromotion
" 你好，我是刚刚咨询学校内的宿舍租房，目前是学生。想问一下你们学校的宿舍或公寓的房出租吗？我想咨询一下",edupromotion
" 计划招多少人呢？",edupromotion
" 请问你这里是哪个机构？",edupromotion
" 走什么专业可报",edupromotion
" 不是必须要人事关系所在地吗",edupromotion
" 专插本你们的通过率高吗，会很难吗",edupromotion
" 谢谢学校都是全日制的吗",edupromotion
" 这个级别对以后教师的工资有区别吗",edupromotion
" 教师资格证是只考一次吗？",edupromotion
" 2019年的教师资格证笔试请问是什么时候？",edupromotion
" 帮忙介绍一些吧。",edupromotion
" 有学习英语专业吗",edupromotion
" 可以选技校吗？",edupromotion
" 请问这些都是需要本人去考试的是吗",edupromotion
" 老师你好，插本的话是不是选择自己目前所学专业胜算大一点",edupromotion
" 广东有哪些插本学校",edupromotion
" 异地报考，必须缴纳社保满6个月？",edupromotion
" 怎么会有3次呢？",edupromotion
" 2019年会招收什么专业",edupromotion
" 我想咨询一下行政管理专科考试难吗",edupromotion
" 想去上课就可以去？",edupromotion
" 是不是满十八岁都可以",edupromotion
" 我问问2019年最早报考的地方",edupromotion
" 你这个是什么学校呢？",edupromotion
" 你介绍一些吧",edupromotion
" 想问有什幺专业",edupromotion
" 有什么专业？",edupromotion
" 你好，惠州报考教师资格证面试是不是得是惠州户口才能办理",edupromotion
" 需要开专科在读证明吗？",edupromotion
" （城镇有害生物综合治理）这个有吗？",edupromotion
" 在哪里报考啊，有没有培训",edupromotion
" 自考专升本，计算机专业怎么收费的",edupromotion
" 我想问自考本科 可以改不同的专业吗",edupromotion
" 中技属于高中吗？",edupromotion
" 你是茂名的吗？",edupromotion
" 我想问问你学校有机电一体化专业吗",edupromotion
" 只要交了钱，肯定审核那能过吗？我就是劳动关系那不行，学历什么的都符合的",edupromotion
" 我有东莞社保，满六个月现在差不多12个月了，只是没有给我交社保那个单位的合同",edupromotion
" 您号，想了解本科，有美术学这个专业吗？",edupromotion
" 请问你们是培训机构还是？",edupromotion
" 请问是叁加自考，还是学校考试，毕业证是那个学校的？",edupromotion
" 你们的培训机构在深圳那个地方？",edupromotion
" 是需要去读的吗？",edupromotion
" 你们是什么机构",edupromotion
" 你是网校的老师？",edupromotion
" 不是生源地，外地可考教师资格证吗",edupromotion
" 这个专业可以直接升药学专业的本科吗？",edupromotion
" 是不是要等到毕业才能考的",edupromotion
" 请问报考高职大专教师资格研究生就可以了，是吗？",edupromotion
" 初中毕业不可以吗",edupromotion
" 专升本需要多长时间能拿证？",edupromotion
" 可以介绍一些专业吗？",edupromotion
" 在广东省报考教师资格证但是户籍不在广东省可以吗",edupromotion
" 有什么学校可以报呢",edupromotion
" 你们是机构来的吗",edupromotion
" 这个拿到的证是函授的还是国家认可的",edupromotion
" 要每天都去学习吗？",edupromotion
" 这些要一级一级的考吗",edupromotion
" 是否能报呢？",edupromotion
" 可以 免考数学英语 有什么专业",edupromotion
" 星海舞蹈专业可以报吗",edupromotion
" 有什么学校",edupromotion
" 可是你页面上写的不就是大牛教育吗",edupromotion
" 国考考试？",edupromotion
" 师范和非师范一样的考试题目么",edupromotion
" 小学的最简单是吧",edupromotion
" 那成人大专入学考试是考什么呢",edupromotion
" 那毕业证上的身份证与我报考插本的身份证不符也没影响吗",edupromotion
" 信息还没发我呢",edupromotion
" 有哪些本科学校可报的呀",edupromotion
" 你好有数控学吗？",edupromotion
"大专 要读几年",edupromotion
" 都有哪些专业",edupromotion
" 广财有这个专业吗",edupromotion
" 有哪些专业？",edupromotion
" 你好在吗？我想询问下，成人本科毕业证算是全日制的吗",edupromotion
" 确定台湾人可以考？？",edupromotion
" 我就想知道插本需要考什么科目",edupromotion
" 初中可以报考广东财经大学吗？",edupromotion
" 高职高考现在每一年都只有一次吗",edupromotion
" 有影视表演吗",edupromotion
" 从什么时候开始上课？",edupromotion
" 学费按学期交，还是怎么",edupromotion
" 行政管理好学吗",edupromotion
" 有不用考试的吗",edupromotion
" 为什么老师给我细细的说明下老师",edupromotion
" 国家承认吗？",edupromotion
" 整个广东省的高校教师资格证不应该通用吗",edupromotion
" 电子信息工程有吗",edupromotion
" 报名大概要几年后再来说吧",edupromotion
" 咨询那些不需要收费那些吧😂",edupromotion
" 我想问一下就是我是上半年的教师资格证我下半年认定过了证前几天拿到了 可是网上查询显示证书不存在 这是怎么回事",edupromotion
" 有什么比较快能拿到的",edupromotion
" 中国医科大药学专业本科还招人吗？",edupromotion
" 有没有口腔的",edupromotion
"自考 是需要通过考试被录取才能读的嘛",edupromotion
"大专 毕业有没有毕业证",edupromotion
" 我是辽宁这边的 可以报么",edupromotion
" 成考跟自考有什么区别",edupromotion
" 非全日制大专也可以报考教师资格证考试吗",edupromotion
" 你好，我想了解下专插本的学校和专业有哪些",edupromotion
" 专插本的医学生要考什么科目呀？",edupromotion
" 小学教师资格证分科目吗？",edupromotion
" 是的！请问如果笔试过了！如何进行面试！",edupromotion
" 可报考执业医师吗",edupromotion
" 麻烦问一下，教师证如何考，考几科，",edupromotion
"专升本 根据您的经验哪个专业容易考呢",edupromotion
" 可以学建筑专业吗？",edupromotion
"自考 统招 毕业证不一样？",edupromotion
" 有关于房地产这方面的专业吗",edupromotion
" 我已40岁还可以报？",edupromotion
" 一般本科要读几年啊",edupromotion
" 你有咩好推荐啊？我本身大专是会计学的，但有点想转专业。",edupromotion
" 大成人大专和本科的区别",edupromotion
" 不是我想问一下，文科都有哪些？",edupromotion
" 因为都说插本很难，成功几率几乎为零，更何况跨专业",edupromotion
" 大专学几年",edupromotion
" 公司要第一学历档案，函授毕业是不是没有",edupromotion
" 我想问下华南理工有成人高考吗",edupromotion
" 我想请问下您 华南理工的成绩是多少呢",edupromotion
" 华南理工不是985 211么",edupromotion
" 有没有电气工程及其自动化这个专业",edupromotion
" 老师还在吗？请问我这个中专的要是升到本科需要多久几年",edupromotion
" 请问你们学校有自考本科吗",edupromotion
" 你好，请问暨南大学有没有金融学可以报。",edupromotion
" 教师资格证是嘛",edupromotion
" 你是说其他时候不上课吗",edupromotion
" 有协议班吗",edupromotion
" 请问这里有全日制本科吗",edupromotion
" 女生学什没好？",edupromotion
" 初中学历呢",edupromotion
" 现在大专不能考初中是吗",edupromotion
" 请问在有广州电气自动化培训的课程吗",edupromotion
" 哪里的学校",edupromotion
" 有计算机吗，我大专",edupromotion
"教师证 幼儿园或小学，能分析下么",edupromotion
" 暨南大学 金融管理目前还在招生吗",edupromotion
" 。普宁市电大国家认可吗？",edupromotion
" 介绍一下",edupromotion
" 请问老师，那个学校的专插本通过率高",edupromotion
" 需要在档案更改专业吗",edupromotion
" 你是机器人？",edupromotion
" 我问你是不是人机",edupromotion
" 专升本读多少年",edupromotion
" 有什么推荐的",edupromotion
" 你确定英语专业可以报考三次?",edupromotion
" 有会记的吗？",edupromotion
" 请问湖南户籍可以在东莞考教师证吗",edupromotion
" 我想问下汕头有哪个学校能读专插本的",edupromotion
" 毕业几年了还可以考专插本吗",edupromotion
" 拿的毕业证是不是就成了广东工业大学的毕业证了？",edupromotion
" 中山大学有哪些专业呢",edupromotion
" 意思是说，中山大学已经不可以了 是吗",edupromotion
" 都有哪些专业",edupromotion
" 我想问下，半工半读，要多长时间拿证",edupromotion
" 哪个专业好学好考报哪个吧",edupromotion
" 这样吗，对了，有今年的准考证图片给我看下吗",edupromotion
" 没有身份证原件可以的嘛",edupromotion
" 找人帮忙去提交材料，没有申请人身份证原件可以的吗？有复印件",edupromotion
" 那要去考几次？",edupromotion
" 你们不是机构？",edupromotion
" 你们是培训机构吗？",edupromotion
" 自考网络班的话 毕业证书会有不同吗",edupromotion
" 是否要重新办理准考证吗",edupromotion
" 我档案在广东，户口在湖南，能到广东报考教师资格证吗？",edupromotion
" 一般都有什么专业",edupromotion
" 是的，但是我这边已经在其他的机构办理过成考，现在能从其他地方报读？",edupromotion
" 注册是指？",edupromotion
" 广州这边有吗？",edupromotion
" 我想问一下，今年的广金有什么专业",edupromotion
" 我想问2019年3月广东技术师范大学是择优录取还是过分就录",edupromotion
" 成人大专有啥报考专业？",edupromotion
" 不过毕业时候是否可以拿到毕业证和学位证吗？",edupromotion
" 广东技术师范大学专插本有什么专业",edupromotion
" 还有成人高考，这三样哪种含金量高一点，我不怕考试",edupromotion
" 华南师范有什么专业",edupromotion
" 想知道广东有哪些本科学校有心理专业",edupromotion
" 残疾人能提升学历吗",edupromotion
" 张老师，它什么时候有通知书啊",edupromotion
"教师证 有没有跟我们警察公务员一样。分市级省级国级的？",edupromotion
" 读两年就可以拿到毕业证吗",edupromotion
" 广东省是国考还是省考",edupromotion
" 专科几年？本科几年毕业",edupromotion
" 是需要在校上课吗",edupromotion
" 还要上学？",edupromotion
" 概率多大",edupromotion
" 有工程经济专业吗",edupromotion
" 难考么",edupromotion
" 不提升大专可以直接考吗？",edupromotion
" 你好，我想查有什么专业？",edupromotion
" 广东是统考吗",edupromotion
" 大学学历考的都是什么啊",edupromotion
" 音乐的有吗？",edupromotion
" 专插本，法律专业，广东省有那些学校？",edupromotion
" 我们是什么院校",edupromotion
" 比如什么医科大学这种",edupromotion
" 五邑大学有没有",edupromotion
" 今年五邑有招环境设计是吗？",edupromotion
" 有哪些专业吗",edupromotion
" 老师，你是肇庆学院的老师吗",edupromotion
" 广技师今年能跨专业吗",edupromotion
" 招会计的插本学校有哪几间",edupromotion
" 请问艺术类的话有什么",edupromotion
" 怎么我看到今年出来的五邑大学没有会计的招生呢？",edupromotion
" 我大专的专业会影响本科专业的选择吗",edupromotion
" 你们教学点在哪里",edupromotion
" 就是现在香港身份证是报考不到教师资格证？",edupromotion
" 考教师证有什么好",edupromotion
" 报中职的话是不是有很多专业术语师范专业",edupromotion
" 广体接受专插本?",edupromotion
" 有计算机专业的吗",edupromotion
" 请问老师，消息可靠吗",edupromotion
" 我想问一下，今年 园林 的专业有哪些院校在招生",edupromotion
" 为什么在北师珠的官网",edupromotion
" 是有什么专业选的呀",edupromotion
" 你好，我想请问2019年华南师范大学专插本专业有哪些？",edupromotion
" 你们会有考前提示的吗",edupromotion
" 老师，请问嘉应插本可以跨年专业嘛",edupromotion
" 这个学校专插本有插商务英语专业的吗老师",edupromotion
" 我打算过两年再考专插本，往届生能报吗",edupromotion
" 你们机构是哪里的？",edupromotion
" 我上去查的时候还没有呢？200年，但没有录入网上。",edupromotion
" 今年的成考华师的录取分数线是多少呀",edupromotion
" 属于哪种大专",edupromotion
" 介绍一下吧。。。",edupromotion
" 考试难吗",edupromotion
" 最近的考试在哪里",edupromotion
" 专插本，大专学前教育专业，能报考汉语言文学专业吗？",edupromotion
" 是中山大学自考吗",edupromotion
" 我这样回去江苏还能继续考吗？而且江苏省三月份的笔试要求上说只给师范生和补考生考",edupromotion
" 有什么区别呢",edupromotion
" 今年是不是广州体育学院接受专插本了？",edupromotion
" 有年龄上限吗",edupromotion
" 到时考试是怎么考的？",edupromotion
" 希望您能帮我介绍一些",edupromotion
" 不知道有啥专业",edupromotion
" 全职妈妈但是户籍是外省的可以报考吗",edupromotion
" 有哪些学校",edupromotion
" 以后呢？",edupromotion
" 你这里只能报东莞的吗？还是广东省内其他地区也可以",edupromotion
" 为什么我咨询的别的机构是可以一年有点又是一年半",edupromotion
" 不是说是要国家认可的专科学历么？",edupromotion
" 考专科几年",edupromotion
" 学习医学有什么专业？",edupromotion
" 电脑这一类的有什么专业？",edupromotion
" 有哪些专业可以选呢？",edupromotion
" 哪里的招生办",edupromotion
" 是成人高考吗？",edupromotion
" 考过一次了，但有门没过，是不是可以补考啊",edupromotion
" 嗯，那个培训是在暨南大学里面？",edupromotion
" 需要多久考到大专证书",edupromotion
" 还有什么学校可以跨专业招人呢 师范专业那种（英语 小学教育 学前教育 类）",edupromotion
" 中山大学可以吗",edupromotion
" 报名是截止到今天吗",edupromotion
" 国家承认学历吗",edupromotion
" 请问转专业的通过率高吗？",edupromotion
" 快速的最快多久？",edupromotion
" 证书都能查到吗？",edupromotion
" 非师范不能报考？",edupromotion
" 老师，你觉得韶关学院的行政管理录取几率高吗？",edupromotion
" 专插本可以换专业？",edupromotion
" 他怎么有两个分数线",edupromotion
" 问题是没信号，你发的通吗？",edupromotion
" 没有普通话证，能先考幼师资格证然后再考普通话吗",edupromotion
" 高技可以升本？",edupromotion
" 就是不懂报什么专业呢",edupromotion
" 要读多少年呢",edupromotion
" 韶关学院的录取分数线是多少啊",edupromotion
" 难度大吗",edupromotion
" 培训班怎么收费的",edupromotion
" 什么是成人高考和普通高考",edupromotion
" 您这边有没有和中山大学合作的呢",edupromotion
" 我听说哪个中山大学的入学考试很难",edupromotion
" 有没有学习美式英语的课",edupromotion
" 有平面设计专业么",edupromotion
" 行政管理大概要多久",edupromotion
" 你是机器人么",edupromotion
" 不是要上课的么",edupromotion
"教师证 是不是初中比小学的难考些？",edupromotion
" 请问自考与专升本有什么区别",edupromotion
" 自考学前教育专科不算吗",edupromotion
" 考试如果不过呢？",edupromotion
"教师资格证 学历太低，无法报考吗",edupromotion
" 除了暨南大学，广东还有哪个学校是全日制的呀",edupromotion
" 你们有哪些专业课程",edupromotion
" 有什么专业",edupromotion
" 应届生，专业科考你选的本科院校的题目吗？",edupromotion
" 专插本的毕业证是全日制的吗",edupromotion
" 有没有社会工作这个专业",edupromotion
" 可报考口腔执业吗",edupromotion
" 现在还有什么学校？",edupromotion
" 专插本录取了是要去上课吗",edupromotion
" 那管理专业呢",edupromotion
" 要成人的吗",edupromotion
" 南方医科大学能自考？",edupromotion
" 我就想挂一个没时间去读可以不",edupromotion
" 大专和本科有什么区别",edupromotion
" 那统考是考？",edupromotion
" 不分学历吗",edupromotion
"教师证 考小学的，难考吗",edupromotion
" 我读英语专业的呢",edupromotion
" 你是机器人还是真人呀？",edupromotion
" 艺术设计是学什么的，以后是做什么的？",edupromotion
"专插本 几月份考试呢",edupromotion
"专插本 广东药科大学中山校区有吗",edupromotion
"专插本 有啥学校可以选择的吗",edupromotion
" 我想问一下，行政管理主要是做什么的？",edupromotion
" 读人力资源管理可以插本师范？",edupromotion
" 大专是两年吗",edupromotion
" 能直接考本科吗",edupromotion
"教师证 广东省可以吗",edupromotion
"自考本科 那要多久啊",edupromotion
" 所谓的自考是不是全日制助学班是不是没有老师上课然后学生自学毕业了也没有档案这些",edupromotion
" 都有什么专业",edupromotion
" 不是考教师资格证的吗",edupromotion
" 你们学校专插本一年招多少学生",edupromotion
" 自考大专有英语专业吗",edupromotion
" 有什么专业呢",edupromotion
" 网络教育吗",edupromotion
" 我要上班有没有适合我的上课时间",edupromotion
" 请问我可以边上班边考统招本科或者大专",edupromotion
" 学校办班，还是机构办班",edupromotion
" 自考明年改革什么情况",edupromotion
" 你这边是学校还是",edupromotion
" 什么专业都可以吗",edupromotion
" 全日制本科，上班族，1988.12出生，还可以报么",edupromotion
" 是自考还是成教呢？因为主要是周六日可以去学习，想要学到东西为主，学历是次要的",edupromotion
" 上课时间一般是周六周末吗？",edupromotion
" 国家开放大学与广东开放大学区别在哪里",edupromotion
" 有网上的自考培训课程吗",edupromotion
" 专插本考的是全日制吗",edupromotion
" 噢。那请问老师有可能可以考到小学的嘛",edupromotion
" 我想了解插本的专业有哪些",edupromotion
" 你好电大文凭国家认可吗",edupromotion
" 可以报考技校的吗",edupromotion
"教师证 我在上海参加笔试，然后再回湖南参加面试行吗？",edupromotion
" 你们自考本科有没有物流管理专业",edupromotion
" 专插本具体是怎样的",edupromotion
" 你是机构还是自考办？",edupromotion
" 教育局批文有不",edupromotion
" 请问有什么专业可以插",edupromotion
" 哪个学校可以跨专业的呢",edupromotion
" 要是专插本考上了是不是要重新在全日制学校读多两年",edupromotion
" 自考是报金融管理比较好吗",edupromotion
" 什么是自考",edupromotion
"教师证 嗯~是不是陕西的非师范专业限考了",edupromotion
" 你好 我想问一下本科要多久",edupromotion
" 听说现在深大不找专科了是嘛",edupromotion
"深圳大学 专科不招了是真的吗？什么时候的事啊",edupromotion
" 不知道读什么专业",edupromotion
" 你们这里有专插本培训吗",edupromotion
" 老师是培训班的吗",edupromotion
" 中医在哪个学校有",edupromotion
" 老师学校叫什么？",edupromotion
"教师证 能教初中吗？",edupromotion
"专插本 问题是她读3、2分段的，学前教育，只能报考对接的本科和专业吗？",edupromotion
" 比较好考的专业",edupromotion
" 广东财经大学全日制的还有招生吗",edupromotion
" 有什么专业比较易过的？",edupromotion
"教师证 财务会计教育专业 专业有关系吗",edupromotion
" 可以发这边吗",edupromotion
" 自考是全日制的嘛",edupromotion
" 请问学校有开设培训班吗",edupromotion
"自考 不是函授么？",edupromotion
" 我英语不好，哪个专业相对容易一点？",edupromotion
" 提升大专需要多久时间",edupromotion
" 东莞理工学院有什么专业",edupromotion
" 其实我还想问一下 交通运输 这个专业的前景如何？",edupromotion
" 你好，广东开放大学取得毕业证书在真的吗？",edupromotion
" 这个有哪些专业可以选",edupromotion
" 我无法到广州上课，对学习有影响吗？",edupromotion
" 2b学校都是可以跨的吗",edupromotion
" 我问一下你们是函授还是全日制",edupromotion
" 难道大专还可以换专业吗？",edupromotion
" 成人高考考不过怎么办",edupromotion
" 请问广州中医药有自考？",edupromotion
" 有什么课程",edupromotion
" 我想问下，主考学校错了可以改吗",edupromotion
" 您介绍一下吧",edupromotion
"教师资格证考试 你怎么知道我符合",edupromotion
" 有那种形式",edupromotion
" 你好，我想了解你一下你们有美术专业吗？",edupromotion
" 有没有好读一点的，您介绍一下",edupromotion
" 颁发证书？",edupromotion
" 这个学历国家承认的不？",edupromotion
" 你好，有养老护理课程吗",edupromotion
" 有什么学校",edupromotion
" 想了解高考完分数没有达到本科线怎么申请专升本",edupromotion
" 请问有什么科目啊？",edupromotion
" 老师你好，请问招汉语言文学这个专业的学校有哪些",edupromotion
" 建筑工程需几年？工程管理是监理吗？",edupromotion
"专插本 有什么学校呢",edupromotion
" 老师有什么介绍的吗",edupromotion
" 意思是说现在可以先考学位英语，等我四科考完后就可以申请是吗？",edupromotion
" 意思是说考过学位英语要在一年之内申请毕业是吧",edupromotion
" 需要怎么转公共课成绩",edupromotion
" 本科是什么意思",edupromotion
" 但是我想拿学位 主干课程平均分差一分 我可以再重考其中一科吧？",edupromotion
"教师证 如果是师范的非全日的以后可以报吗?",edupromotion
" 你说的都是自考的吗？",edupromotion
" 想咨询能大专本科一起的吗",edupromotion
" 还是觉得你们没有一个处理这种情况的办法，对学员没有什么保障",edupromotion
" 有校长培训吗？",edupromotion
"考研 大专不是可以吗？",edupromotion
" 我可以问问有没有中医专业",edupromotion
" 老师介绍一下",edupromotion
" 有什么专业呢？",edupromotion
" 有软件开发吗",edupromotion
" 线下是去哪里上的呢",edupromotion
"老师 你有介绍吗",edupromotion
" 我想知道广西承认专升本吗？",edupromotion
" 高中还能直接升本科吗",edupromotion
" 你好，我想问一下东莞或者广州有哪些学校可以专插本的？",edupromotion
"毕业证书 我冒昧问一下，这样不会是假的吗？",edupromotion
"高中 不用读专科再到本科吗",edupromotion
" 怎么报考",edupromotion
" 自学考试与成人高考有什么区别",edupromotion
" 我想问一下都是高升专和高升本吗？？  没有专升本吗",edupromotion
" 暨南大学没有艺术设计专业么？",edupromotion
" 成人大专，需要上课的吗",edupromotion
" 我考教师资格证的话能教什么学科",edupromotion
" 就是插本也是可以换其他专业的么？",edupromotion
" 我想问一下，自考是怎么考的，要多少分数才能录取？",edupromotion
" 非师范的为什么是最后一年",edupromotion
" 请问你们学校需要怎么考试之类的啊。",edupromotion
"入学考试 还想问一下看到的三课八十分是一共吗？",edupromotion
" 如何报读",edupromotion
" 有哪几个专业可以报",edupromotion
" 请问广州美院学院在深圳有函授点吗？",edupromotion
" 中专考本科 是需要 专本一起考吗",edupromotion
" 计算机的一般有什么专业",edupromotion
" 请问还可报读吗？",edupromotion
" 我想知道的是中山大学有没有药学函授本科",edupromotion
"艺术类 有什么专业",edupromotion
" 专科不可以升本科了吗？",edupromotion
" 跨专业报可以吗",edupromotion
" 医学有多少种专业",edupromotion
" 那本科也是业余的是吗？就是考研后证书……？",edupromotion
"管理类 有哪些专业可以选？",edupromotion
" 好像有教师资格证后，还要个上岗证是吗",edupromotion
" 这种跨专业。省统考是一样的题目。但是学校出的题目。我是跨专业。假如报了金融类。他是给我出金融类题目来考吗。那这样的话。根本不会",edupromotion
" 成人高考是先报学校再考试吗？",edupromotion
" 这个是自考吗？",edupromotion
" 多长时间可以接到短信",edupromotion
" 大专是成人考吗",edupromotion
" 请问是什么学校的？",edupromotion
"补录 那录取的机率高吗",edupromotion
" 就是需要了解那个商务英语自考 里面的第二外语日语 你们有没有在线课单独",edupromotion
" 南宁电大是去学校读书还是在家上网络课？",edupromotion
" 中间要一直上课吗",edupromotion
" 请问WEB前端属于什么专业？",edupromotion
" 自考中山大学不招生了吗",edupromotion
"成人教育 哪个比较简单容易过，时间又短呢？",edupromotion
"函授本科 国家承认不？",edupromotion
" 广东白云学院专插本英语专业专业课要用的书本是？",edupromotion
" 现在石基成校可以考保育证吗",edupromotion
" 这不是成人学校？",edupromotion
" 不好意思我是学生家长，想了解贵校的资料，发信息比较慢",edupromotion
" 石基成校可以考保育证吗",edupromotion
" 你好，请问专插本广技师的招生办老师嘛？我想问一下学理科专业能插文科金融专业嘛？可以跨专业嘛？",edupromotion
"自考 含金量怎么样",edupromotion
" 请问没读过高中读大专有难度吗",edupromotion
" 想问园林系的专插本",edupromotion
" 那详细的成绩明细怎么查看呢",edupromotion
" 想问下不是师范专业可以报考吗",edupromotion
" 报考教师资格证要多久拿到证哦",edupromotion
"自考 但是我等下考不上不是没用吗？",edupromotion
"全日制 多久毕业打砖",edupromotion
"证书 学信网可以查吗",edupromotion
" 星期六日上课得吗",edupromotion
" 今年专插本的专业出了嘛？",edupromotion
" 请问你什么时候发2019招生的信息给我啊",edupromotion
" 您那边需要直接培训吗？",edupromotion
" 有啥专业呢？",edupromotion
"教育类 那可以报考哪个专业",edupromotion
" 全天制的吗",edupromotion
" 还有就是我想问一下是不是得先考试",edupromotion
" 是，听说初中也可以考小学的是吗",edupromotion
" 现在是上班族，哪一种比较适合我呢？",edupromotion
" 我想知道都有哪些专业",edupromotion
" 幼师需要考什么科目",edupromotion
" 你好！请问幼师可报考教师资格证吗？",edupromotion
" 什么专业都有吗",edupromotion
" 你们有学位吗 ？",edupromotion
" 考了教师资格证就一定可以当老师吗？",edupromotion
" 行政管理是哪方面的",edupromotion
" 你们有什么专业？",edupromotion
" 那我想知道分数线多少",edupromotion
" 高中科目里面，语言类的就只有英语对吗？",edupromotion
" 哪个学校比较容易考",edupromotion
" 读几年才可拿到毕业证",edupromotion
" 高中文凭可以升本科么？还是高升专，在升本",edupromotion
" 有什么关于医学专业的吗",edupromotion
" 可以直接拿证吗",edupromotion
" 在广州哪个区",edupromotion
" 要专业对口才能报吗",edupromotion
" 都有什么专业呀",edupromotion
" 你好，我想请问一下嘉应学院专插本只收师范生吗",edupromotion
" 自考本科是全日制吗",edupromotion
" 短信你们会立马发过来吗",edupromotion
" 行政管理有招生吗",edupromotion
" 现在这个是什么学校呢",edupromotion
" 中专不能升本是吧",edupromotion
" 特别在复试，导师会不会不想要",edupromotion
" ，能读其他的？",edupromotion
" 你好，韶关广播电视大学有工商管理学吗？",edupromotion
" 入学考试必须是去院校所在地吗",edupromotion
" 老师中专在职工作可以报考教师证吗",edupromotion
" 学校是全日制的还是",edupromotion
" 中专升大专需要考试吗",edupromotion
" 那大专可以选其他专业吗",edupromotion
" 带学位吗",edupromotion
" 要读几年？",edupromotion
" 有辅导班吗",edupromotion
" 初中毕业证可以进修什么",edupromotion
" 我大专是读建筑专业的，你觉得我插本的话，报什么专业好",edupromotion
" 读专升本的学校 是读几年呢",edupromotion
" 贵校有心理学课程吗",edupromotion
" 专升本可以申请考研吗？",edupromotion
" 我就是想问问您清不清楚工业设计专业属于哪一类",edupromotion
" 我现在学是不是迟了？",edupromotion
" 自考是脱产不？",edupromotion
" 请问一下中医中专，想上大专可以吗",edupromotion
" 报读大专需要考试吗",edupromotion
" 报读学信网可查到我被院校录取吗",edupromotion
" 有心理学自考吗",edupromotion
" 中专可以直接报考华南师范大学自考么？",edupromotion
" 那提升大专要多久时间",edupromotion
" 有没有华南师范大学的数学教育的本科",edupromotion
" 有没有老师辅导",edupromotion
" 中专考大专是考什么科目",edupromotion
" 大专有什么专业?",edupromotion
" 大学有什么专业",edupromotion
" 开学前需要考试嘛",edupromotion
" 初中能不能报计算机专业的",edupromotion
" 什么是在职人员？",edupromotion
" 老师贵校专插本有什么专业",edupromotion
" 咱们这学信网能查到吗",edupromotion
" 这个证书国家认可吗",edupromotion
" 是要去学校读吗还是",edupromotion
" 请问番禺职业学院有没有成人大专",edupromotion
"专科 大专 有什么区别",edupromotion
" 有心理学的吗",edupromotion
"初中 考 大专 本科 不用先考中专？",edupromotion
" 需要考试吗",edupromotion
" 我可以学英语专业吗？",edupromotion
" 中专升本科学历大概要多长时间？如何收费",edupromotion
" 广州，需要要营销。市场策划方面有吗？",edupromotion
" 潮州 师范类有哪些 理工科呢",edupromotion
" 请问有商务英语吗",edupromotion
" 多少分过",edupromotion
" 大专时间太久，我目前没有那么多时间",edupromotion
" 有物业管理专业吗",edupromotion
" 请问是否有校长证的培训申请",edupromotion
" 医学专科升本外科的可以报那些学校呀？老师",edupromotion
" 老师，自考华南师范学前教育本科的话，有多少科目啊？这个算是难考的自考本科科目吗？",edupromotion
" 需要实习吗？另外或者汉语言文学",edupromotion
" 报名点在哪里",edupromotion
" 一定是全名吗",edupromotion
" 什么时候公布录取结果？",edupromotion
" 学几年",edupromotion
" 如果英语水平达到四级的话，是否拿到学士学位证？",edupromotion
" 那专业套读，多长时间",edupromotion
" 请问自考本科 哪个专业更容易过呢",edupromotion
" 考试是都要去广州考吗",edupromotion
" 请问19年哪个院校有招化学专业的呢",edupromotion
" 大专和本科的这个专业有什么区别",edupromotion
" 可以先发给我看一下吗",edupromotion
" 是学习本科 还是大专比较方便",edupromotion
" 你这边是招生办的老师吗？",edupromotion
" 你们是学校，哪个学校？",edupromotion
" 可以参加编制考试吗",edupromotion
" 总分是多少？多少分录取？",edupromotion
" 老师，专插本要拿到毕业证才可以读还是？",edupromotion
" 可以跨专业嘛？",edupromotion
" 我之前有去问过教育厅，里面的工作人员说还不用那么着急",edupromotion
" 九年以前考的，成绩单。不知现在继续考完的话，不知还有用不？谢谢老师！",edupromotion
" 全日制吗？",edupromotion
" 参加成人高考要多少分才能入读",edupromotion
" 你们是在学校上课的还是哪种",edupromotion
" 需要天天上课吗",edupromotion
" 请问这个专业可以报考贵校的汉语言文学专业吗",edupromotion
" 广州体院招吗？",edupromotion
" 这么大年龄考了，还可有学校请吗？",edupromotion
" 如果全程代考一年多少",edupromotion
" 有没有长沙那边的学校",edupromotion
" 请问大专读几年",edupromotion
" 需要执业医师证吗？",edupromotion
" 哪个更被学信网所认可？",edupromotion
" 有中山大专科吗",edupromotion
" 中山大学要考试吗",edupromotion
" 现在能大专专业嘛？",edupromotion
" 其他行业毕业的可以参加老师考试吗？",edupromotion
" 教学质量怎么样",edupromotion
" 可以直接升硕吗",edupromotion
" 两者区别大吗",edupromotion
" 你们学校外招生办有一个姓肖的老师吗",edupromotion
" 春季有招生吗",edupromotion
" 中专   18岁     是要自己考是吧？我想出去工作1到2年再去读书",edupromotion
" 还有函授被认同吗？？以后",edupromotion
" 现在什么专业报的人多？",edupromotion
" 电大是开放式的，对吗",edupromotion
" 你们这个是全日制本科吗",edupromotion
" 是私立吗",edupromotion
" 教师资格证考试是一样的嘛，不分专业？",edupromotion
" 有什么专业呢",edupromotion
" 是的，请问我女儿大专，学前教育，请问想专插本，可以转专业吗？",edupromotion
" 报班一般多久通过",edupromotion
"教师证 有没有比较好考一点的",edupromotion
" 教师资格证考试每年只有一次吧？",edupromotion
" 有什么管理类专业",edupromotion
"教师证 现在是分三类吗",edupromotion
" 都有哪些学校的",edupromotion
" 聘请的老师是哪个学校的呢",edupromotion
" 专升本需要专科毕业证书才能拿本科毕业证吗",edupromotion
" 专科报考广外大本科是有免考几个科目是吗",edupromotion
" 请问自考是不是很难毕业的？",edupromotion
" 请问自考护理学可以拿学位吗",edupromotion
" 我想问你华南师范大学有大专的吗",edupromotion
" 女生读什么专业好",edupromotion
"教师证 就两科嘛幼师的",edupromotion
" 你好，请问有幼师资格证，可以直接报考教师资格证吗",edupromotion
" 我现在在房地产开发企业办公室，接触有行政还有会计，权证类型，选什么专业比较好呢",edupromotion
" 有广州美术学院的吗",edupromotion
" 请问有全日制大专学校吗？",edupromotion
" 这边怎么收费",edupromotion
" 现代英语语法专科需要考吗 我看教材是本科的",edupromotion
" 你们的是什么学校的网络教育？",edupromotion
" 我是成人大专的，我能考专插本吗？",edupromotion
" 你们有什么专业课程？我还没了解过",edupromotion
" 老师，有哪些专业可以参考？",edupromotion
" 大专文凭没有大学可以考吗",edupromotion
"专插本 我想问问靠什么",edupromotion
" 如果主考院校已经停了，还可以报吗？",edupromotion
" 四级英语过了还要考英语二么",edupromotion
" 想了解一下有哪些专业？女生",edupromotion
" 有没有偏理科的专业",edupromotion
" 国家认可吗",edupromotion
" 想咨询贵院有没有开设园长培训班？",edupromotion
"专插本 现在可以插班吗？",edupromotion
"专插本 深大给插吗",edupromotion
" 有华南理工吗",edupromotion
" 就文史类插本会比较困难吗",edupromotion
" 您帮我介绍一下吧",edupromotion
" 广东海洋大学有机械类专业吗？是高起本吗",edupromotion
" 有什么专业选",edupromotion
"教师证 考些什么",edupromotion
" 广技师学院有没有专门辅导中期财务会计和成本管理会计",edupromotion
" 全日制自考毕业证和统招是一样的吗？",edupromotion
"教师证 分几个级别?",edupromotion
" 报名和报考是不是不一样的？",edupromotion
" 请问下护理系是在哪个院校",edupromotion
" 插本考试再读2 年吗",edupromotion
" 可以在恩平广播电视大学报读吗？",edupromotion
" 全日制要读多久",edupromotion
" 五邑大学设计专业是不是只招收美术生?",edupromotion
" 请问还有哪些二A学校招收环境设计专业的吗",edupromotion
"专升本 就是国家承认吗",edupromotion
" 请问广工商是今年第一次招生专插本的吗",edupromotion
" 周一到周五是去哪上课？",edupromotion
" 怎么看一个学校能不能跨专业报考的呢",edupromotion
" 我想拿全日制除了参加高考还有其他方式吗",edupromotion
" 自考全日制本科有没有学士学位？",edupromotion
" 广东南方职业技术学院，可以读成人教育吗",edupromotion
" 网上申請了要到地方确認嗎",edupromotion
" 还没仔细了解，刚看到这信息就咨询一下，因为我以前也是师范类毕业的，由于种种原因没去当老师，现在想考回一个资格证，看以后有没有机会再去当教师",edupromotion
" 介绍一下专业",edupromotion
" 高中没有毕业，没有毕业证可以考大专吗",edupromotion
"自考 免试入学？",edupromotion
"非师范生 报考 教师证 还是要参加考试吗？",edupromotion
" 这个要钱吗？",edupromotion
" 论文要怎么申请？、",edupromotion
"管理类 有什么专业",edupromotion
" 请向你是……？",edupromotion
"管理类 嗯，老师您可以帮我分析分析吗",edupromotion
"管理类 哪个专业好",edupromotion
"管理类 或者说你们那边有什么专业可以选择？",edupromotion
"游戏美术类专业 具体名称叫啥",edupromotion
"管理类专业 可以推荐一下吗",edupromotion
" 你们这个是什么APP",edupromotion
" 网上授课吗",edupromotion
" 还要多久毕业？",edupromotion
" 我想问下，可挂学籍快速拿毕业证？",edupromotion
" 广州美术学院环境艺术设计还招考吗？",edupromotion
" 这边是网络教育那种不？",edupromotion
" 如果错过了还可以申请的吗",edupromotion
" 对了。 招生简章可以给我发一下吗",edupromotion
" 自考本科可以考高中教师资格证么？",edupromotion
" 报名点在哪？",edupromotion
"自考 通过率高吗",edupromotion
" 不是说有个专升本科的吗",edupromotion
" 初中毕业能直接报大专吗？",edupromotion
" 你的位置在那里",edupromotion
" 就是有入学考试 对吧",edupromotion
" 专升本想去学校读有没有",edupromotion
" 毕业之后再报考不可以吗",edupromotion
" 几年毕业拿到证",edupromotion
"教育类 有什么专业",edupromotion
" 一般几点去上夜课的",edupromotion
" 你好，请问成考华南师范的英语专业的业余有方向的吗",edupromotion
" 怎么选择翻译方向？？",edupromotion
"自考 入读要参加考试的吗",edupromotion
" 暨南大学有金融学这个专业吗",edupromotion
" 北理珠2019的招生计划不是还没出吗",edupromotion
" 请问老师，有什么专业",edupromotion
" 你们有工程管理专业？",edupromotion
" 因为读的是成人大专，所以想问，如果我考了教师资格证后能不能参加统考，成为正规教师",edupromotion
" 今年专插本的专业有哪些？",edupromotion
"自考 入学 要考试的嘛",edupromotion
"教师资格证 能不能报小学的",edupromotion
" 你好我想咨询下潮州电大都有什么专业",edupromotion
" 那你知道网站吗",edupromotion
" 你好，东莞机电学校有会计专业的吗",edupromotion
" 我是外省的   可以在广东省报考吗、",edupromotion
" 莲莲，宁夏大学分数线最低是多少？",edupromotion
" 你好，我想问下旅游管理自考的书本可以从哪里购买",edupromotion
"二甲普通话证 小学的也是吗？",edupromotion
" 可以拿到证的吗",edupromotion
" 初中毕业的可以考哪个",edupromotion
" 你好请问网络教育考取的大专国家承认吗",edupromotion
" 我之前考过一个 不过是07 08年的 还要重新考吗",edupromotion
"教师资格证 哪个级别好？",edupromotion
" 我想了解一下广东金融学院2019年专插本有招哪些专业",edupromotion
" 书法专业有吗",edupromotion
"函授 业余 不用考吗？",edupromotion
" 你好，请问南方医科大学的是专升本吗？学历上是怎么写的呢？",edupromotion
" 我后年七月份毕业，在三月份应该拿不到毕业证，是参加后年那一批还是再下一年的呢？",edupromotion
" 现在有会计本科班吗",edupromotion
" 您是中山大学的还是什么培训机构的老师？",edupromotion
" 需要去现场上课吗",edupromotion
" 我不是医学专业可以考护士吗",edupromotion
" 是不是在校的学习的那种？",edupromotion
" 请问教师资格证可以异地考吗",edupromotion
" 五邑大学有专插本社会工作吗",edupromotion
" 哪里考都不影响在哪里工作是吗",edupromotion
" 商英可以跨专业考国贸吗",edupromotion
" 一般是3+2的考试   请问2是代表我读的专业还是仲恺那边的专业呢",edupromotion
" 省考是不是较易呢",edupromotion
" 我想问一下有建筑电气专业网教吗，高升专",edupromotion
" 肇庆电大什么时候招人？",edupromotion
" 我是想问下，是不是必须先拿到专科毕业证才能自考本科全日制呢",edupromotion
"教师证 大专可以考吗",edupromotion
" 教幼儿园的的什么专业好？、",edupromotion
"学前教育 在广卅什么学校可读",edupromotion
" 可以自学大专嘛",edupromotion
" 我基础不是很好呢",edupromotion
" 可以报什么",edupromotion
" 想问一下您这边办理自考毕业申请吗",edupromotion
" 有关水利方面专业吗？",edupromotion
" 学医有什么方法？",edupromotion
" 请问下 如果考大专要多久考完",edupromotion
" 中学教室资格证可以报哪些科目呢",edupromotion
" 继续中医的话有没有高校招呢？",edupromotion
" 不用考的，报哪个就那个的吗",edupromotion
" 幼师可以考公务员吗",edupromotion
" 自考不是报完名了吗？",edupromotion
" 我想问一下结了婚还能读吗",edupromotion
" 成人本科可以考心理咨询师三级吗",edupromotion
"教师证 在哪里都可以考吗",edupromotion
" 你们这里是成人高技学校吗？",edupromotion
" 难度大不",edupromotion
" 那和建筑相关的有哪些专业",edupromotion
" 你是什么公司呢？",edupromotion
" 请问你们是哪里培训呢？",edupromotion
" 年龄大了能学吗",edupromotion
" 幼师呢",edupromotion
" 请问是机构教学？还是去真个大学里学习的呢？",edupromotion
" 啥时间可以去上",edupromotion
" 我先知道有什么转业",edupromotion
" 有计算机吗",edupromotion
" 暂时还没想好读什么专业",edupromotion
" 就是不属于高考选择大学范围内是吗",edupromotion
" 可是中专考大专不是要明年9月份才可以考吗？",edupromotion
"函授 和成人高考有什么区别吗？",edupromotion
" 我是小学教育的，想知道哪个学校可以考数学与应用数学",edupromotion
" 需要家长到学校一同办理才可以，还是自行办理就好了啊",edupromotion
" 专插本好考吗",edupromotion
" 都有些什么专业",edupromotion
" 有平时在家学周末去学校学的吗",edupromotion
" 要到学校就读 住宿吗？",edupromotion
" 初中可以直接考大专和本科？",edupromotion
"全日制 是在学校上课还是？",edupromotion
" 是报考成人高考 然后成绩达到了就可以去读是吗",edupromotion
" 有什么专业吗",edupromotion
" 为什么我们学校组织的全日制自主招生外省的报不了",edupromotion
" 我是想问从事语文教学要考《语文教师资格证》？有这说法？",edupromotion
" 请问成人本科教育是函授还是？",edupromotion
" 你们是有学校，还是？",edupromotion
" 你们哪里有什么專業",edupromotion
" 什么专业",edupromotion
" 空乘专业能专插本么",edupromotion
" 我想请问一下珠海吉大的工程造价是考高等数学，还是管理学呀",edupromotion
" 您介绍一下吧",edupromotion
" 那华师需要走什么流程",edupromotion
" 你好，有商务英语专科实践考试的培训吗",edupromotion
" 什么时候发给我？",edupromotion
" 还有就是全日制的话，我们宿舍是在校内吗",edupromotion
" 一般都会毕业吧？毕业后学信网能查到吗？",edupromotion
" 科目三可以考初中的语文吗",edupromotion
" 请问有车辆工程的吗",edupromotion
" 你这边是叫大牛吗？",edupromotion
" 什么时候可以申请毕业",edupromotion
" 那个看到有些 打着大牛教育的教学点很小，都不知道是真的还是假的",edupromotion
" 专本套读是什么意思",edupromotion
" 报考学校会受到限制吗？",edupromotion
" 广技师会不会很难考呢",edupromotion
" 我想知道自考本科有什么院校专业可以选",edupromotion
" 你们有护理专业的吗",edupromotion
" 会计，想从事会计工作，本科还建议换专业嘛",edupromotion
" 续考不行吗",edupromotion
" 老师有什么推荐",edupromotion
" 但我不清楚我报的这个专业是不是师范生专业",edupromotion
" 不会是成人大专的吧",edupromotion
" 想了解有哪些公报学校在招生",edupromotion
" 您们是考试机构还是培训机构？",edupromotion
" 现在还有会计吗？",edupromotion
" 就是不去读，能拿证吗？",edupromotion
" 需要考哪几门",edupromotion
" 是吗、真的吗？如果有用。不考完，太可惜了。",edupromotion
" 你们学校招专插本吗",edupromotion
" 报读要几多年",edupromotion
" 我想问下专插本 的专业是自己选的么",edupromotion
" 在江西抚州读大学的时候过了笔试，现在在广州工作，可以在广州参加面试呢",edupromotion
" 19年招专插本学生？",edupromotion
" 请问嘉应学院英语教育专业招收多少个专插本的学生",edupromotion
" 现在开始来得及？我18年毕业的",edupromotion
" 华南农业大学有专科吗",edupromotion
" 你是什么学校",edupromotion
" 可以吗",edupromotion
" 但是我身边有选择跨专业学习的亲戚，但是好像这个跨专业比较难办是吗？",edupromotion
" 物流管理专业有什么学校在招生",edupromotion
" 国考？",edupromotion
" 有点不方便呢",edupromotion
" 比较远",edupromotion
" 要读几年",edupromotion
" 读多久可以拿证？",edupromotion
" 有哪些专业呢？不好意思，因为我现在也有点迷茫了",edupromotion
" 会不会是假大学的",edupromotion
" 自考的话是是有一门英语4级课程吗？",edupromotion
" 我就想问下你有没有物业管理学习",edupromotion
" 升本不需要再学校读是嘛？",edupromotion
" 可以吗",edupromotion
" 区别 难度 有效期",edupromotion
" 我想了解下专插本体检时间是什么时候呢？",edupromotion
" 给没有拿到毕业证可以报考吗",edupromotion
" 但是我想了解一下相关的问题，听说劳动与社会保障专业明年开始不允许考教师证是吗",edupromotion
" 还有其他好推荐吗？",edupromotion
" 电大需要高中或中专文凭吗？",edupromotion
" 能推荐四川省达州的广播电视大学吗？",edupromotion
" 就是我正在读中专实习期间可以升大专的吗",edupromotion
" 要一步一步升吗",edupromotion
" 是能考助理还是执业啊",edupromotion
" 我想了解下，中专升大专考试是属于自考类型的还是成人高考的？",edupromotion
" 就是说成人高考没有自考的含金量高？",edupromotion
" 招生简章有说什么时候出呢",edupromotion
" 哪个专业好考",edupromotion
" 是不是需要准备好普通话等级证先？修完教育学和心理学先？",edupromotion
" 我大专现在是会计的，插本想往师范类的，您感觉会怎样呢",edupromotion
" 读了之后出来有安排工作？",edupromotion
" 那个南方人才市场是不是也有啊？我去咨询过",edupromotion
" 笔试成绩在哪查询",edupromotion
" 松田学院招吗",edupromotion
" 怎么回事？意思是非师范的今年不让考面试了？",edupromotion
" 我的意思是如果考上了 是不是还得去上学啊",edupromotion
" 有什么专业呢？",edupromotion
" 有哪些专业可以插本",edupromotion
" 是自考的吗",edupromotion
" 提升学历要多久呢？",edupromotion
" 咨询一下",edupromotion
" 是不是可以免试？",edupromotion
" 什么时候能报",edupromotion
" 教师资格证需要考什么呢",edupromotion
" 自考要跑过去吗？不是可以在家学的吗",edupromotion
" 您那边读大专最少要几年呢",edupromotion
" 我先咨询一下你们要不要去到广州那边上课",edupromotion
" 我今年大二，然后想咨询一下是大二开始考还是要大三毕业考的呢",edupromotion
" 理科有什么专业",edupromotion
" 专科还没毕业可以吗",edupromotion
" 今年佛科院还招生专插本吗",edupromotion
" 能在外省考2019的3月的教师资格证考试吗",edupromotion
" 那他考的就是比较深层次的专业知识是吗",edupromotion
" 这样的  我的户籍在云南昆明  报考的高中英语教师  现在已经过了两门 科目三还没过  现在我又辞职在广东这边上班  那我剩下一门是否可以在广东继续考  还是非得回到云南 去再考？？",edupromotion
" 中专升本科要多久可以拿毕业证",edupromotion
" 有没有学前教育，有答案的",edupromotion
" 最快多久",edupromotion
" 有什么推荐的吗",edupromotion
" 想以后做老师，或做英语培训班也行，请问有推荐的专业和学校么",edupromotion
" 面授课和网络课程含金量一样吗",edupromotion
" 还需要考试的么？",edupromotion
" 这个课程是网课嘛？",edupromotion
" 毕业证书教育局批的吗？",edupromotion
" 自考網有服裝專業嗎？",edupromotion
" 19年第一次考试是什么时候？",edupromotion
" 请问你们帮忙办理毕业申请吗，自考本科的",edupromotion
" 初中毕业现在在读卫校医学类可以报考大专吗？",edupromotion
" 笔试一年有几场？",edupromotion
" 由于时间紧迫，如果我报的话，应该还是选会计。具体的我再琢磨琢磨",edupromotion
" 大专多久毕业拿证？",edupromotion
" 老师你好，我想问一下，插本招舞蹈生么",edupromotion
" 广州航海学院，专插本有哪些专业，",edupromotion
" 我想了解有哪些专业",edupromotion
" 那广东的自考，岂不是可以更快通过啊？",edupromotion
" 网络班学习是什么意思啊？",edupromotion
" 我想问问湛江师范有没有招音乐专插本",edupromotion
" 教师资格证只能在户籍所在地考吗",edupromotion
" 有山东的吗？",edupromotion
" 介绍一下",edupromotion
" 你现在发过来看一下有那么难吗？",edupromotion
" 暨南大学？",edupromotion
" 这真的可以学到东西吗，我看我朋友连考试都不用去哈哈哈",edupromotion
" 一天上几个钟",edupromotion
" 跟高考 成考那样?",edupromotion
" 非专业还是可以报考的？",edupromotion
" 是筛选报考资格吗",edupromotion
" 我想问问学士学位考试，自考是不是很难",edupromotion
" 大专可考学士学位？",edupromotion
" 诶？广美的？可是我同事问了人，广美的画进去学不能选美术类专业的",edupromotion
" 我想问一下专升本什么时候开始补录？",edupromotion
" 多少钱",edupromotion
" 有什么专业可以选择呢",edupromotion
" 专插本考几门课？",edupromotion
" 其他的省份也可以报考吗",edupromotion
" 我还想问问师范类的 还有哪个大学可以英语专业跨汉语言的",edupromotion
" 你们总部在哪里？",edupromotion
" 老师你好，考试难度是怎么样的，哪个学校容易考？",edupromotion
" 我怕会不会非全日制大专生不可以考教师资格证了",edupromotion
" 法律有吗",edupromotion
" 那我期末考试什么时候",edupromotion
" 不是固定的吗",edupromotion
" 你们是哪个机构的",edupromotion
" 中大继续教育部门在哪里的",edupromotion
" 函授是怎样的",edupromotion
" 工作    华南理工大学是211  还是985？",edupromotion
" 想请问护理专业的可以自考吗",edupromotion
" 哪个专业通过率高",edupromotion
" 这个学校必须要去上课吗",edupromotion
" 你这个是哪一个机构的",edupromotion
" 都一样的收费吗？还是学校不同收费也不同？",edupromotion
" 但是我想知道需要考什么科目，才可以通过",edupromotion
" 老师，专插本，不用全日制上课吗",edupromotion
" 拿到文凭，毕业后是当老师吗",edupromotion
" 广东的招生办？",edupromotion
" 是全日制本科吗",edupromotion
" 音乐教育专业有吗？",edupromotion
" 那到了幼教技校呢",edupromotion
" 全日制要学多久",edupromotion
" 你们这边是广东省的本科大学对吧？",edupromotion
" 最高可以报什么",edupromotion
" 夜校是什么",edupromotion
" 介绍一些",edupromotion
" 什么学历？",edupromotion
" 这个要多久拿证",edupromotion
" 不知道，如果拿不到的话会怎么样",edupromotion
" 毕业了，都出来工作好几年了",edupromotion
" 可以继续专插本读这个专业？",edupromotion
" 想知道有什么学校能插本",edupromotion
" 外省的在深圳能考吗",edupromotion
" 舞蹈教师怎么考的呀!",edupromotion
" 你是什么学院的",edupromotion
" 目前没有，打算报读，多长时间拿证",edupromotion
" 是成考还是自考？",edupromotion
" 是湖北的吗",edupromotion
" 专升本不是只能在本省吗",edupromotion
" 请问你这里是哪个培训机构",edupromotion
" 是不是的提供学信网证明",edupromotion
" 你可以跟我说下那请问自考跟成考的考试是方式是什么吗",edupromotion
" 网上学，还是在教室学",edupromotion
" 对了，最后一个问题，你们这边是机构？还是大学？",edupromotion
" 机械类的，最快多久",edupromotion
" 可以提升到那个学历？",edupromotion
" 我想知道有什么专业可以选择",edupromotion
" 广石化招插本生吗？",edupromotion
" 老师，多久可以拿证",edupromotion
" 你们学校有什么专业呀",edupromotion
" 想问问电大现在有什么专业",edupromotion
" 在东莞长安这边有没有培训班？",edupromotion
" 普通话需要什么等级，数学教师证",edupromotion
" 要不要人脸识别考试？",edupromotion
" 推荐有什么呢",edupromotion
" 我在外省自考本科，考了几科了，其他的可以在深圳这边考试吗",edupromotion
" 培正学院今年插本的科目有会计或者财务吗",edupromotion
" 什么专业好？",edupromotion
" 高中的话 难考吗",edupromotion
" 明年可能会取消非师范生考试吗",edupromotion
" 明年初的考试现在还能报吗",edupromotion
" 全日制的话 你们那边是有学校吗",edupromotion
" 非全日制而且非师范专业可以报考小学或者幼师吗？",edupromotion
" 在妇产科上班是需要考什么证？",edupromotion
" 帮我介绍一下吧，谢谢",edupromotion
" 能报读全日制的吗",edupromotion
" 想知道 自考护理专业考哪几门 现在无法发么？",edupromotion
" 是在学校学习吗？还是网上",edupromotion
" 插本可以垮专业的吧？",edupromotion
"成人高考 是要住读的吧？",edupromotion
" 在河源有报班的嘛",edupromotion
" 毕业后属于什么资格等级？",edupromotion
" 想咨询一下护理专升本要多久时间",edupromotion
" 我想问下，你们这个多久可以拿毕业证",edupromotion
" 其他我都知道，就是普通话的不知道几时报考",edupromotion
" 那我这情况能报明年3月份考试吗",edupromotion
" 学费又是多少呢",edupromotion
" 怎么收费",edupromotion
"大专 几年可以毕业呢",edupromotion
" 你主要负责哪里的考生",edupromotion
" 想看看有什么学校",edupromotion
" 我想咨询一下 广东江门鹤山电视大学可以吗",edupromotion
" 有没有软件开发这种的或者是电子竞技",edupromotion
" 什么专业",edupromotion
" 专升本必须是全国统招的专科吗",edupromotion
" 请问音乐学一般看什么专业",edupromotion
" 你帮我介绍一下",edupromotion
" 介绍一下把",edupromotion
" 你那里有医生证租吗",edupromotion
" 请问大专数学教育专业的考教师资格证比学前教育专业的难吗？",edupromotion
" 所以可以报考哪个学校呢",edupromotion
"专升本 我说我没有毕业证的就是另外一种性质了对吧",edupromotion
"教师证 全国通用吗？",edupromotion
" 什么是3+2",edupromotion
" 广东专插本能插什么学校什么专业",edupromotion
" 何老师你好，请问跨专业插本难吗？",edupromotion
"教师证 那我最高是能教到初中吗",edupromotion
" 自考的话 是不是很多都可以免掉了",edupromotion
"教师证 学籍在湖南就要回湖南考吗",edupromotion
" 学前教育的专科可以么",edupromotion
" 我也不知道我能学什么专业啊",edupromotion
" 学费是多少",edupromotion
" 有没有不用上课的？",edupromotion
" 我想说，统招是什么？是那个",edupromotion
" 你好问一下专插本是大三考试，还是大三毕了业后的三月份考试",edupromotion
" 那你们有营养师培训吗",edupromotion
" 以后非师范不能考教师资格证了吗",edupromotion
" 请问我是1981年出生的，现在报读大专和考教师资格证可以吗",edupromotion
" 我想咨询一下大专，学前教育",edupromotion
" 我听说，我这样的是免考心理教育学的，是吗？",edupromotion
" 有什么院校是可以报国贸的",edupromotion
" 有哪些专业",edupromotion
"大专 几年能领证书？",edupromotion
" 毕业拿证有保证成功吗",edupromotion
" 学信网能查到么",edupromotion
" 自考专科需要多久？",edupromotion
" 广外成考有吗大专",edupromotion
" 自考全日制跟业余班毕业证一样吗",edupromotion
" 专科可以报学前教育？",edupromotion
" 学前教育等于幼儿教育？",edupromotion
" 能报本科吗？",edupromotion
" 请问教师资格证可以幼儿园和小学老师同时报考吗",edupromotion
" 培训通过率高吗？",edupromotion
" 有小学教育吗？",edupromotion
" 我想问一下应届毕业生还可以参加专插本吗",edupromotion
" 我想了解下考教师资格证需要考些什么啊",edupromotion
" 自考本科是如何的呢",edupromotion
" 有没有老师负责一月份学考的",edupromotion
"专升本 我想知道毕业后发放的证书是如何的？",edupromotion
" 教师资格证大学的需要考吗？",edupromotion
" 岭南专插本可以跨专业吗",edupromotion
" 英语比较弱",edupromotion
" 大专的医学院校有那些？",edupromotion
" 南方医科大学、广东医科大学，广州中医药大学，广东药学院，这些那间不用考试入学？",edupromotion
" 啥叫拆本",edupromotion
" 我看你们有华南师范大学是吧",edupromotion
" 请问自考本科毕业后是否由学士证？",edupromotion
" 请问可以考主持人证吗",edupromotion
" 我想问一下广东省还有临床专业的成人本科读吗",edupromotion
" 现就读英语专业的可以跨人力资源专业吗",edupromotion
" 現在大專有什麼專業啊？",edupromotion
"专升本 是语数英吗",edupromotion
" 自考是第二学历吗？",edupromotion
" 请问有哪些可以插本的专业？",edupromotion
" 有学校招生的吗",edupromotion
" 就是想知道考了教师资格证在深圳就业困难不，还是继续要考编制",edupromotion
" 请问考什么大学好",edupromotion
" 物流管理本科专业的课程是不是有修改",edupromotion
" 广东自考成绩不是长期有效吗",edupromotion
" 我想咨询下，专升本可以换专业吗",edupromotion
" 这边自考有没有容易的",edupromotion
" 有没有会展管理",edupromotion
" 大专的可以吗",edupromotion
" 专升本可以不考英语考日语么",edupromotion
" 毕业证升全日制的是成人大专升全日制？",edupromotion
" 可以考本科吗",edupromotion
"教师证 小学跟幼儿园一样嘛",edupromotion
"教师证 考了之后没有教书是不是就没有用了？",edupromotion
" 有临床医学专业吗，本科",edupromotion
" 现在专科是工程类的，插本的话可以转专业的吗？",edupromotion
" 是全日制的吗",edupromotion
" 可以的话老师您先介绍一下吧",edupromotion
" 透过成人高考后脱产学校取得的本科毕业证，算是全日制学历吗？",edupromotion
" 可以托管拿证吗？",edupromotion
" 平面广告设计的课本是怎样的",edupromotion
" 老师，我想问一下，语言类学校的自考后，我可以全日制的吗",edupromotion
" 有没有老年培训班之类的呢",edupromotion
" 没有关于这方面的资料吗",edupromotion
" 医学专业只能换医学专业？",edupromotion
" 你好请问学校的分数线是多少",edupromotion
" 可以再广东佛山报考吗？",edupromotion
" 在雷州可以报教师证吗？",edupromotion
" 请们你们有卫生学和营养学专业吗？",edupromotion
" 毕业证跟正常本科有区别吗",edupromotion
" 是全日制吗？要入学考试吗",edupromotion
" 价格是怎样的",edupromotion
" 这个是非全日制吗",edupromotion
" 有普通话证，还要考普通话证吗",edupromotion
" 老师你好，南方医科大学有招生吗",edupromotion
" 自考深圳大学今年只有三个专业吗",edupromotion
" 那自考是不是难很多？",edupromotion
" 我想要问一下有哪些免试入学的学校",edupromotion
" 暨南大学自考是什么专业",edupromotion
" 我想问.我已毕业四年了.还能考吗",edupromotion
" 高中毕业    能选择什么",edupromotion
" 有英语专业的吗",edupromotion
" 有哲学专业不",edupromotion
" 暨南大学自考网络班没有学前教育专业吗",edupromotion
" 现在有什么学校可以选择？",edupromotion
" 新闻学的专业有哪些学校吗",edupromotion
" 有没有网络的",edupromotion
" 明年不是师范学校毕业，不能考教师资格证了吗？",edupromotion
" 补考大专后，以前的本科能不能认证",edupromotion
" 它体检是只要到二甲医院体检就可以了，还是要它指定的医院去体检？",edupromotion
" 以后可以做培训类的话，报哪个比较好？",edupromotion
"教师证 非师范报考还是师范生报考区别",edupromotion
"专升本 读几年毕业",edupromotion
" 老师。那万一我又不去读了呢",edupromotion
" 只要告诉我有乙肝能不能考就行了",edupromotion
" 入学后要上学吗",edupromotion
" 不需要参加成人高考看分数才录取的吗",edupromotion
" 你们这边不是也有茶艺教师资格证？",edupromotion
" 你好，2019年专插本人数是多少",edupromotion
"教师证 能过吗",edupromotion
" 呢个艺术设计要读多久啊？",edupromotion
" 教小学的是什么级别的？",edupromotion
" 你这个是成人高考？",edupromotion
" 理财规划要怎么才可以考？我是中专，从事保险的",edupromotion
" 学校哪里的",edupromotion
" 网络课有没",edupromotion
" 这个大专是必须统招的么",edupromotion
" 报读自考专开本全日制的有入学通知书嘛  是春季的",edupromotion
" 毕业后无论是师范还是非师范的都要考心理学和教育学吧",edupromotion
" 网络怎么安排的",edupromotion
" 中专升？",edupromotion
" 有哪些专业可以选择",edupromotion
" 有没有工程造价课程啊",edupromotion
" 是要参加成人考后，录取了才能读？",edupromotion
" 在广东外语外贸大学读全日制 拿毕业证是不是全日制的",edupromotion
"教师证 初中，这个通过率高么",edupromotion
" 我看介绍后期是要上课的是吧",edupromotion
"教师证 我想先问一下我专业和教师无关也可以考吗",edupromotion
" 感觉这几年中职教师很少招人",edupromotion
" 是在中国教育网报吗",edupromotion
"教师证 可以几个级别一起的吗？",edupromotion
" 请问招生需什么资格，是全日制吗",edupromotion
" 可以读广东专科哪所医学",edupromotion
" 请问学校，有什么专业学吗？",edupromotion
" 三本能考高中教师资格证吗",edupromotion
" 高中教师资格证是最难的教师资格证吗",edupromotion
" 现在初中教师资格证能当高中教师吗",edupromotion
" 全日制需要统考吗？",edupromotion
" 大专有数学专业吗",edupromotion
" 如果本科毕业  需要打印专科毕业成绩的吗",edupromotion
" 成人专科可以专升本吗",edupromotion
" 现在是专科，怎么样考考本科",edupromotion
" 想参加技能高考可以吗",edupromotion
" 人机吗",edupromotion
" 本科选兽医专业也是2年吗",edupromotion
" 面授课程，上课时间是怎么样的？",edupromotion
" 行政管理，有哪些学校可以选你自己的",edupromotion
" 我想插专业是计算机，是要考那几课",edupromotion
" 可以大专和教师资格证一起考吗？",edupromotion
" 请问有园林或农牧专禾斗吗",edupromotion
" 上课是哪里",edupromotion
"自考 一年考几次",edupromotion
"自考 准考证可以不补办吗",edupromotion
" 上课时间是？",edupromotion
" 函授心理学本科吗？",edupromotion
" 有什么专业？暂时还没想好",edupromotion
" 不是，专升本有什么好学校推荐吗",edupromotion
" 公共关系呢？",edupromotion
" 你们的咨询是不收费的吧",edupromotion
" 原先行政管理专业代码是B030302，现在怎么变了？",edupromotion
" 我就想确认还能不能拿到中山大学的毕业证了？",edupromotion
" 华南理工大学，就两个专业吗",edupromotion
" 深圳大学能上全日制的专本连读吗",edupromotion
" 有什么专业？",edupromotion
" 医学包括什么",edupromotion
" 岭南师范学院专插本的科目出来了吗？",edupromotion
" 想了结有什么专业？",edupromotion
"教师证 不可以报考中学的吗",edupromotion
" 华立是公立学校还是私立？",edupromotion
"自考 要在校读吗",edupromotion
" 升大专要多久",edupromotion
" 会计报考哪个学校相对而言轻松点？",edupromotion
" 历史学专业有吗",edupromotion
" 介绍一下吧",edupromotion
" 问问老师，我是广东人，有外省普通话证书，能不能办理教师资格证呢",edupromotion
" 在二级的医院体检就行了是吧",edupromotion
" 中山大学还有什么专业？",edupromotion
" 那种周末不定双休的呢？",edupromotion
" 东莞理工插本是在哪个校区就读",edupromotion
" 介绍一些什么自学",edupromotion
" 报读技校读什么科好",edupromotion
" 会计有教师资格证吗",edupromotion
"教师证 幼儿园，会假吗发资格证來看吖？",edupromotion
" 工作了，你们的是网络教育？",edupromotion
" 工业机器人专业应该攻读什么专业课好",edupromotion
" 我想问问华南理工大学的在广州是有两间的吗",edupromotion
" 会计教育专业考的是哪两科",edupromotion
" 自考是全日制的吗",edupromotion
" 我想问华南理工大学的120201K工商管理自考本科的学位要求多少分",edupromotion
" 你们在龙岗有分校吗？",edupromotion
" 您还没有告诉我有没有关于插画师的课程呢？",edupromotion
" 我只是问一下那个学校 学习方式？",edupromotion
" 广州有哪些专科院校是有小学教育的呢",edupromotion
" 那全日制自考属于成人教育吗",edupromotion
" 专插本可以跨专业吗",edupromotion
"全日制 是图片还是直播",edupromotion
" 老师好，请问专升本现在要读几年？",edupromotion
" 本科的汉语言文学之前不是没有吗",edupromotion
" 我的公共课三科，若是补习现在怎么个学呢",edupromotion
" 请问自考准考证不见了要怎么办",edupromotion
" 有医药学专业吗",edupromotion
" 请问有服装专业自考吗",edupromotion
" 你门现在有什么专业",edupromotion
"专插本 请问具体有哪些专业呢",edupromotion
" 在珠海有培训吗？",edupromotion
" 自考大专都有什么专业",edupromotion
" 自考本科的时候需要专科毕业证吗",edupromotion
" 我想了解贵校有那些设计专业？",edupromotion
" 报名夜校行不",edupromotion
" 自考网络班和网络教育是一样的还是怎样？",edupromotion
" 请问一下仲恺工程农业学院的动物科学今年的考试科目是哪几科",edupromotion
" 中专可以直接报读本科？",edupromotion
" 想问问广东的 插本的2B学校和2A学校有哪些",edupromotion
" 高升本和专升本有什么区别吗",edupromotion
" 全日制怎么读（本科）",edupromotion
" 建筑 工程有什么学校",edupromotion
" 毕业后可以考中医证不",edupromotion
" 跨专业插本难吗",edupromotion
" 你好 我想咨询一下 不是本地的也可以考教师资格证吗",edupromotion
"热门专业 老师介绍一下",edupromotion
" 你们这个是网上培训吗  怎么收费的",edupromotion
" 你们网络课程是视频还是直接给ppt",edupromotion
" 能网上办理的吗",edupromotion
"国考非师范 报考 截止 那现在我不能考了？",edupromotion
" 他现在读的是专科，大三了，在武汉读的，可以考专升本吗1",edupromotion
" 年龄没问题吗",edupromotion
" 你这是自考还是网络教育",edupromotion
" 考前体检是需要自己去的吗",edupromotion
" 我想读护理还可以读吗，就是护士",edupromotion
"自考 本科院校参加三门学科考试，是那三科？",edupromotion
" 动物医学有没有学校招生",edupromotion
"考试形式 主考院校通知不是有发吗？",edupromotion
"教师证 国考是啥意思呢",edupromotion
" 游戏美术类的有么",edupromotion
" 能报考音乐本科吗？",edupromotion
" 我现在是大专的学生，想自考一个本科2A的学校，那么首先第一步我该做什么呢？",edupromotion
" 就像问可以再报考一个本科的自考吗?",edupromotion
" 插本可以转专业？",edupromotion
" 我想了解一下19年插本中药学的是哪个院校",edupromotion
" 请问是不是非师范生不可以报考教师资格证？",edupromotion
" 请问有什么专业",edupromotion
" 这个补录是怎样个补法",edupromotion
" 想咨询一下你们学校现在招生吗",edupromotion
" 我可以报考初中的资格证吗",edupromotion
" 如果报考了，官网上能查到信息？",edupromotion
" 一般学习几年的",edupromotion
" 要学几年",edupromotion
" 插本可以跨专业的吗？",edupromotion
"非师范专业 教师资格证 可以报考么",edupromotion
" 要提升到高中还是专科才能报考幼师证？",edupromotion
"成人教育 拿到本科证书，也不承认？",edupromotion
" 现在不可以报985自考本科么？",edupromotion
" 那个985院校有服装设计？",edupromotion
" 有没有可能想考音乐老师，但是我不是专业的",edupromotion
" 函授本科含金量有多少？",edupromotion
" 是自考本科吗？",edupromotion
" 可以的，我想问一下汉语言文学和汉语言文学教育是不一样的吗",edupromotion
" 我想问下  除了计算机还有什么",edupromotion
" 现代企业管理是哪个学校的",edupromotion
" 现在报考的话是怎样的流程呀",edupromotion
" 专插本哪个学校会有课本或者资料发？",edupromotion
" 能跨专业察本不",edupromotion
" 请问招全日制的吗",edupromotion
" 你这边是什么机构呀",edupromotion
" 专插本是直接去学校上学吗",edupromotion
"建筑类 请问现在有什么专业毕竟合适？",edupromotion
" 你好，可以报考英语吗",edupromotion
" 小学资格证分科目考的吗？",edupromotion
"女生 学什么专业好",edupromotion
"全日制 大专 学完后拿什么学历",edupromotion
"学前教育 然后可以去读夜校吗",edupromotion
"提升 学历 有什么用？",edupromotion
" 我专科是日语 插本可以选其他专业吗",edupromotion
" 你好，2019专插本有什么专业可以报吗",edupromotion
" 可以给我发一下那专业嘛？",edupromotion
" 专升本与高升本有什么不一样吗",edupromotion
" 专科是社会工作，插本可考本校的汉语言专业吗",edupromotion
" 文凭学信网可以查询吗？",edupromotion
" 现代教育技术专业的插班生可以报考计算机科学与技术这个专业吗？",edupromotion
" 老师，我现在考中山大学的汉语言文学一年多了，还有两科，可是现在不能再报了是吗",edupromotion
" 这个成人高考是不是就是函授本科呢。。。就是名称不一样对吗",edupromotion
"专插本 考试科目有哪些",edupromotion
" 你好 现在是成人教育阶段，大概2020年1月份毕业拿证 请问现在可以自考本科吗",edupromotion
" 我45，非师范类，能考证吗",edupromotion
" 我可以信任您吗？",edupromotion
" 专插本考试总分是多少分?",edupromotion
"非师范生 教师资格证 你先告诉我能不能考先",edupromotion
" 可以自考全日制吗",edupromotion
"计算机专业 平面设计有吗？",edupromotion
" 有什么专业",edupromotion
" 怎么报考呢",edupromotion
" 你好 可否报考暨南大学的行政管理专业呢？广东广州区域",edupromotion
" 只有嘉应学院是吗？",edupromotion
" 那可以一边考会计证，一边读大专吗",edupromotion
" 有幼师？",edupromotion
" 可在东莞报考吗",edupromotion
" 这个是网络自考班吗？",edupromotion
" 今年肇庆学院招专插本的吗",edupromotion
" 商务英语专业与英语专业有什么不同",edupromotion
" 是要自己在广东自考网申请还是要去中大里面申请？",edupromotion
" 考教师资格证一定要普通话嘛",edupromotion
" 就是和学校学的一样的有没有",edupromotion
" 大学本科，大学专科怎样区别",edupromotion
" 是国家承认学历吗",edupromotion
" 还有问一问，要国家承认，网上查得到的，对不?",edupromotion
" 初中毕业能考本科吗",edupromotion
" 那需要多长时间",edupromotion
" 我是中专生，可以报考吗",edupromotion
" 有哪些学校可以报考",edupromotion
" 但是我是非全日制的，2016年毕业的，可以考吗",edupromotion
" 老师，我想问一下你们学校的会计专业成人高考的分数线是多少",edupromotion
" 请问非师范生会受限制了吗",edupromotion
" 你好！请问插本是不是在毕业之后才能考试的？",edupromotion
"全日制 是网上学习吗",edupromotion
" 那全日制本科是什么意思，我主要想拿个全日制的毕业证",edupromotion
" 一般都什么时候招生？",edupromotion
" 自考这个它要考入学考试的吗",edupromotion
" 龙岗考区在哪里呢？",edupromotion
" 幼师工资高吗",edupromotion
" 有什么专业",edupromotion
" 你好，我想请问一下有哪些学校可以考舞蹈的",edupromotion
" 请问广州航海学院2019年招不招专插本呢",edupromotion
"教师证 清远的有吗",edupromotion
" 自考是以怎样的一种",edupromotion
"护理专业 自考专科不可以吗",edupromotion
" 升大专是不是要学习高中的课本啊",edupromotion
"教师证 在东莞工作一定回家考吗",edupromotion
" 想先了解一下有什么专业",edupromotion
" 读几年可以拿证",edupromotion
" 而且我现在大学都还没有进 我现在只想知道怎么才可以进专升本的学校",edupromotion
" 那你们自考随时都可以考吗？",edupromotion
" 请问每年几时开学？",edupromotion
" 是拿到毕业证去上，还是不拿毕业证上，我想先问一下",edupromotion
" 你这个考试是怎么考？",edupromotion
" 师范是啥",edupromotion
" 我现在还在广东，不知道重庆教师资格证是怎么考的",edupromotion
" 有什么专业的",edupromotion
" 今年是过线录取还是择优录取",edupromotion
" 我现在有点纠结不知道选什么专业",edupromotion
"教师资格证 要考几科目？",edupromotion
" 就是普通话还没考，也可以先考教师资格证吗",edupromotion
" 感受到英语的重要性。想有人指导比较系统地学习",edupromotion
" 怎么收费呢？",edupromotion
" 英语0基础，想学英语专业本科，在家上课，一般需要多长时间呢",edupromotion
"插本 公办有哪些",edupromotion
" 有没有平设的",edupromotion
" 专升本难不难？",edupromotion
" 不想插本？",edupromotion
" 你们有这个专业的培训课ma?",edupromotion
" 怎么还没有来电",edupromotion
" 国家机构可以在网上查到吗？",edupromotion
" 本科需要多长时间",edupromotion
" 可以进修星海音乐学院的音乐教育吗",edupromotion
" 有其它有名的大学吗",edupromotion
" 老师请问一下你那学校招生八年级差班生吗",edupromotion
" 小学考梅外要多少分",edupromotion
" 专科升本科，免试入学的有哪些专业呢",edupromotion
" 可以上网课吗",edupromotion
" 我年龄大了，可以学吗？",edupromotion
"教师资格证 哪个容易考呢",edupromotion
" 是不是广东中山的就只能在中山考",edupromotion
" 陈老师，论文一般什么时候申请呢，一年有几次机会",edupromotion
" 我想快点拿到大专证书的话，哪个专业较快呢？",edupromotion
" 我是本省的户口，还需要异地考？",edupromotion
" 没收到通知就是没录取吗？",edupromotion
" 2010年毕业也可以吗？",edupromotion
" 广技师今年招生吗？",edupromotion
" 你好，请问招生到什么时候结束",edupromotion
" 你们学校是2a还是2b",edupromotion
" 请问专插本不能跨专业报考吗",edupromotion
" 那珠海能插本的是那几个院校呢",edupromotion
" 有关于水产专业的吗",edupromotion
" 还有就是除了华农还有什么可以全日制在校学习",edupromotion
" 报名是不用入学考试的吧 宽进严出是么",edupromotion
" 不是师范专业的可以报考不",edupromotion
" 这个含金量怎么样",edupromotion
" 自考办招生？",edupromotion
" 学费会不会比较贵？",edupromotion
" 是部分专业可供选择吗",edupromotion
" 请问已经是全日制本科毕业证的，想拿另外一个专业的文凭，可以自考嘛？",edupromotion
" 你好  今年广东有哪些院校可以报专插本",edupromotion
" 大专要多久能拿证",edupromotion
" 哪个难考？",edupromotion
" 还有，想咨询一下，笔试和面试在不同的省份考可以么？",edupromotion
" 可以考护士证？",edupromotion
" 想插本读音乐表演可以吗",edupromotion
" 你校在西安这边设点了吗？",edupromotion
" 需要多少分才能过",edupromotion
" 全日制是什么样的",edupromotion
" 放宽条件了吗",edupromotion
" 是在你们那里报考吗？",edupromotion
" 没毕业证能去上大专吗？",edupromotion
" 文科生可以考吗",edupromotion
" 单一的培训？",edupromotion
" 可以吗",edupromotion
" 成人有哪些专业",edupromotion
" 什么截止",edupromotion
" 中专毕业能考什么呢？",edupromotion
" 插本要读两年吗",edupromotion
" 就是我已经拿到自考毕业证了，我想问下学位证书有你们这方面服务吗？",edupromotion
" 插本可以考其他专业吗",edupromotion
" 你好 成人高考 有没有音乐舞蹈着类专业",edupromotion
" 老师给我介绍一下吧谢谢",edupromotion
" 为什么打不通呢？",edupromotion
" 考场在那哪",edupromotion
" 大专可不可以考这个专业",edupromotion
" 想要大专文凭机电一体化有吗？",edupromotion
" 北理珠今年有什么专业",edupromotion
" 一定能拿证吗？学多久？包就业吗？",edupromotion
" 什么时候去",edupromotion
" 学前教育是什么啊",edupromotion
" 入學要考試嗎",edupromotion
" 学信网能查学籍吗？",edupromotion
" 那多久考一次试呢",edupromotion
" 你的意思是我原来的那个已拿了学历证，是不可以申请学位？",edupromotion
" 成人专插本跟大学专插本有区别吗",edupromotion
" 那如果学校录取后学信网可查吗",edupromotion
" 如何收费，学业几年",edupromotion
" 英语二相当于三级还是四级？",edupromotion
" 大牛教育是一个机构么",edupromotion
" 什么学校？",edupromotion
" ？询请问(如果近视500度可以教书吗",edupromotion
" 请问中山新华分数线是多少",edupromotion
" 药学专升本要考那几门？",edupromotion
" 你们是什么学校",edupromotion
" 高考前转过来的广东户口算 广东生源吗",edupromotion
" 从小到大在广东读书 不算广东户口？",edupromotion
" 连读大概需要多久时间",edupromotion
" 小学会不会更好考？",edupromotion
" 考研的学校是公办还是私营？",edupromotion
" 那成人高考呢？",edupromotion
" 非脱产和业余有什么区别",edupromotion
" 体育老师考试跟其他科一样吗",edupromotion
" 你的学校在中山有开班吗",edupromotion
" 请问有工程造价的专业吗",edupromotion
" 有哪些级别",edupromotion
" 大专毕业后几年内可以考",edupromotion
" 大专本科可以同时报考吗",edupromotion
" 你们有护理专业吗？",edupromotion
" 梅州卫校有什么专业？",edupromotion
" 考到这个是不是就可以当老师了",edupromotion
" 身体条件是？",edupromotion
" 在院校读还是",edupromotion
" 这里发给我就可以呀",edupromotion
" 哪里的学校",edupromotion
" 我的可以报考哪个方向",edupromotion
" 你们在南京有分店吗？",edupromotion
" 你好 可以报考什么专业",edupromotion
" 那幼师呢",edupromotion
" 想问一下有什么专业吗？",edupromotion
" 关键是国家承认吗？",edupromotion
" 所有专业的人都一样考那三门吗",edupromotion
" 有什么专业可以了解一下吗",edupromotion
" 你们是正规培训机构吗",edupromotion
" 人力资源五邑大学还开设吗",edupromotion
" 你是哪个机构",edupromotion
" 教师资格证可以跨省笔试吗",edupromotion
" 教师资格证有没有特殊渠道",edupromotion
" 你好，中学教师资格证笔试过了两门，还有一门没过，可以报考面试吗",edupromotion
" 你是广外的老师吗？",edupromotion
" 请问我在湖南今年考试过了两门，另一门可以到深圳考吗",edupromotion
" 是的 还有学校接收成人本科的专业",edupromotion
" 就是没有免考免学的是吗？",edupromotion
" 广州番禺区附近有哪些成人学校啊",edupromotion
" 有没有医学类的",edupromotion
" 有一个科没过，19年可以换地方去考吗",edupromotion
" 笔试和面试必须在一个省份考试吗",edupromotion
" 每个省份都可以吗？",edupromotion
" 你们学校是教育学校，出来是当老师的吧，毕业以后有没有教师证呢？",edupromotion
" 有园林设计专业嘛？",edupromotion
" 是华南农业大学嘛？",edupromotion
" 面授课和网络课程哪个好考",edupromotion
" 你们是学校办的培训班吗？",edupromotion
" 那是哪里的证书？",edupromotion
" 我想知道你们学校有什么专业",edupromotion
" 有什么学校可以插本",edupromotion
" 广东警官学院有什么专业",edupromotion
" 广东广东有哪些大学",edupromotion
" 会计和电子商务各半桶水，你看看哪一个专业 是跟会计和电子商务沾边的",edupromotion
" 有哪些大学可以读呢？",edupromotion
" 正准备呢 老师你有其他机构推荐吗？",edupromotion
" 招音乐系插本生吗",edupromotion
" 广外是大学还是大专",edupromotion
" 您是什么学校的呢",edupromotion
" 社保没有缴够半年不可以？",edupromotion
" 请问今年贵校的录取分数线是多少？",edupromotion
" 你们是不是在校上课的？",edupromotion
" 学习不好可以读大专吗？",edupromotion
" 初中毕业可以报考大专本科吗？",edupromotion
" 嗯嗯，可以的，是不是在广东自考全部科目通过后，就有暨南的毕业证了？",edupromotion
" 你好，我想读幼师的专业，可以咨询一下吗",edupromotion
" 我今年还可以参加广东的考试吗",edupromotion
" 我想咨询下中国的函授本科，新加坡认可这个学历吗",edupromotion
" 可是我人在国外怎么读呢？",edupromotion
" 明年非师范专业不能报考教师资格证？",edupromotion
" 专业受限吗？我是化学专业的",edupromotion
" 读夜校电脑专业读几年",edupromotion
" 在深圳考的证可以在外省面试教师的吗",edupromotion
" 我现在想了解的是可不可以考初中的",edupromotion
" 我想知道你们学校有什么专业",edupromotion
" 那是？",edupromotion
" 普通话是没有证书的吧？",edupromotion
" 在这发不一样吗",edupromotion
" 老师，请问我专科是网络教育的人然后还能自考本科么？",edupromotion
" 现代企业管理的本科需要答辩吗",edupromotion
" 不会有什么影响吗",edupromotion
" 主考院校是哪个学校？",edupromotion
" 你好，外省的现在也可以在深圳考教师资格证了么？",edupromotion
" 为啥需要学校？",edupromotion
" 大致位置先说下可以吗",edupromotion
" 他在广东机电职业学院读机电一本化专业，可插本么",edupromotion
" 吉林大学珠海学院录取率高吗",edupromotion
" 老师介绍一下",edupromotion
" 你是哪里人？",edupromotion
" 2.5年还是3年的？",edupromotion
" 不不 我那个专科是网络教育的 成绩单是在档案袋里",edupromotion
" 请问药学专业的专插本学校有哪些呀",edupromotion
" 我想知道专插本考试什么时候",edupromotion
" 专插本现在都有什么学校",edupromotion
" 所以我想问，一定要社保缴纳的公司要和劳务合同上的公司一致吗？",edupromotion
" 老师，你这边是学校的招生办，还是教育机构的？",edupromotion
" 你可以告诉我改革了什么吗，就是什么情况",edupromotion
" 行政管理选什么院校？",edupromotion
" 非师范的也可以考教师资格证吗？",edupromotion
" 您再说说看？",edupromotion
" 请问一下，你们那里有幼师专业的吗",edupromotion
" 哪个认可度高？",edupromotion
" 在这不可以发？？",edupromotion
" 我想请问哈你们学校是在招自考生吗？",edupromotion
" 他们有什么不同",edupromotion
" 考试流程一样吗",edupromotion
" 证书是真的吗？",edupromotion
" 可以发到这里吗",edupromotion
" 你好，你们招收参加高考的学生吗？",edupromotion
" 计算机专业？",edupromotion
" 哦，本科会收费贵一点是吧",edupromotion
" 考试的时候？",edupromotion
" 想看看有哪些学校可以插本先",edupromotion
" 是的 ，要考多久，考几次呢？",edupromotion
" 我是新闻采编与制作专业的，我可不可以报考韶关学院或者嘉应学院的汉语言专业？",edupromotion
" 你这边什么学校",edupromotion
" 初中没毕业，没有毕业证，可以报考吗？",edupromotion
" 能详细的介绍一下专业么",edupromotion
" 学信网能查的对吧",edupromotion
" 要读四年？",edupromotion
" 毕业后多久拿证书",edupromotion
" 专本套读是啥意思",edupromotion
" 业余班？是怎样的",edupromotion
" 成人考的本科，和自考的本科，学历上，有什么不同？",edupromotion
" 我大专修的是市场营销和国际贸易，如果本科想学建筑专业呢？",edupromotion
" 这个年龄有证了学校肯招吗",edupromotion
" 有哪些学校和专业可选",edupromotion
" 老师想请问一下网络授课",edupromotion
"教师证 请问书籍是全国统一的吗？",edupromotion
" 你是机器人？",edupromotion
" 自学吗",edupromotion
" 肇庆工商学院有专插本吗",edupromotion
" 套读是？",edupromotion
" 这个自考本科出来的证书有用嘛",edupromotion
" 我问下  是不是所有的成人学校都能上？",edupromotion
" 有无考研的?",edupromotion
" 会计，或者平面设计可以吗，0基础的",edupromotion
" 不知道能考什么大学",edupromotion
" 不会的能手把手交吗",edupromotion
"教师资格证 要考这么多啊？",edupromotion
" 请问名额多少人",edupromotion
" 自考，是需要多久，要参加国家统一的考试？",edupromotion
" 想考教师证，可以吗？",edupromotion
" 每间报考学校的科目一样吗",edupromotion
" 有哪些专业",edupromotion
" 有演员职员读吗?",edupromotion
" 我只是专科，什么查本是什么意思呀？",edupromotion
" 请问有些什么专业",edupromotion
" 有哪些专业",edupromotion
" 有口腔专业成人教育班，可报考职业吗",edupromotion
" 华南理工能报吗",edupromotion
"专升本 毕业证是注明是什么",edupromotion
" 有什么专业，已经出来工作了",edupromotion
" 只有周末可以吗",edupromotion
" 有什么专业呢",edupromotion
" 有哪些学校的",edupromotion
" 湛江有基地吗",edupromotion
" 消防工程大专有吗？",edupromotion
" 想当心理学老师，需要考的除了综合素质和教育知识与能力还有其它的吗？",edupromotion
" 哪个比较好取证",edupromotion
" 学前教育等于幼儿教育？",edupromotion
" 专科报学前教育分线高？",edupromotion
" 文凭证书是怎样子的发给我看一下",edupromotion
" 茶艺方面你们这里是教学资格证还是只是茶艺师证",edupromotion
" 学历改革是指自考，还是成教，网络教育",edupromotion
" 大专文凭可以考初中教师资格证吗？",edupromotion
" 是有辅导班吗？",edupromotion
" 请问法学的专插本专业课是考哪科",edupromotion
" 要多久呀，考大专",edupromotion
"教师证 可以同时报考幼儿园和小学吗",edupromotion
" 艺术设计是干嘛的？",edupromotion
" 小学教师证。有哪些级别",edupromotion
" 如果突然转专业会不会很难跟得上啊",edupromotion
" 航海学院会不会难",edupromotion
" 想问一下你那边广告设计会招生吗",edupromotion
"专升本 大概多少年呢",edupromotion
" 也就是说同时进行  考上成人高考 之后  然后自考本科 在专科毕业之内  将本科的科目都过了 就可以升到本科了 是这样的吗？？",edupromotion
" 我想问一下，广州轻工业里有学老师这一类的专业的吗",edupromotion
" 深圳有什么成年大学",edupromotion
" 报护理专业，需要护士证吗",edupromotion
" 我专科已经毕业了，可以报考医学吗？",edupromotion
" 有司法专业吗？",edupromotion
" 老师觉得我是学前专业比较好还是跨汉语言文学",edupromotion
" 想了解 自考比较容易通过的专业",edupromotion
" 电大的学生可以报考自考吗",edupromotion
" 那学校自主招生的这里面可以查看吗",edupromotion
" 考场严格不，工作忙，都没时间看书。也记不住呀",edupromotion
" 想咨询一下以前自考没有拿学位现在想拿有什么流程",edupromotion
" 业余班什么意思 老师",edupromotion
" 可以大专+本科一起读吗",edupromotion
" 你好你这大学是不是全日制的",edupromotion
" 请问，专科经济信息管理专业可以报劳动社会与保障专业吗？",edupromotion
" 问下考大专要几年拿证",edupromotion
" 这是大专还是本科",edupromotion
" 你那还有市场营销的专业吗",edupromotion
" 有没有学医方面的专业",edupromotion
" 我有个朋友也是华师自考  她双休的时候去上过了 这是属于那种形式？？？",edupromotion
" 本科有什么专业",edupromotion
"自考 要入学考试的吗",edupromotion
" 请问下自费大专可以报考教师证吗？",edupromotion
" 请问医学检验技术有哪所院校招生",edupromotion
"专插本 我17年6月拿的毕业证。已经工作一年多了，还可以吗？",edupromotion
" 全日制本科的证跟业务学习的这个一样吗？",edupromotion
" 全日制要住校吗？",edupromotion
" 有什么专业推荐",edupromotion
" 哪里的招生办",edupromotion
" 明年是不是要限制专业了？",edupromotion
" 中专能考广体吗",edupromotion
" 自考本科含金量怎么样",edupromotion
" 工科有哪些专业",edupromotion
" 有没有轻松拿证的自考",edupromotion
" 想请问专业不是师范类，另外自己考教师资格证难吗？",edupromotion
" 国考考试是什么意思",edupromotion
" 不是的呢 想考小学的",edupromotion
" 考到的证在网上可以查吗",edupromotion
" 不知道选什么好",edupromotion
" 请问成人招收吗",edupromotion
" 我想问一下是不是正规的不会骗我吧",edupromotion
" 现在非师范生考教师证还要先考心理学吗",edupromotion
" 专插本什么时候开始",edupromotion
" 非广东省户口不是只能专升本？",edupromotion
" 网络班是在哪里上课的",edupromotion
" 有什么专业？",edupromotion
" 考药学难吗？",edupromotion
"教师证 不限专业的是吗",edupromotion
" 那学校是自己选择吧？",edupromotion
" 视觉传达是什么？",edupromotion
" 毕业证还能拿中山大学的吗",edupromotion
"教师证 能报吗",edupromotion
" 有行政管理的吗、",edupromotion
" 全日制的？",edupromotion
" 学校有什么专业呢",edupromotion
" 自学吗？然后去考成人大专吗",edupromotion
"专插本 哪间院校容易录取？",edupromotion
" 中药学，你是什么毕业证",edupromotion
" 你知道怎么取消大专",edupromotion
" 你们可以提供什么学校",edupromotion
" 第一次考试是全国成人高考考大专吗",edupromotion
" 大专怎么考",edupromotion
" 请问航海学院今年也是择优录取的吗",edupromotion
"教师证 不是师范的也可以对吧",edupromotion
" 你这边方便介绍下吗",edupromotion
" 有小学教育吗",edupromotion
" 你好！我想请问一下就是专科升本科要学几年？",edupromotion
" 自考是算全日制那种嘛？",edupromotion
" 专插本都有哪些专业呢",edupromotion
" 用人单位网上可不可以查询",edupromotion
" 业余制是不是要成人高考",edupromotion
" 体检时间是什么时候？",edupromotion
"教师证 考哪几科",edupromotion
" 培正学院有吗？",edupromotion
" 请问湛江有成人高考高升本吗",edupromotion
" 计算机及应用难学不？",edupromotion
" 复合材料专业有没有",edupromotion
" 深大专升本工商管理考几科",edupromotion
" 哪专科高还是本科高？",edupromotion
" 网络要考试吗",edupromotion
" 最便宜是哪种方式",edupromotion
" 有自考机电一体化或者电气自动化专业的自考吗？",edupromotion
" 中专可以直接升本科吗",edupromotion
" 那我读了本科还需要读大专吗？",edupromotion
"教师证 不分全日制和非全日制吗",edupromotion
" 广东湛江有校区吗？",edupromotion
" 中专毕业 怎么考全日制大专呢",edupromotion
" 那2019年那个诚信考试，这次报考会记录档案吗？",edupromotion
" 合并准考证我已经申请了还要去自考办吗",edupromotion
"教师证 请问下2019年，非教师专业，还可以考吗",edupromotion
" 我本专业是行政管理的，请问可以跨专业吗",edupromotion
" 你好 2019年非师范专业的人还能报考教师资格证吗",edupromotion
" 今年大一，看下广东工业大学有什么专业",edupromotion
" 没有，全日制除了插本。还有其它的麽",edupromotion
" 全日制的是几月份开学啊",edupromotion
" 这个上课是怎么上的",edupromotion
"自考 需要考试么",edupromotion
"文科专业 应该报不了是吗",edupromotion
"自考 含金量低一些吗",edupromotion
" 自考需要应届毕业生才可以？",edupromotion
"资料 发邮箱不行吗？",edupromotion
"专业 老师有什么推荐的吗",edupromotion
" 老师，如果文科理科都有不平衡的，选什么专业比较好",edupromotion
"全日制 要在学校读书嘛？",edupromotion
" 能知道2019广东那些学校找招专插本及专业吗？",edupromotion
" 香港人可以讀你們美術課程嗎？",edupromotion
" 教师资格证有大学的吗？",edupromotion
" 大专和本科有什么区别呢",edupromotion
"管理类 有什么专业课程",edupromotion
" 海珠区有夜校麽？",edupromotion
" 问题毕业证在学信网可以查的了的吗？",edupromotion
" 不是查成绩吗？",edupromotion
" 中医学的有插本有这么学校？？",edupromotion
"自考 到时候大专可以换专业吗？",edupromotion
" 我想问下大专有什么专业？",edupromotion
" 你好我想问问那个南方医科大学有没有大专就是全日制的那种",edupromotion
" 是所有学校都可以还是。。我怎样才能知道他们学校可以跨专业？",edupromotion
" 就是报考后就等学校通知，然后就去考试吗",edupromotion
" 有酒店管理行业？",edupromotion
" 学校所在地是？",edupromotion
" 如何报考本科专业教育系？",edupromotion
" 美容教师证是属于什么类型。",edupromotion
"成人教育 哪种含金量好点",edupromotion
" 那我还是先了解，在广州美术学院读室内设计，需要是美术艺术生吗？",edupromotion
" 我想咨询下会计",edupromotion
" 我在云南，可以在湖南考笔试，回云南面试吗？",edupromotion
" 可以直接领证吗",edupromotion
" 老师录取要看各科成绩吗",edupromotion
" 專插本要考多少科目",edupromotion
" 专本套读还可以读吗",edupromotion
" 有什么专业",edupromotion
" 语言类是什么",edupromotion
" 请问这里考的证书国家认可吗",edupromotion
" 我看网上有几个类型的，自考，函授，网络上课的，哪种比较容易考过啊",edupromotion
" 日语什么专业",edupromotion
" 你好我问下，体育教师资格证能考吗",edupromotion
"全日制 学费一年要多少",edupromotion
" 那这个毕业证国家承认吗？",edupromotion
" 有护理专业的吗",edupromotion
" 请问北京理工大学珠海学院今年h会以2a分数线录取嘛",edupromotion
" 考教师证又是怎样的？",edupromotion
" 我是想查了后看能不能认证在考本的",edupromotion
" 还有什么专业",edupromotion
" 现在可以提升学历嘛",edupromotion
" 你好  我想问问广东接受插本生的院校有哪些",edupromotion
" 报考什么学校",edupromotion
" 是不是有一个学前教育？",edupromotion
" 有没有环境保护专业",edupromotion
" 请问你校全日制是几年",edupromotion
" 日语也是吗，不是省份出题吗",edupromotion
" 是的，我想问一下要考哪一方面的知识呢？",edupromotion
" 今年还能报考普通话吗",edupromotion
" 所以之前考没考过有什么影响吗",edupromotion
" 报的一门过了，不需要申请什么",edupromotion
" 你好，请问广技师今年还招工商管理专业吗？",edupromotion
"专插本 是全日制？",edupromotion
"教师资格证 小学吧！比幼儿园难吗？",edupromotion
" 成人高考需要去学校上学吗",edupromotion
" 不是说学时的话可以网上自己刷一下就行了吗",edupromotion
" 通过培训 考到的几率大吗",edupromotion
" 小学毕业能报本科？",edupromotion
" 今年成考被录取了，什么时候交费？",edupromotion
" 有什么专业可以选择",edupromotion
" 有什么专业？",edupromotion
" 你们自考过关率最高的是什么专业",edupromotion
" 就之前考的那个证书可以用吗 还是要重新考",edupromotion
" 我初中可以考大专文凭吗？",edupromotion
"幼师 需要考才艺的吗",edupromotion
"报读大专 可以吗？",edupromotion
" 我是外省民办大专，不是广东这边的，可以吗？",edupromotion
" 有些什么专业可以学",edupromotion
" 这样考进去的和高考考进去的有什么不一样的吗",edupromotion
" 就是这块的话业余的也有吧？",edupromotion
" 我挂的科要下学期才补考，会不会影响啊",edupromotion
" 就是专升本考试，要考多少分才可以被录取",edupromotion
"教师资格证 非师范专业的能报考吗？",edupromotion
" 你们有没有面试关于初中化学科目的教材",edupromotion
" 是自考还是？",edupromotion
" 比如本科要多久可以拿到证",edupromotion
" 怎么才能免考呀",edupromotion
" 我想考一名公办幼儿教师怎么复习",edupromotion
" 不会有其他骚扰短信吧？😂",edupromotion
" 你好一定要大专以上才能考教师证吗",edupromotion
" 年龄比较大了",edupromotion
" 请问一下本科要学几年的？",edupromotion
" i我想问一下、教师资格证成绩会不会过期哈",edupromotion
" 自考不是取消了吗？",edupromotion
" 大专  有没有艺术类的？",edupromotion
" 毕业证是统招还是自考",edupromotion
"教师资格证 都有什么级别?",edupromotion
" 想问一下笔试有效期是多久呀",edupromotion
" 那我17年下半年考的笔试，面试有效期就是19年下半年对吗",edupromotion
" 请问这是广东财经大学自考招生吗",edupromotion
" 请问专升本有没有全日制在校学习",edupromotion
" 已经做了十四年私店医师可以报考吗",edupromotion
" 医学类具体有什么科目要学的",edupromotion
" 学费是多少",edupromotion
" 如果是全日制呢？",edupromotion
" 请问毕业证是电大学校吗",edupromotion
" 查询成绩的时间呢",edupromotion
" 请问   市场销售   有限报科目吗？ （今年河北高考改革，六选三）",edupromotion
" 成考录取结果大概什么时候可以查看？",edupromotion
" 能不能考完拿证",edupromotion
" 请问有什么专业？",edupromotion
" 我们老师说高技找工作更占优势是吗？",edupromotion
" 现在30岁了，学电脑会不会很吃力啊",edupromotion
" 请问一下自考大专可以考教师证吗？",edupromotion
" 但是我也想读专升本的学校呢",edupromotion
" 那你们自考是怎么样的呢？",edupromotion
" 不用大专文凭？",edupromotion
" 不备案能考试吗？",edupromotion
" 请问有哪些本A的学校会招商务英语的",edupromotion
" 中专，毕业证丢了要先补吗？",edupromotion
" 三月份是上学期？",edupromotion
" 现在有必要去参加高考？还是不用",edupromotion
" 有计算机专业吗",edupromotion
" 那考试是本地考还是得去外地考？",edupromotion
" 可以发一下这些信息吗",edupromotion
" 这边是成人教育吗。。",edupromotion
" 可以不用考试，直接报读是吗",edupromotion
" 那免试入学都需要什么吗",edupromotion
" 证书是怎么样的？",edupromotion
" 只是我看到一些学校插本的工商管理专业只有东莞理工学院才是理科类的，老师请问理科生只能报考理科类的？",edupromotion
" 我年龄比较大了",edupromotion
" 这毕业证多久能下来？",edupromotion
" 学费方面是怎么算的",edupromotion
" 有针灸师证考吗",edupromotion
" 专科是大专吗",edupromotion
" 中专升专科有几年",edupromotion
" 有什么专业呢?",edupromotion
" 我想问您，专插本学历认证，这是往届毕业生才做的，做吧？应届不用？",edupromotion
"当老师 请问需要正规的证书吗",edupromotion
" 是分段教学的吗！？",edupromotion
" 广技师专插本可不可以跨专业",edupromotion
" 我想咨询嘉应可以跨专业考试？",edupromotion
" 你好。请问你哪里读大专是全日制的嘛",edupromotion
" 电工证物业管理证这类有吗",edupromotion
" 没有在线教育的初中课程吗？",edupromotion
" 2019年春季招生，有没有招平面设计专业?",edupromotion
" 跨专业可以考数学吗？",edupromotion
" 我想问一下，社会人士可以考教师资格证吗？",edupromotion
" 你们是机构的吗？",edupromotion
" 因为本人在职入学，课程怎么安排",edupromotion
" 销售有关的有吗",edupromotion
" 多久可以拿证",edupromotion
" 一般拿到毕业证要多久？",edupromotion
" 我想问一下你们学校专插本有工程造价这个专业的吗",edupromotion
" 专插本考5科 公共课三科 专业课考啥",edupromotion
" 请问，如果要去学校学习中医，还有什么途径吗?",edupromotion
" 那什么专业好点",edupromotion
" 国家承认吗？学信网可以查吗？",edupromotion
" 能考学位证？",edupromotion
" 重庆那边有吗",edupromotion
" 发送短信了吗",edupromotion
" 2018的笔试？",edupromotion
" 有没有学宠物医师的",edupromotion
" 国家的教师资格证？",edupromotion
" 哪些专业比较好考一点",edupromotion
" 城乡规划，有这个专业吗",edupromotion
" 什么时候发招生简章",edupromotion
" 卫生局认可吗",edupromotion
" 这样可以的吗",edupromotion
" 老师，我想问一下专科自考本科建议换专业嘛",edupromotion
" 请问你们这培训机构在哪里？",edupromotion
" 请问何老师，学中医走那种途径较好，还有自考，网络等",edupromotion
" 初中毕业，可以去读大专吗？",edupromotion
" 请问插班生是要去上课？",edupromotion
" 录取通知书是网查还是邮件形式？",edupromotion
" 国家承认否？",edupromotion
" 请问有哪些学校",edupromotion
" 是要在面试前通过普通话考试吗",edupromotion
" 请问老师你是哪个教育机构哦",edupromotion
" 有哪些专业啊",edupromotion
" 听说要停考，是这样吗",edupromotion
" 你是哪里的学校的老师",edupromotion
" 您先帮忙介绍一些吧",edupromotion
" 北理珠还招吗",edupromotion
" 截止时间呢",edupromotion
" 广东省专插本的学校有哪些呢",edupromotion
" 是去学校上课吗",edupromotion
" 有什么专业吗？",edupromotion
" 请问老师，哪个大学比较容易考",edupromotion
" 咱们这边有好考好学的专本套读吗?可以推荐一下",edupromotion
" 你们是哪里的学校",edupromotion
" 毕业证失了可以报读吗？",edupromotion
" 请问都是自考呢还是分开",edupromotion
" 那有什么专业呢",edupromotion
" 2019年专插本有那些学校",edupromotion
" 请问是华南师范大学吗？",edupromotion
" 去考教师资格证也可以吗？",edupromotion
" 我现在是大一学前教育专业，能跨哪些专业呢？",edupromotion
" 请问今年还招生吗",edupromotion
" 这个中医学毕业以后可以考执业医或者助理么？",edupromotion
" 华南师范大学英语专业可以专插本吗",edupromotion
" 请问夸专业插本难度大吗",edupromotion
" 有什么专业呢？",edupromotion
" 没基础可以学吗",edupromotion
" 会不会不被录取?",edupromotion
" 服装设计专业的大专有哪些呢",edupromotion
" 天河有没有啊",edupromotion
" 你帮我介绍一下",edupromotion
" 是已经截止了吗",edupromotion
" 那可以考吗",edupromotion
" 请问今年吉大珠海学院专插本有培训班吗？谢",edupromotion
" 全日制大专难考吗？",edupromotion
" 你们是提供什么服务",edupromotion
" 介绍下吧 我想换专业",edupromotion
" 那负责什么。。。",edupromotion
" 需要几年",edupromotion
" 考试的话麻烦不麻烦的？",edupromotion
" 中专是学前教育，函授大专是教育管理，是属于非师范，还是师范？",edupromotion
" 对，想问星海学院有插本吗",edupromotion
" 专插本是不是比专升本会难考但是社会认证就比较偏向于专插本",edupromotion
" 我想问一下，今年广东金融学院专插本招会计吗",edupromotion
" 网络教育的毕业证我已经拿到了，还能转吗",edupromotion
" 我想问一下，本科有一年拿证的吗？",edupromotion
" 你们是报考机构对吧",edupromotion
" 广东专科大三学生可以在户籍所在地报考教师资格证面试吗",edupromotion
" 请问大专有什么专业",edupromotion
" 有艺术类的吗？",edupromotion
" 老师，您这边是机构的吗？",edupromotion
" 老师，你那边是什么机构呀?",edupromotion
" 确定有在校学习吗？",edupromotion
" 广东石油化工学院有没有招生啊今年",edupromotion
" 你们学校最短的学科是多长时间",edupromotion
" 技校生可以直接报自考本科吗？",edupromotion
" 还麻烦老师介绍一下",edupromotion
" 你们有服装设计这课程么",edupromotion
" 那个时间短？",edupromotion
" 那跆拳道专业有没有招人?",edupromotion
" 中级英语教师资格证是指初中吗",edupromotion
" 你们这是哪里",edupromotion
" 我听说会计要取消了?",edupromotion
" 老师您也介绍一些给我吧",edupromotion
" 老师，请问我报了中职文化课，报考了两门，我可以去申请参加中职专业课的面试吗？",edupromotion
" 但是我人在深圳，我想去广州面试可以吗，我户籍是河南的",edupromotion
" 妳們這個是自考還是成考？",edupromotion
" 需要多长时间拿证？",edupromotion
" 何老师好！今年成人高考多少分可以被贵校录取",edupromotion
" 广航今年招生不",edupromotion
" 入学需要考试吗",edupromotion
" 嗯有什么区别吗？",edupromotion
" 考试时间是什么时候呢？",edupromotion
" 请问现在还招生吗",edupromotion
" 有考试大纲吗",edupromotion
" 你们是在那里上课呢",edupromotion
" 成人大专是不是不用到学校上课的",edupromotion
" 在深圳  考教师资格证   没有社保怎么办",edupromotion
" 全国都是一月？",edupromotion
" 读了，想进单位工作，有没有帮助",edupromotion
" 哪个学校用医疗检验技术",edupromotion
" 18年考试成绩什么时候出来",edupromotion
" 你们有视觉美学设计这个专业吗",edupromotion
" 我2017秋的本科还是要继续读的。不过专业不是我想要的",edupromotion
" 学校哪里的",edupromotion
" 你们是机构的？",edupromotion
" 你们是哪个地区的？",edupromotion
" 有兽医自考吗",edupromotion
" 工作十年了 还能考吗？",edupromotion
" 需要多长时间才能完成这专业？",edupromotion
" 报读大专要多长时间才能完成？",edupromotion
" 有没往年插本的专业课考试大纲啊",edupromotion
" 经济师100%通过？",edupromotion
" 在校生面试一定要在学籍所在地吗",edupromotion
" 你好，教师资格证考试考口试的时候要毕业证吗",edupromotion
" 佛山南海有培训点吗？在哪？",edupromotion
" 有电竟学吗？",edupromotion
" 有没有华师大的设计专业",edupromotion
" 你们是什么学校",edupromotion
" 多久能拿证书?",edupromotion
" 老师介绍一下",edupromotion
" 如果在广东报考会不会很难通过？",edupromotion
" 你是哪里的老师",edupromotion
" 可以像你咨询吗？",edupromotion
" 每个星期上几节课？",edupromotion
" 大学毕业？",edupromotion
" 需要自己考试吗？",edupromotion
" 我想问有什么专业",edupromotion
" 但我看好像只有数学专业的才能报是吗",edupromotion
" 自媒体，传媒类的比较感兴趣吧",edupromotion
" 要考试通过才可以报吗",edupromotion
" 那我出钱可以吗？",edupromotion
" 哦，怎样开始学？",edupromotion
" 报名时间过了，还有补报的机会吗",edupromotion
" 是世面上卖的哪种还是独家的",edupromotion
" 读大专要先参加成年高考吗",edupromotion
" 怎么考教师资格证",edupromotion
" 请问一下中山大学招不招自考本科护理系的",edupromotion
" 你们不会随意暴露信息的吧",edupromotion
" 宿迁这边学校有吗",edupromotion
" 那能住校嘛",edupromotion
" 你们是机构吗",edupromotion
" 专业不一样考的也不一样吗",edupromotion
" 可以报全日制吗",edupromotion
" 有啥专业",edupromotion
" 自己在家学考试时去考一下就行了还是要到学校？",edupromotion
" 请问你本校招生吗",edupromotion
" 成考录取后要期末考试吗",edupromotion
" 你们这是机构办学吗",edupromotion
" 请问你们学校有学前教育吗？",edupromotion
" 你这个大牛教育，在哪儿的？广州吗？我是梁先生，帮妹妹问的。",edupromotion
" 需要什么与档案有关的证明吗？",edupromotion
" 请问你这边是教育机构吗？",edupromotion
" 请问你们是华南理工大学是吧",edupromotion
" 你好，你们这边自考的专科可以上全日制本科吗",edupromotion
" 华师是不是有成人本科的人力资源管理专业呀",edupromotion
" 教育师范类和语言是一样的吗",edupromotion
" 哪种读的人多呢？",edupromotion
" 可以专插本？",edupromotion
" 老师如果考行政管理的话，要学毛概的？",edupromotion
" 那培正学院的话会计专业应该算是文科？",edupromotion
" 专插本本质是读几年？",edupromotion
" 我们读了自考专科还可以去报专插本本科？",edupromotion
" 我在2012年考到了，但是未审过，还有用吗",edupromotion
" 那请问理科类的学生可以报考文科类吗",edupromotion
" 是不是退伍的分数线跟其他人不一样的",edupromotion
" 本专业是检验，可以插其它专业吗？",edupromotion
" 不能简单说一下吗？",edupromotion
" 可以升本科么",edupromotion
" 你那个学校叫什么名字呢",edupromotion
" 全日制跟非全日制有什么区别",edupromotion
" 你是機器人？AI",edupromotion
" 想了解一下有哪些院校和专业",edupromotion
" 我要自考广东大学的话、有什么学校可以推荐一下吗",edupromotion
" 我想知道广州航海学院专插本主要有哪些专业",edupromotion
" 这家学校还有别的教学点？",edupromotion
