sentence,entity,standard_entity
首先要检查清楚哪一种情况  有输液 口服用药等方式  具体检查结果出来后可以确定清楚了 咱们是国家重点生殖单位 主要看这方面,输液,输液
囊肿一般根据脓肿的性质 大小 以及感染的菌群 采用中西医药物 结合理疗的,中西医药物结合理疗,中西结合
恩，现在那边确诊以后是建议你直接手术还是保守调理治疗呢,保守调理治疗,保守治疗
听过激光,激光,激光
这个治疗方案很多，如中医，手术治疗，药物治疗、性功能仪器康复治疗、物理治疗等，这个都是要根据咱们个人实际情况来选择合适自己的治疗方式，因为早泄的诱因不同，治疗的方式也是有所不一。,药物治疗,药物治疗
治疗方法比较灵活，有药物，物理理疗等， 根据你病情，病因来定，之前有上医院看过吗？,物理理疗,理疗
一般明确清楚病因主要是去除病根 恢复正常的性生活时间  多是采用中药或中西结合治疗  、,中西结合治疗,中西结合
吃中药治疗呢,中药治疗,中药调理
常见的像中药、西药、中成药、物理介入、理疗等等都是有效率较高的治疗方法。今年多大年龄？,理疗,理疗
你院治疗前列腺炎肥大，用什么方法，药物治疗还是手术,药物治疗,药物治疗
好几家医院输液电疗微波,输液电疗,输液
尿检阳性跟你感冒打针没有关系,打针,打针
药物有十几种，中药，西药，中成药物，阴茎降敏治疗等等,中成药物,药物治疗
我去医院，大夫除了看一眼，就让我去输液别的也不跟我说,输液,输液
手术只是一方面的都是有指标的 早泄的治疗方式很多我院主要是采用中西药结合 物理 理疗 康复仪等治疗方式 通过治疗提高性生活时间,中西药结合物理理疗康复仪,中西结合
检查是前列缐钙化，前列缐肥大，做过药物疗法，,药物疗法,药物治疗
这方面治疗方式，理疗，药物，手术都有的，之前有检查过这方面的影响原因吗,药物,药物治疗
保守治疗有好办法吗,保守治疗,保守治疗
咱们医院这方面的 治疗方式是有很多种的 是中西医结合的 也有物理仪器理疗等等 具体还是要结合你的实际情况的,物理仪器理疗,仪器治疗
咱们是中西结合医院  治疗方案是很多的   如中药  西药  物理仪器   输液  局部治疗等等  具体看你适合哪种,输液  局部治疗,输液
像这个往往是夜间症状会加重的厉害，你的情况是需要针对泌尿系统做个检查，然后对症治疗用药的。 对于病情比较严重的患者，多采取输液治疗，具体结合情况,输液治疗,输液
单纯的换药是35元  这术后输液消炎几十元到百元不等的 具体到院后主任会结合实际情况来决定的  花费并不高  主要术后护理是很关键的 利于伤口愈合，这个咱们可以结合个人实际情况看是否在院消炎换药或者自己就近换药都是可以的。,输液消炎,输液
可以吃药或打针治疗吗?,打针治疗,打针
你见过哪个医院护士还管给你分析的   护士就是打针输液治疗的,打针输液治疗,打针
哦这种情况大概需要多少钱输液还是吃药,输液,输液
这方面调理挺多的，像中西药物治疗，物理治疗，降敏治疗等，主要是结合诱发早泄的病因来选择,药物治疗,药物治疗
我院治疗早泄根据病因不同有中西结合的药物调理、物理仪器治疗、手术治疗等方案，具体的是要根据你的自身情况 选择适合你的才对你有效果，,物理仪器治疗,仪器治疗
药物介入，理疗，输液都有,理疗,理疗
恩，这方面治疗办法比较多，比如保守的药物调理、物理介入、理疗，如果是严重的，拖延较久的可能就得手术了。,理疗,理疗
治疗方法比较灵活，有药物，物理理疗等，得根据他病情，病因来选择好，他之前有上医院检查治疗过吗？,物理理疗,理疗
激光这个手术多少钱,激光,激光
咱们一般有药物 输液 物理仪器治疗。具体要检查清楚,输液物理仪器治疗,输液
这方面治疗的方式有很多 像是中西医结合，物理仪器等方式,中西医结合,中西结合
这方面也是我院常见病情 每天接诊这方面都是很多的 我院主要采用中西医药物结合 物理 理疗  康复仪等治疗方式 减低龟头阈值神经 提高射精时间 达到治疗早泄目的,中西医药物结合物理理疗 康复仪,中西结合
咱们常见的是中药，西药，中西结合，局部治疗等等方式 可以帮助咱们在短期内恢复,中西结合,中西结合
调节方法是比较多的，有药物，中西结合，物理理疗，微创等，根据个人病情来定，之前有上医院看过吗,物理理疗,理疗
恩，那单纯输液是不行的，现在我估计他有一些前列腺增生肥大的情况了,输液,输液
年纪不大，治疗的方式倒是比较灵活，有中药，西药，中成药，微创，理疗等。,理疗,理疗
嗯 小腹疼痛 提示你这病情肯定是有加重的  药物治疗是常见的治疗方式  针对一些不严重的患者  像是部分对药物吸收不好的  也可以采用物理治疗 让药物直达病灶  效果会更好,物理治疗,理疗
咋们确诊了，是药物治疗还是中药调理？,中药调理,中药调理
嗯，那就是当时没有治愈，现在复发，这方面影响还是比较大，单靠输液消炎的话 恢复比较慢，效果不一定能根治,输液,输液
我昨天做完了勃起障碍的手术，完了又做咯一个红光脉冲的治疗,红光,红光
打针四五天了，感觉没用,打针,打针
吃药  打针,打针,打针
前几天疑似坐骨神经疼，做了五天理疗。,理疗,理疗
包皮手术安全吗，是激光还是剪子,激光,激光
像性功能下降方面的药物有很多种，不建议盲目的服用。不明确具体情况，是很难起到效果的，不管是中药、西药、中成药调理、理疗、中医疗法等，虽然有效率高，但是没有针对性，也没有效果。,中成药调理,中药调理
意思是还点用激光,激光,激光
咱们医院治疗方法有很多种 比如说药物治疗 物理治疗 手术等等 具体要根据你检查结果来看,药物治疗物理治疗手术,药物治疗
你好医生，关于包皮过长问题，手术的好还是激光的好,激光,激光
周先生你好，你这个问题检查是不麻烦的，主要针对早泄方面，龟头敏感度，海绵体等情况筛选检查，确诊病因以及发展情况，选择适合的治疗方式，药物或性功能康复等治疗，恢复是很快的,药物,药物治疗
前几天在赤峰检查出尖锐湿疣   后来用激光打了    这两天有复发了   会不会有生命危险,激光,激光
向我院早泄的治疗方案很多，如中医，手术治疗，药物治疗、性功能仪器康复治疗、物理治疗等,物理治疗,理疗
治疗的话 必须要明确病菌细菌病毒微生物是哪一种 然后针对性的去用药 物理 输液 理疗 排毒等等的方式进行治疗 不能大意,输液理疗排毒,输液
治疗的方式有很多比如说手淫导致的，可以通过药物治疗 物理治疗 介入治疗等等，发育问题的话，一般就是刺激发育,药物治疗物理治疗,药物治疗
我院性功能是主攻科室，这方面治疗像中西药物，物理治疗，降敏治疗，生物蛋白针等治疗方式很多,物理治疗,理疗
最近感冒流鼻涕，嗓子疼，去输了液，输完液就感觉上背疼,输完液,输液
还需要做红光吗,红光,红光
这方面的治疗形式也比较多 像中药 西药 中西药结合 物理等  需要根据咱们的具体病因而定  咱们都知道什么症状都是对症的治疗才有效果,中药西药,中西结合
治疗方法比较多，有药物，中西药结合，物理理疗等，结合个人病情来定的， 有上医院看过吗,物理理疗,理疗
哦哦   明白   听说还有仪器治疗的,仪器治疗,仪器治疗
别的医院告诉我  只要打针就行了,打针,打针
这方面治疗方式还是比较多的，像初期药物调理，物理仪器辅助治疗等效果都是很显著的,药物调理,药物治疗
请问一下，做了激光治疗后隔天还要打消炎针吗,激光治疗,激光
这个情况 治疗并不难 方式比较多 像中西医结合  药物   输液  微创 物理 理疗等  结合你的情况   不能盲目  在我院科室是重 点科室,中西医结合 药物  输液  微创物理理疗,中西结合
嗯 这方面我院是比较常见的  也是我院的主攻科室 治疗方法以及治疗方案都是比较灵活 比如说中西医结合 物理仪器治疗等都是可以的,中西医结合物理仪器治疗,中西结合
是用激光嘛,激光,激光
为什么要用盐水清洗 ？,盐水清洗,盐水洗
像中药、西药、中西结合、物理介入、理疗这都是比较常见、有效率比较高的治疗方法,理疗,理疗
一般这种情况在确定病因之后 治疗的办法有很多种，比较多的是药物治疗 中西药结合的方式，药物治疗 介入治疗等等,药物治疗介入治疗,药物治疗
这个治疗的话方式很多，想药物，中西药，物理仪器理疗，甚至手术都是有的,中西药,中西结合
打了两次消炎针,打了两次消炎针,打针
性功能障碍也是我院主攻治疗疾病，这方面调理方式很多，像常见的中西药物，物理治疗，性功能康复治疗，理疗等等，主要是结合检查看病因以及发展程度确定，更好的恢复,物理治疗,理疗
中医疗法的话就比较多了，中药调理、中医理疗、针灸、按摩、中药外敷等等。主要是看你损伤的程度，损伤位置,中药调理,中药调理
有激光的吗？,激光,激光
然后我来了以后，换药包扎，打消炎针，做的雾化红光，一个七百,打消炎针,打针
需要吃中药调理吗,中药调理,中药调理
你是想采用中医调理是吗？,中医调理,中药调理
咱们医院 有很多治疗这方面情况的方式方法 比如说药物治疗物理治疗  介入治疗等等,药物治疗,药物治疗
输青霉素治疗,输青霉素治疗,输液
治疗是比较灵活的， 有药物，中西医结合，物理理疗等，确诊清楚病因，恢复好并不难,物理理疗,理疗
麻醉后激光微创是吧？,激光微创,激光
输过消炎药,输过消炎药,输液
灌药输液,输液,输液
具体病情我先了解下 性功能治疗是灵活性的不是单一的 临床无非中药 西药 中西理疗等,中西理疗,理疗
那又得输液吗？能根治吗？,输液,输液
雾化和红光治疗，费用太贵了，又不给报销。,红光治疗,红光
可以用药物治疗吗,药物治疗,药物治疗
像常用的中药、西药、中西结合、物理介入、理疗等等，严重的通过激光或者手术也是有的。,中西结合,中西结合
向我院早泄的治疗方案很多，如中医，手术治疗，药物治疗、性功能仪器康复治疗、物理治疗等,性功能仪器康复治疗,仪器治疗
调理方法有许多，中药，西药，物理理疗，中西医结合等， 根据个人病因选择好,物理理疗,理疗
性功能是我院的重点科室，这方面调理很多，像中西药物 ，物理治疗，性功能康复治疗等，效果不错，但要依据你主要病因来调理,物理治疗,理疗
咱们主要以药物治疗调理，完全是可以恢复好的,药物治疗调理,药物治疗
上次就是输输液就好了,输输液,输液
早泄的治疗方案很多，如中医，手术治疗，药物治疗、性功能仪器康复治疗、物理治疗等，需要明确病因 针对治疗,性功能仪器康复治疗,仪器治疗
病因比较多，那么治疗方式相对也就多一些，例如中药，西药，中成药，微创，理疗等。得结合个人的问题点来选择适合自己的,理疗,理疗
打几天针就好了,打几天针,打针
以前去过一次医院检查，做过物理治疗，有气压和水把阴茎用压力变勃起，然后还打过一个针，打完后阴茎是勃起状态,物理治疗,理疗
物理治疗比如说针灸 等等一些外在仪器的治疗方式，相对来说物理治疗恢复的会快一点，对身体的伤口基本上没有，药物的话，恢复的相对来说慢一点 但是有一定的副作用,物理治疗,理疗
治疗是比较灵活的，有物理理疗，康复仪，微创，中西医药物治疗，结合个人敏感度对症治疗即可,中西医药物治疗,中西结合
治疗方法有很多，比如中西药结合调理，性功能康复一起，物理治疗，埋线治疗，微创手术等等，具体要看你目前的病情适合哪一种,物理治疗,理疗
您好，今天体检，查出来前列腺炎，用药物治疗可以吗,药物治疗,药物治疗
输液消炎的话是一两百元左右，具体要看用什么药,输液,输液
打针的话只能起到消炎的作用，而且您没检查清楚的话 后期还会复发也麻烦呀,打针,打针
做红光治疗有什么好处,红光治疗,红光
我龟头上有小疙瘩，医生让我做了激光清理，又做了一个光照射,激光清理,激光
做了一次红光,红光,红光
治疗是比较灵活的， 有药物，中西医结合，物理理疗等，根据个人病因来定，之前有上医院看过吗？,物理理疗,理疗
这个可能会有关系，因为这些药物都是调理肾阳虚、排毒、泻火的中成药,排毒,排毒
我院治疗早泄根据病因不同有中西结合的药物调理、物理仪器治疗、手术治疗等方案，   具体的是要结合你自身的情况 选择适合你自己的,中西结合,中西结合
还得输液吧,输液,输液
如果建议的话，手术当天输液消炎，也没多少钱的事，这样有助于恢复,输液消炎,输液
阳痿有几个比较常见的病因，确定了是什么病因导致的之后阳痿这种情况是比较好恢复的，比如说通过一些药物治疗  物理治疗等等，恢复的都可以,药物治疗 物理治疗,药物治疗
我院治疗早泄根据病因不同有中西结合的药物调理、物理仪器治疗、手术治疗等方案， 具体的还是要看咱们的实际情况，,物理仪器治疗,仪器治疗
我不想做手术。我想最好中西医结合治疗方法,中西医结合治疗,中西结合
但是如果问题严重的单纯药物没有效果，那就需要进一步的通过物理修复、理疗、物理介入，严重的甚至是手术才能恢复了,理疗,理疗
恩，那应该是您这个症状表现的不是很明显，像您这种情况治疗的话可以通过药物治疗 物理治疗等治疗手段进行调理恢复,药物治疗,药物治疗
这块咱们常用的处理方法最多的就是药物、口服、外用的，针对不同病菌处理的办法也不同，另外一些比较顽固的可能会通过一些物理介入、理疗这类的进行处理，也都不麻烦,理疗,理疗
恩，这方面的话咱医院调理方式比较多，像中西药物，局部物理仪器理疗修复损伤组织和血管，效果也都是不错的,局部物理仪器理疗,理疗
我儿子15了小机机小，看气死医生说是包皮做完手术还是不长可以打激素针吗？,打激素针,打针
需要中药调理还是西药治疗,中药调理,中药调理
小孩说2个月前有没太注意，最近肿大严重，在长春检查未发现问题点，现在打消炎针,打消炎针,打针
你指的打针是什么  输液吗,打针,打针
这个治疗方法比较多，主要是看情况、病因、程度，像中药、西药、中成药、物理介入、理疗等等这些都是比较常见的,理疗,理疗
去医院打针是不是,打针,打针
治疗方法有很多，比如中西药结合调理， 仪器治疗等等，具体要看咱们现在的病情程度适合哪一种，对症选择即可,中西药结合调理,中西结合
不清楚   我有输液  打针  做过红光照射   还有换药,输液打针,输液
现在需要确诊是其中哪一部分出现了问题都确诊清楚了一般中药 中西药 理疗等进行调理就可以,中西药理疗,理疗
嗯，还是吃药和仪器治疗呗,仪器治疗,仪器治疗
我需要红光吗,红光,红光
咱们医院是在北京的  是这个方面的定点大医院 这个有中药 西药 中诚药物  治疗 理疗这个方面的情况的 具体需要面诊一下  根据你的实际情况治疗的,中诚药物 治疗理疗,药物治疗
是的，这些都是需要进行专业的检查的，结合检查结果来针对治疗，我院治疗方式也很多，像中西药物，物理治疗，降敏治疗，生物蛋白线等，选择适合你的治疗，短时间是好恢复的,物理治疗,理疗
半天用盐水洗洗就消了,盐水洗洗,盐水洗
我院治疗前列腺炎的方式是中西医药物治疗，有必要的话会结合物理治疗，从而引导药物穿透前列腺包膜，促进炎症的消退吸收，同时缓解平滑肌收缩，改善症状 避免反复 也是直达病灶的,物理治疗,理疗
"我院治疗早泄根据病因不同有中西结合的药物调理、物理仪器治疗、手术治疗等方案，所以我建议你可以到医院做个性功能病因检查,再制定针对性的治疗方案，",中西结合,中西结合
你这样的情况也是我院常见病情 我们需要针对性检查清楚，对症去治疗 也避免咱们走弯路也不合适了 我院主要是采用中西医结合 物理 理疗等方式根据遭袭严重程度去治疗,中西医结合物理理疗,中西结合
治疗方法有多种，有中药，西药，物理理疗等，得根据你病情，病因来选择好，你之前有上医院检查确诊过吗？,物理理疗,理疗
这个不是说吃药可以治疗的 这的打针才行  你的需要先确定一下哪一种感染到了 是不是梅毒  梅毒是性病的,打针,打针
保守治疗是药物或者物理治疗的,保守治疗,保守治疗
这方面药物很多，咱医院中药 西药 中成药 理疗等等，要结合你的病因来调理才行,中成药理疗,中药调理
不用激光。药物可以处理吗,激光,激光
这方面的治疗并没有那么麻烦的，很多患者要是适合药物治疗，都是可以带药回去调理的，3-5天或者严重的7-14天就能恢复正常了,药物治疗,药物治疗
治疗是比较灵活的，  有药物，中西医结合，物理理疗等， 根据个人病因来选择好，之前有上医院看过吗,中西医结合,中西结合
清楚后对症的治疗和用药才有效果 一般也是采用中药或中西药结合治疗,中西药结合,中西结合
打消炎针行么,打消炎针,打针
有，准备输液治疗。,输液治疗,输液
是吃药还是打针呢？,打针,打针
治疗是比较灵活的，有药物，中西医结合，物理理疗等，看咱们个人病情，有上医院看过吗？,物理理疗,理疗
这方面本身就是咱们医院的重 点科室，针对性的治疗都不难恢复，治疗的方式也都是比较多的，药物的话有中药，西药，或者是中成药物，以及物理仪器治疗，,物理仪器治疗,仪器治疗
这方面是我院的主抓科室，治疗方式是比较灵活的，如中西医药物 理疗，中医康复疗法，针灸穴位疗法，微创等,中西医药物理疗,中西结合
向我的病吃药还是打针,打针,打针
主要是看病因情况，常见早期发现一般是调理为主，也就是中药、西药、中西结合、物理介入、理疗这块较多。,理疗,理疗
常见的像中药、西药、中成药、物理介入、理疗、物理修复等等都是常用的手段，费用也都不高。一般都可以接受。,理疗,理疗
初期是考虑保守治疗的，严重了就要通过物理疗法来辅助了,物理疗法,理疗
药物有很多，中西药物调配治疗或物理仪器治疗等，效果都是不错的，具体要结合病因,物理仪器治疗,仪器治疗
常见的有中西医药物 理疗，中医康复疗法，针灸穴位疗法等。结合个人的具体情况 会针对选择最适合的治疗方式,中医康复疗法,中药调理
你是因为什么输液头孢呢,输液头孢,输液
是打针吗,打针,打针
性功能我院多年研究疾病，这方面治疗方式是很多的，像常见的中药 西药，中成药，物理治疗，性功能康复治疗等治疗方式,物理治疗,理疗
治疗上多是采取中西药结合的方式，或者中成药 中药去调理  当然治疗的方式有很多 药物治疗 物理治疗 介入治疗等等，主要是看您目前阳痿早泄的程度来判断,药物治疗物理治疗介入治疗,药物治疗
没有 之前医生输过液,输过液,输液
治疗方法很多 包括中药 西药 中西 以及物理理疗，治疗也不难但需要明确病因，解决问题肯定是需要找出问题点在哪里,物理理疗,理疗
打几针麻药,打几针,打针
我院治疗早泄根据病因不同有中西结合的药物调理、物理仪器治疗、手术治疗等方案，具体的是要根据你的自身情况 选择适合你的才对你有效果，,中西结合,中西结合
向我院早泄的治疗方案很多，如中医，手术治疗，药物治疗、性功能仪器康复治疗、物理治疗等,药物治疗,药物治疗
这方面中药是有的，口服的，甚至灌肠促进药效吸收，物理治疗等，效果是不错的,物理治疗,理疗
治疗比较灵活，常见有药物，中西医结合，康复仪，物理理疗等，根据个人病因去选择好,中西医结合,中西结合
一般查清楚具体的致病菌类型 那药物调理的都是很多的，也有别的调理方案 像激光 物理等等,激光物理,激光
这方面治疗方式很多，药物，物理治疗，微创手术等，都是随做随走，不需要住院的,物理治疗,理疗
打几针,打几针,打针
治疗是比较灵活的，中药，西药，微波，灌注，中西医结合等，检查确诊清楚结合个人病情选择好，这样能更好的解决问题,中西医结合,中西结合
用打点滴吗？,打点滴,打针
这个年龄段性功能下降的是正常的可以吃点中药 等等去调理 调理,中药,中药调理
恩，这治疗方式比较多，咱医院中西药物治疗，局部理疗 微创等等方式是很多的,药物治疗,药物治疗
治疗方法是比较多的，中药，西药，中西医结合，物理理疗等，结合个人病情来定,物理理疗,理疗
没输过液，今年46,输过液,输液
具体来院都会根据你的病情提前告知你治疗方案的，拖得久了严重的就要考虑物理疗法和手术了，,物理疗法,理疗
医生说有点感染了，有输液十天，今天刚回来,输液,输液
物理治疗是什么治疗呢！药物治疗我知道是吃药,药物治疗,药物治疗
你当时是在哪个医院输液治疗的呢？,输液治疗,输液
如果有睾丸囊肿这个需要及时看一下比较好，如果单纯打针也没有针对性，效果也不是很好的,打针,打针
这方面主要是找对病因，这样才可以针对的治疗，吃药只是一种方式，有中西医结合 物理仪器等方式针对的选择就可以,中西医结合,中西结合
我们方式很多种 激光是其中一种,激光,激光
我院是不建议手术治疗的 毕竟人身体不同治疗 不同  我院方案多种药物 中西结合 中成药 局部 物理治疗等 根据你的检查结果选择一个适合自己的病情，才有效,中成药局部物理治疗,中药调理
药物也是治疗这个情况的其中一种 像这方面治疗还是有很多种的 也是比较灵活的  比如说中西医结合 物理仪器  中成药 中药 西药等,中西医结合,中西结合
打针，输液还是吃药？,打针,打针
治疗方法是比较灵活的，有药物，中西医结合，物理理疗等，根据你病情，病因来定，之前有上医院检查看过吗,物理理疗,理疗
怎么治疗，药膏，还是药物治疗？,药物治疗,药物治疗
都是有的 咱们医院这方面很灵活  根据以往患者 中药 西药 理疗 中西结合等等 都是有的  关键看您适合什么 以及目前的程度,理疗中西结合,理疗
"这个治疗都是不麻烦的 只要咱们找到病因 针对性的治疗 都是会有的效果的，早泻的治疗从根本上讲就是需要找到引起病情的原因，针对性治疗，从而提高射精刺激的阈值，增强男性对性刺激的耐受性，我院治疗早泄根据病因不同有中西结合的药物调理、物理仪器治疗、手术治疗等方案，所以我建议你可以到医院做个性功能病因检查,再制定针对性的治疗方案，",中西结合,中西结合
性功能也是我院多年重 点研究科室 都是不难恢复的 主要是先确诊好早泄的病因 从病根入手都是不难恢复的 我院主要是采用中西药结合 物理 理疗 康复仪等治疗具体根据你的情况针对性治疗,中西药结合物理理疗康复仪,中西结合
像你的情况在我院很常见的，也是权威的，治疗方法有药物治疗，中成药，物理治疗，理疗等。,物理治疗,理疗
这个也不麻烦，这个感染初期一般是局部治疗更好恢复，局部涂抹药物，西药 输液消炎杀菌的治疗等，都是常规治疗,输液消炎杀菌的治疗,输液
这方面的问题有很多种治疗办法，像咱们医院主要治疗男性生殖系统问题，可以采取的治疗措施有药物治疗 物理治疗 介入治疗等等，,药物治疗物理治疗介入治疗,药物治疗
这个属于咱们医院的常见病 及时检查清楚是可以治愈的 治疗方法有很多种 比如说药物治疗 物理治疗 等等 具体要结合你检查结果来看,药物治疗物理治疗,药物治疗
治疗方法有许多，中药，西药，物理理疗，中西医结合等，根据个人病因来选择好,中西医结合,中西结合
尿白的，输完液，没事,输完液,输液
你好我鬼头做了一次激光怎么好了之后还是疼痛,激光,激光
嗯，像这情况，需要针对的明确下 目前的程度以及诱因，治疗上方式比较多，可以中药调理，理疗等等，结合您的实际情况,理疗,理疗
主要是通过仪器，像红光，微波之类的 。,红光,红光
在咱们临床是较常见的，明确病因 像是中药 西药  消炎 理疗 处理起来也不麻烦 针对的治疗 当天就会有明显的效果,中药西药 消炎理疗,中西结合
治疗方法是比较多的， 有药物，中药，西药，中西医结合，物理理疗等，结合个人病情，病因来定的，不同病因引起，治疗是不一样的,中西医结合,中西结合
1200这个术后用输液消炎吗？,输液消炎,输液
治疗方法比较灵活， 有药物，物理理疗等，根据你病情，病因来选择好，你之前有上有检查治疗过吗,物理理疗,理疗
什么程度的，咱们治疗的话，需要看个人情况 ，中药，西药，理疗，也有微创手术。,理疗,理疗
把出血点找到，对症处理，就可以的。不麻烦，一般药物治疗或者局部处理 。,药物治疗,药物治疗
前8年就发生了，隔了4年又发生，到现在为止又发生，以前喝中药，还有输青霉素治疗的,输青霉素治疗,输液
我院针对降低敏感度治疗有很多，中西药物，物理治疗，生物蛋白针 系带埋线等治疗，效果都不错，但是要先知道诱发敏感度病因以及敏感度是多少,物理治疗,理疗
我院治疗早泄根据病因不同有中西结合的药物调理、物理仪器治疗、手术治疗等方案，,药物调理,药物治疗
他们一天都晚叫我照红光，挂水，口服的药又没开，价钱又贵,红光,红光
医生说是菌毒，必须排，让我用排毒仪器治疗，我排了三天，就花了八千了，医生还说不准排了多少。,排毒仪器治疗,仪器治疗
我院治疗上方式很多 也是灵活的 像中药 西药 理疗 中西结合 微创等都是有的  方式很多 都是可以治疗 结合咱们的自身情况 针对才是解决问题的关键 、,西药理疗中西结合,理疗
他说可以打针治疗神经,打针,打针
你的心情我是可以理解的 治病的前提还是需要结合你本身的情况 你现在的情况我们一般会选择保守治疗 像中西医结合 物理 仪器微创治疗方式效果都是比较明显,中西医结合,中西结合
别又红光又那啥的，有点负担不起,红光,红光
那我这阴茎还能长两公分吗，吃吃药，打打针什么的,打打针,打针
你目前的话勃起障碍的问题这方面治疗调理不难，我院针对治疗方式也很多，像中西药物治疗，物理治疗，微创等，主要是结合你具体阴茎内部发育情况来选择,物理治疗,理疗
一般情况下是可以通过药物治疗的  也有一些物理仪器理疗等等的 具体结合你的病情情况,药物治疗,药物治疗
以前也真常，一个星期前被撞了，缝了四针，还做了物理治疗，,物理治疗,理疗
我院治疗早泄根据病因不同有中西结合的药物调理、物理仪器治疗、手术治疗等方案，,物理仪器治疗,仪器治疗
恩，我院是重点男性生殖诊疗中心，这方面调理方式很多，中西药物结合调理，物理治疗，性功能康复治疗等方式效果不错，具体要明确清楚问题点以及发展程度,中西药物结合调理,中西结合
打针的也是男的？,打针,打针
针对这块的治疗方式灵活 全面 ，运用西药、中药、中西医结合、康复理疗、微创治疗、介入治疗等为性功能障碍患者解决不少疑难的问题，根据以往患者一般在短期内就能感到变化,中西医结合,中西结合
我院针对早泄问题治疗方式很多，像中西药物调理，性功能康复治疗，生物蛋白针，埋线治疗等效果都是不错的，具体要结合诱发早泄的病因来对症调理,中西药物调理,中西结合
您是在那家医院输液治疗的？,输液治疗,输液
可以用药物治疗么,药物治疗,药物治疗
治疗是比较灵活的， 有药物，中西医结合，物理理疗等，具体面诊检查清楚后，选择适合你的治疗方案就可以,物理理疗,理疗
一般比较严重的情况下 咱们就建议患者手术了，不严重的话可以保守治疗药物治疗 物理治疗比如说针灸等等,药物治疗,药物治疗
你是确诊了什么症状  输液治疗的？,输液治疗,输液
这个是可以治疗恢复的，比较常见的治疗方式有中西药结合的药物治疗  物理治疗  您偏向于哪一种？,药物治疗,药物治疗
恩，这个问题科室也是很常见的，治疗方式很多，像西药，中成药，中药，局部理疗等，主要是看你现在内部的睾丸情况怎样的,局部理疗,理疗
你主要看什么疾病呢 不同疾病相对应科室不同 当然治疗包括中医 西医 中西结合,中西结合,中西结合
就是打针消炎,打针消炎,打针
咱们损伤性的问题 ，基本是药物配合物理理疗，咱们这在最佳治疗期间，都是不麻烦的 ，中药，西药，或者中西结合多见，配合物理理疗是促进药物的吸收缩短疗程,物理理疗,理疗
我做完包皮手术八天了钱花了俩万多医生没有拿过吃的药天天挂吊瓶做红光,红光,红光
我院针对阳痿症状调理方式很多，中西药物调配，物理治疗，性功能康复，微创都是有的，具体是结合你导致阳痿的病因啦调理,物理治疗,理疗
我院一般采用的是中西医结合 物理仪器渗透治疗等,物理仪器渗透治疗,仪器治疗
像中药、西药、中成药、物理介入、理疗等等，治疗的根本就是解决神经损伤、敏感度过高的问题。,理疗,理疗
你之所以提到排毒 你是哪里不理想呢？,排毒,排毒
我只是根据你的描述 来初步分析  并没有看到你的实际报告 这个解决 一般可以通过药物结合理疗的,药物结合理疗,药物治疗
这个检查明确了之后也好对症的用药  治疗的 咱们医院有中药 西药 中成药物  理疗的 处理起来也不困难 关键是确诊明确清楚,中成药物 理疗,药物治疗
治疗方法比较灵活，有药物，中西医结合，物理治疗等，根据你病情病因来选择好，你之前有上医院看过吗？,中西医结合,中西结合
他让我照那个激光治疗仪,激光治疗,激光
这方面治疗的话像以往患者来看，五六百，六七百是比较常见的费用，具体要结合你目前的情况看看怎么调理，看是药物还是结合物理治疗恢复,物理治疗,理疗
这是发现后当时就需要处理的，还明天？外伤不及时消炎处理，修复内部破损组织，明天一旦出现凝血和修复的情况，再修复就得通过物理疗法和手术了,物理疗法,理疗
常见的像口服、外用药物，物理介入、理疗等等都是比较常见的，发现的早，针对处理不难。,理疗,理疗
对于阴茎短小治疗方法多种：手术治疗，中西医药物结合物理仪器治疗，海绵体补片，松解阴茎深悬韧带。我们要根据你个人的生殖器特征以及导致短小的原因是什么，来对症治疗的。男性重要部位不能盲目。,中西医药物结合物理仪器治疗,中西结合
性功能是我院的主攻科室 早泄的治疗方案很多也比较灵活，如中医，手术治疗，药物治疗、性功能仪器康复治疗、物理治疗等，根据你的自身情况 明确病因 针对治疗,性功能仪器康复治疗,仪器治疗
那不手术有没有药物治疗的办法,药物治疗,药物治疗
74岁老人睾丸有囊肿，有积液，输液青霉素能好吗？,输液,输液
是吃药治疗么还是打针啊,吃药治疗,药物治疗
在家里，现在每天去乡镇卫生院靠输液治疗,输液治疗,输液
这方面在咱们医院非常常见  相应的治疗方式较多 有中药 西药 中成药理疗等但是得结合咱们现在的问题解决,中成药理疗,中药调理
别乱输液,输液,输液
保守治疗是药物或者物理治疗的,物理治疗,理疗
或者是打针,打针,打针
吃药打针之前确诊过，后来就没查过,打针,打针
治疗方式很多 我院主要是采用中西医结合 物理 理疗 康复仪等治疗方式提高射精时间 恢复勃起白膜硬度,中西医结合物理理疗康复仪,中西结合
给你的建议是先针对可能导致的病因 明确清楚 对症的看能不能采用中药或物理调理  彻底解决这个症状,中药,中药调理
没吃药，没打针,打针,打针
打针还是吃药，还是在做手术,打针,打针
看了 是 需要打针吗,打针,打针
不包含输液换药么,输液,输液
治疗方案是很多的   如中药  西药  物理仪器   输液  局部治疗  手术 等等  具体看适合哪种,输液  局部治疗,输液
现在包皮术后让你做半导体和红光治疗是吗,红光治疗,红光
只想先打针,打针,打针
吃中药调理还是西药,中药调理,中药调理
你好，这方面治疗方式很多，中药，西药，物理理疗等方式，具体要结合你的病情的,物理理疗,理疗
这个调理治疗需要针对性做检查看看，基本是药物调理有的需要配合物理理疗做局部调理,物理理疗,理疗
治疗方案是很全面 灵活的，如中西医药物 理疗，中医康复疗法，促进药物吸收疗法，微创等。结合个人的具体情况 会针对选择最适合的治疗方式，能不手术是不建议手术的,中西医药物理疗,中西结合
药物，物理治疗，微创手术都有,物理治疗,理疗
输液和红光,红光,红光
这也是我院口碑科室常见病种 治疗以及解决问题办法是有很多种的，像一般针对性中西药物 中成药 点滴输液等治疗方式都是比较全面的。,点滴输液,输液
药物调理  性功能康复仪治疗 等 具体哪种方式适合你 检查完就知道了 看病是严谨的 需要对症 所以目前主要的是先检查找到病因,性功能康复仪治疗,仪器治疗
我院是国家男性性功能疾病诊疗研究中心，你的情况属于我院性功能科室最常见的病情，治疗的方法有很多种像中药　西药　中西医结合　输液　仪器等等都是可以治愈的,输液　仪器,输液
如果治，是吃药还是打针,打针,打针
他说让我在他那里输液 治前列腺,输液,输液
男性物理治疗前列腺是怎么治疗的呢,物理治疗,理疗
是须要手术还是吃药治疗呢,吃药治疗,药物治疗
咱医院是专业看诊男性生殖泌尿疾病的研究院，一般中西医结合治疗,中西医结合治疗,中西结合
消肿的话打消炎针就可以了呗,打消炎针,打针
现在打消炎针呢,打消炎针,打针
输液消炎 是有抑制瘙痒的现象 停药时间长容易反弹 意义不大,输液消炎,输液
在我们医院也都是常见问题，针对中西药物，物理治疗，微创等效果都是不错的,物理治疗,理疗
都一个多月了，后来不敢在那家医院看了，回来之后也输液打针了就是不好，是不是给哪里弄坏了,输液打针,输液
这方面调理方式很多，像中西药物 调理，或结合物理治疗，性功能康复治疗，生物蛋白针等调理效果都是不错的，具体需要结合你内部损伤程度来看，毕竟时间是不短了,物理治疗,理疗
有药物，输液，物理仪器治疗，具体看检查结果,物理仪器治疗,仪器治疗
激光是一种治疗方式 主要是看你实际情况  处理都不难 你是不想备皮吗 ？还是有了解过这方面呢？,激光,激光
你好，就是昨天我龟头下方破裂了，昨天动了个手术，然后顺便把包皮割了，现在还用不用换药或者打消炎针之类后期处理,打消炎针,打针
什么时候做的包皮呢？没听过还要排毒呀？,排毒,排毒
现在要做的就是做下泌尿方面的检查 把具体原因查清楚 治疗方面比较广  包括药物 理疗等,药物理疗,药物治疗
咱们目前有药物治疗 中西药物 物理仪器 性功能仪器康复治疗,理仪器性功能仪器康复治疗,仪器治疗
吃药，还是打针,打针,打针
物理治疗 是通过仪器治疗 针灸等等，相对于药物来说是没有副作用 和恢复快的,仪器治疗针灸,仪器治疗
前几天吃中药调理，,中药调理,中药调理
那激光就是欧式手术吗,激光,激光
这个要看你术后的恢复情况，红光治疗主要是利于恢复 。,红光治疗,红光
这方面治疗的方式有很多 像是中西医结合 物理仪器等方式 具体根据你检查之后的病因 在去选择 这样就会有效果,中西医结合,中西结合
恩，咱们针对时间短的患者，有西医，中医，中西结合治疗，仪器的辅助治疗，另外我院并开展了性心理、性行为及 PC 肌的训练指导等治疗。具体结合你自身情况进行选择，这样可以看到明显效果,中西结合治疗,中西结合
这个黏连一般是后期造成的，像一些炎症感染刺激局部才会形成的黏连，这个 局部分解或者物理治疗等消炎分离就行,物理治疗,理疗
你好，我龟头炎，前列腺炎，加一个割包皮，连查带做手术花了不到四千，当时做完让我做一个红光一类的东西，六十分钟，加输液14000千多，第二天还让我做那个红光治疗说对我回复有好处30分钟七千多我没答应，就简单的做了另一个也是红光带雾化二千多块，第三天去查的时候就是下体有点肿了，非得让我做一个那红光七千多，今天还让我去复查,红光,红光
那这是不行的，淋病一般控制也就是打针吃药，而且像一些综合医院可能病原都不一定会查，看看症状就开点消炎药,打针,打针
做过两次激光好了许多但是不除根,激光,激光
如果真是你说的是真菌，那药物有西药 中西药  涂抹 输液都可以,输液,输液
看看是吃药，中药，西药，还是辅助物理，理疗等治疗来恢复,理疗,理疗
方式是比较多的，如中西医药物 理疗，中医康复疗法，针灸穴位疗法，微创等,中西医药物理疗,中西结合
治疗是服药的形式，还是物理治疗方法,物理治疗,理疗
打针，还是吃药呀,打针,打针
是不是激光打呀,激光,激光
现在治疗三个月了输液打针打免疫针喝中药吃胸肌太喝转移因子口服液还有泛昔洛,输液打针打免疫针喝中药,输液
打针输液？,打针输液,打针
我给您举个例子 感冒分为风热型 风寒型 病毒性和细菌性  有的人可能多喝水就好了 有的人需要吃药 有的人严重感染成肺炎了  需要输液 非典也是感冒的一种 有的人连命都没有了 一个感冒都这么多情况 更何况是感染,输液,输液
那不明确具体情况，是很难起到效果的，不管是中药、西药、中成药调理、理疗、中医疗法等，虽然有效率高，但是没有针对性，也没有效果。,中成药调理,中药调理
这方面治疗，像咱们医院有很多的方式，主要是针对性比如药物治疗，中药 西药  中成药  物理仪器等等治疗的方式很多,药物治疗,药物治疗
用药物治疗行吗,药物治疗,药物治疗
吃药，打针等等就需要看你是什么病引起的精液发黄，比如前列腺炎，精囊炎，睾丸炎等等,打针,打针
治疗不难 临床常见无非就是中药 西药中西结合理疗 咱们治疗是灵活性的 需要把炎症类型明确清楚 才有一个治疗的正确方向,中西结合理疗,中西结合
治疗方法比较灵活，有药物，中西医结合，物理理疗等，根据你病情，病因来定，你之前有上医院检查过吗,中西医结合,中西结合
还需要输液治疗么？,输液治疗,输液
那吃药输液打针能治得好吗？,输液打针,输液
在你们医院输液了说能止住流脓,输液,输液
你以前检查医生是给你开药了 还是物理治疗,物理治疗,理疗
嗯 我院治疗方式比较多性功能也是我院重 、点科室主要是hi采用中西医结合 物理 理疗,中西医结合物理理疗,中西结合
你都不清楚你实际病情 咱们怎么吃药治疗,吃药治疗,药物治疗
这个方面您年纪也在这  手术的风险是比较大的 也是可以根据您的情况选择 一般情况不严重 选择中西医结合 物理理疗  方面比较常见,中西医结合物理理疗,中西结合
咱们这个手术完一般是需要局部换药，根据实际情况做相应的处理的，有的口服药物有的需要输液治疗等,输液治疗,输液
治疗方式还是很多的，像初期药物调理，严重的配合物理理疗，仪器辅助灯,物理理疗,理疗
咱们都是建议患者保守治疗调理为主的，治疗的方式其实有很多，药物，打针，中西药调理，包括理疗等方式，具体肯定是要根据详细的病因情况作出妥善的方法，避免副作用。,打针,打针
这方面治疗方式比较多，中药  西药 物理 局部理疗 微创 及传统治疗等 具体是要结合个人情况病因选择好的，你目前具体是什么情况？,西药物理局部理疗,药物治疗
恩，我院是重点男性生殖诊疗中心，这方面调理方式很多，中西药物结合调理，物理治疗，性功能康复治疗等方式效果不错，具体要明确清楚问题点以及发展程度,物理治疗,理疗
治疗的方式有很多种，如中西医药物 理疗，中医康复疗法，针灸穴位疗法，微创等,中西医药物理疗,中西结合
早泄治疗方式很多，中西药物治疗，物理治疗，性功能康复，降敏治疗，微创手术都是有的，不同的导致早泄的病因，选择的方式就不同，也是为了更好的治疗的效果,物理治疗,理疗
治疗的办法是比较多的，药物、物理介入、理疗等等，不过如果是单纯包皮的话不会这么严重，肯定是神经存在问题,理疗,理疗
·性功能是我院重 点科室能更好帮你解决问题 我才这么和你说的 治疗是灵活性的 尤其性功能疾病 治疗无非就是排查病因的一个过程 治疗包括药物 理疗都有的,药物理疗,药物治疗
做过激光疗法三次,激光疗法,激光
嗯，这块治疗上，方式比较多，咱们有针对这块的中医 西医，都是北京医学会接诊男性性功能几十年的，像中药，西药，中成药，理疗等等，都是治疗这块的,理疗,理疗
咱们是中西医结合治疗,中西医结合,中西结合
针对阳痿的症状我院调理方式很多，像中西药物治疗，物理治疗，性功能康复治疗等效果都是不错的，具体要明显你诱发阳痿的病因是什么,物理治疗,理疗
您好，我性功能下降请问能用中药调理吗？,中药调理,中药调理
大夫，有没有不需要药物治疗的物理治疗方法,药物治疗,药物治疗
我是廊坊的，我就是尿急，今天去医院检查了，做了必超，也做了前列腺液检查，医生说是有炎症，要做激光治疗，是从尿道口进去做，我想不好，问您一下，这个怎么做最好,激光治疗,激光
咱们医院这方面的治疗方式是有很多种的  像中西医结合物理仪器理疗等等 具体还是要结合咱们的实际情况的,中西医结合物理仪器理疗,中西结合
这个情况需要通过病菌化验，查明清楚你是哪种病菌感染引起的， 再选择适合你的治疗方案和药物对症治疗就可以，都可以在短时间内治疗恢复好,药物对症治疗,药物治疗
早泄方面治疗是我院科室特色诊疗项目，治疗方式是很多的，像西医，中医，中西结合治疗，仪器的辅助治疗。另外咱们也开展了性心理、性行为及 PC 肌的训练指导等治疗。可以负责任的跟你说，像你早泄的问题是可以治疗的,中西结合治疗,中西结合
这方面一般相对应的治疗有西药 中西药 理疗等都可以 但得根据咱们的问题点以及前列腺的类型来选择,中西药理疗,理疗
打针吗,打针,打针
调理方式很多，像中西药调理，物理治疗，性功能康复治疗等，具体要结合检查确定具体病因来选择，更好的恢复,中西药调理,中西结合
所以这个情况单纯的吃药，输液效果很差，不建议你盲目的用药，,输液,输液
这方面治疗方式也很多，中西药物治疗，物理理疗，降敏治疗等，这样，你微信多少，我加你吧，详细给你说下，这临时页面也容易掉线,物理理疗,理疗
输液能治疗好吗,输液,输液
调理是不麻烦的，像中西药物，物理治疗，性功能康复治疗等方式，具体要结合你病因选择适合的治疗，所以找准病因是关键,物理治疗,理疗
这方面咱们医院治疗比较灵活很多年了，是采用中西医结合的方法。,中西医结合,中西结合
嗯，这个激光治疗即可，随时随走，,激光治疗,激光
当时医生见意手术，我不想手术，想保首治疗。请问:用红光照管用吗?,红光照管,红光
咱们医院一般都是中西药调理的比较多，但是也有别的调理方式，像物理 理疗 海绵体激活疗法等等 效果也都是很不错的。但是具体的话还是要看咱们的检查结果,物理理疗海绵体激活疗法,理疗
用住院吗？做激光恢复得需要几天,激光恢复,激光
还用红光治疗了,红光治疗,红光
治疗方案很多，如中医，综合疗法，药物治疗、物理治疗等，这个都是要根据咱们个人实际情况来选择合适自己的治疗方式。,物理治疗,理疗
我以为就尿道口粘连  用激光打掉,激光打掉,激光
治疗方案很多，如中医，手术治疗，药物治疗、性功能仪器康复治疗、物理治疗等，这个都是要根据咱们个人实际情况来选择合适自己的治疗方式，因为早泄的诱因不同，治疗的方式也是有所不一。,药物治疗,药物治疗
吃什么药呢？或者打针,打针,打针
术后要考红光和磁疗吗,红光,红光
你现在最主要是把病因情况检查清楚，治疗都不麻烦 我院有中西结合 物理理疗等治疗方式 专病专治效果不错的,中西结合物理理疗,中西结合
我院针对这方面的调理方式很多，中西药物 ，物理治疗，性功能康复 降敏治疗等，具体要结合你病因来选择，我先了解下你的情况，详细给你说,物理治疗,理疗
具体还是需要明确一下里面的致病菌类型，有的就需要激光清除，,激光清除,激光
这方面是不涉及住院的  一般也是采用药物或物理配合药物   针灸穴位等治疗,药物  针灸穴位,药物治疗
物理降敏是通过一些仪器治疗  介入治疗 手术治疗这种非药物形式的降敏方式，叫做物理治疗。相对来说 物理治疗恢复的比较快，但是费用较高。,物理治疗,理疗
治疗方式很多，中药 西药 物理理疗，微创手术等都是有的，具体要结合你的病情,物理理疗,理疗
做完包皮需要红光治疗吗,红光治疗,红光
方式上 我院来说 常见的中药  西药 理疗 中西结合 微创等等 是根据你的敏感阈值程度判断 是需要检查明确的,西药理疗中西结合,理疗
治疗方法有很多种 比如药物治疗 还分为 中药 西药 中西医结合 物理疗法 微创 手术等等 都有 具体要结合你检查结果来看,药物治疗,药物治疗
嗯 所以像您这情况 咱们治疗不能盲目的 先确诊清楚 让科室专家主任根据结果帮您分析诊疗 看看您适合什么样的方式 如果适合药物咱们就药物治疗 中药 西药  如果药物对于您的作用不大 在选择物理治疗结合药物辅助治疗,药物治疗,药物治疗
治疗是比较灵活的，有中药，西药，物理理疗，中西医结合等，根据个人病情来选择好，之前有上医院看过吗？,物理理疗,理疗
说吃药输液,输液,输液
用激光治疗它费用很大吗？,激光治疗,激光
确诊好病因我院主要是采用中西药结合 物理 理疗 康复仪等治疗方式通过治疗提高性生活质量 延长射精时间 治疗早泄的目的,中西药结合物理理疗康复仪,中西结合
治疗的话方式比较多，尤其是这个年纪，中药，西药，中成药，微创，理疗等 、,理疗,理疗
咋们确诊了，是药物治疗还是中药调理？,药物治疗,药物治疗
我这一个礼拜在做治疗，和打吊针，没有啥效果,打吊针,输液
不是都说需要打消炎,打消炎,打针
嗯，那说明怕当地医院治疗没有很大的针对性，尤其中医院如果单纯中药调理或者输液当时只能缓解这个情况，不过治疗恢复好是没有很大效果的,中药调理,中药调理
这方面治疗方式很多，像中西药物，物理治疗，性功能康复治疗等，具体要检查后确诊清楚选择适合的,物理治疗,理疗
吃药 物理治疗,药物理治疗,药物治疗
这方面治疗主要是针对病菌杀菌处理  一般我院选择这个中药 西药中成药  理疗渗透一类,中成药 理疗,中药调理
治疗是比较灵活的，有药物，中西结合，物理理疗等，根据个人病因来选择好，你有上医院看过吗？,中西结合,中西结合
"嗯 像你这个主要检查清确诊一下 看程度轻重 是否可以恢复 对症选择好治疗方式,都不麻烦 当天就可以治疗 不论药物 中西医结合 物理理疗 针灸 传统治疗 配合一些输液治疗 结合实际情况 都是可以恢复的 主要是别耽误加重",输液治疗,输液
我想问就是，不用那个机器治疗，输液行吗,机器治疗,仪器治疗
性功能的治疗是灵活性 临床治疗无非 中药 西药 中西理疗最为常见 查过吗,中西理疗,理疗
调理方案有许多，有药物，物理理疗，中西医结合，看个人龟头敏感度的阈值多少来对症调理,物理理疗,理疗
皮脂腺囊肿可以激光治疗吗,激光治疗,激光
或者打针,打针,打针
用淡盐水洗洗可以不？,用淡盐水洗洗,盐水洗
常用的像中药、西药、口服、外用、物理介入、理疗等等，都是有效率比较高的办法，当天效果就比较明显。,理疗,理疗
我就是想了解一下不做雾化红光单纯的打消炎针可不可以,打消炎针,打针
让我去他那输液,输液,输液
降低方法有许多，有药物，中西医结合，物理理疗等，看个人龟头敏感度阈值来定，他本人自己决定射精快吗，还是单单你觉得快了呢,物理理疗,理疗
"嗯 像你这个主要检查清确诊一下 看程度轻重 是否可以恢复 对症选择好治疗方式,都不麻烦 当 天就可以治疗 不论药物 中西医结合 物理理疗  传统治疗 配合一些输液治疗 结合实际情况 都是可以恢复的 主要是别耽误加重",物理理疗 传统治疗,理疗
那调理怎么个调法是吃药，还是打针，还是别的调理方法,打针,打针
咱们针对早泄的病因 有多种治疗方法 像中药，西药，物理治疗 中西医的结合等，具体结合你的病因病情进行选择 这样也更具有针对性！ 如果说咱要想有效果  建议咱们结合症状先明确下实际病因 怎么去治疗、可以达到一个最佳的治疗效果的,物理治疗,理疗
治疗的多长时间，怎么治吃药还是打针,打针,打针
喝了好多中药和输液,输液,输液
咱们医院这方面的治疗方式是有很多种的像中西医结合 物理仪器理疗等等 具体结合你的实际情况,中西医结合物理仪器理疗,中西结合
多普勒也需要打针的 并不是造影,打针,打针
治疗方案很多，如中医，手术治疗，药物治疗、性功能仪器康复治疗、物理治疗等，这个都是要根据咱们个人实际情况来选择合适自己的治疗方式，因为早泄的诱因不同，治疗的方式也是有所不一。,性功能仪器康复治疗,仪器治疗
用输液吗,输液,输液
前列腺的话咱们治疗办法是比较多的，常见的像中药、西药、中成药、物理介入、理疗等等，都是有效率比较高的。,理疗,理疗
治疗比较灵活，有药物，中西医结合，物理理疗,中西医结合,中西结合
像这个情况治疗的办法比较多，中药、西药、中成药、物理介入、理疗等等都是有效率比较高的方法,理疗,理疗
咱们治疗早泄的方案很多 有中西药调理 物理治疗等都有 每个人的情况 引起早泄的原因不同 治疗用药都不一样的，,药调理物理治疗,药物治疗
我给你举个例子，感冒分为风热型 风寒型 病毒性和细菌性。有的人可能多喝水就好了 有的人需要吃药 有的人严重感染成肺炎了  需要输液 非典也是感冒的一种 有的人连命都没有了 一个感冒都这么多情况 更何况是性功能,输液,输液
打了几针吃药好了,打了几针,打针
这个治疗方案很多，如中医，手术治疗，药物治疗、性功能仪器康复治疗、物理治疗等，这个都是要根据咱们个人实际情况来选择合适自己的治疗方式，因为早泄的诱因不同，治疗的方式也是有所不一。,物理治疗,理疗
嗯，这个输液消炎 如果需要的话  可以在家附近消炎  不需要就不用输液,输液消炎,输液
性功能在咱们医院属于常见疾病，每天接诊是最多的，治疗方式也比较灵活，像中药，西药，中成药，理疗等,中成药,中药调理
治疗是比较灵活的， 有药物，中西医结合，物理理疗等，根据你个人病因来选择好，你之前有上医院看过吗,物理理疗,理疗
治疗是比较灵活的，有中药，西药，中成药物，物理理疗，康复仪，中西医结合，根据个人病因来选择好,物理理疗,理疗
没有，打算周一挂号进行输液治疗,输液治疗,输液
算是严重吧，医生在做激光治疗的时候说感染挺深的,激光治疗,激光
调节方法是比较多的，有药物，中西结合，物理理疗，微创等，根据个人病情来定，之前有上医院看过吗,中西结合,中西结合
治疗方案比较多，，有药物，中西医结合，物理理疗等，关键要确诊清楚个人病因，之前有检查看够吗,中西医结合,中西结合
性功能也是我院多年主攻科室 专病专治效果不错的 主要先确诊清楚早泄阳痿的病因 我院主要是采用中西医结合 物理 理疗 康复仪等治疗方式,中西医结合物理理疗康复仪,中西结合
天津九龙男科医院也治过，激光烤电连续六天未见啥效，最后他说说维生素E应加秋水仙碱片一起已吃三月设啥效。天津医大二院彩超确定为，双侧阴茎海绵体前下侧白膜增厚，九龙医院彩超检查为，背深静脉漏,激光,激光
这方面也是我院主攻科室 调理恢复都是不难的检查清楚病因从病根入手 后期恢复都是不好的 我院主要是采用中西结合 物理 理疗康复仪等治疗发你害死,中西结合物理理疗康复仪,中西结合
咱们医院治疗方式有很多种的  是中西医结合的  还有物理仪器 理疗等等  具体还是要结合你的实际情况的,物理仪器理疗,仪器治疗
性功能疾病是我院重 点诊疗疾病之一，这方面的问题可以通过一些药物调理 物理治疗的方式进行治疗恢复,药物调理物理治疗,药物治疗
多个，用激光打可以吗？,激光,激光
咱们可以运用西医、中医、中西医结合、物理治疗、微创治疗、介入治疗这些都是可以的  主要还是根据你自身的条件选择对自己有用的方法,物理治疗,理疗
那你当初采用的都是那些治疗呢    吃药  输液 打针 还是？,输液打针,输液
看咱们感染情况，轻者药物进行处理，严重的需要输液或物理理疗，看个人情况,物理理疗,理疗
这个情况在我院临床比较常见，治疗方案比较多，像是中药，西药，中西医结合，物理理疗等，结合个人情况选择好，有上医院看过吗？,中西医结合,中西结合
像您这情况 治疗不能盲目 在治疗之前建议先面诊确诊清楚 如果是包皮导致的 咱们建议手术治疗 如果是海绵体损伤 需要看损伤程度 一般可以通过中药 西药调理为主 或是中西结合治疗 康复理疗等,中西结合治疗康复理疗,中西结合
我院是重点男性专业医院，诊疗中心，这方面调理方式很多，结合药物，物理治疗，性功能康复治疗等效果都是不错的，具体是先明确损伤的部位以及程度,物理治疗,理疗
几天恢复正常 做完的吃药或者打针,打针,打针
什么时候做的激光呢,激光,激光
输液过,输液,输液
可以的，术后恢复治疗恢复有口服药物，输液，物理治疗等，可以根据你个人实际情况选择好一种就可以,输液,输液
像是咱们不严重可以通过药物 输液治疗的 如果是耽搁的时间长 会有一些理疗 物理介入这块  咱们也是通过面诊筛选 因为看不到本人咱们也不好下结论,输液治疗,输液
你这情况，治疗也并不麻烦，像咱们常用 ，中药 中西医结合等 目前关键是明确,中西医结合,中西结合
我去年得了传染性软疣，年底前激光了，好了,激光,激光
毕竟输液多是属于消炎  但是尿道口部位出现问题 多是细菌病毒感染造成,输液,输液
这种中重度的治疗费用主要还是根据治疗方式来判断费用区间的，如果单纯的中药、西药、中成药调理就能改善和解决的，费用一般一两千左右较为常见,中成药调理,中药调理
这方面的费用区间一般是根据治疗难度和治疗方式，像常见中药、西药、中成药这类保守调理治疗的话一般是在大几百、千元左右较为常见,中成药,中药调理
这方面的治疗方式有很多，像药物治疗，物理治疗，局部处理等，主要是结合好你自身的内部情况去治疗,药物治疗,药物治疗
治疗的方法比较多，咱们主要是针对这个方面治疗研究的， 中药，西药，中成药物，阴茎降敏治疗等等,中成药物,药物治疗
激光治疗得多少钱啊,激光治疗,激光
治疗方法有药物 物理 理疗等等,药物物理理疗,药物治疗
这个可能咱们多虑了，这方面一般通过药物的比较常见，如果问题响度严重一些的才会通过物理介入、理疗治疗，除非是特别严重的才会考虑手术之外一般是不用的,理疗治疗,理疗
性功能也是我院多年重 点研究科室 ，这边治疗主要是以中医为主，西医为辅，主要是结合病因对症治疗，一般主要是中西医结合 物理 理疗一类的配合调理比较常见，结合你的情况对症治疗调理恢复起来是比较快的,中西医结合物理理疗,中西结合
治疗方案是很全面 灵活的，如中西医药物 理疗，中医康复疗法，针灸穴位疗法，微创等。结合个人的具体情况 会针对选择最适合的治疗方式，主要是解决问题 恢复正常的男性性功能,中西医药物理疗,中西结合
做了那个激光修复的特别贵,激光修复,激光
恩，您这个确实是比较明显的早泄现象了，治疗上有很多种，比如说中西药结合的方式 中成药 中药调理  也有很多其他的办法比如物理治疗等等,物理治疗,理疗
做个排毒需要多少钱,排毒,排毒
恩，我院针对这方面调理方式很多，中西药物，性功能康复，物理治疗等效果都不错，但是不建议盲目用药，不仅没有效果，再想调理恢复就更加麻烦了,物理治疗,理疗
治疗方式很多，有西医，中医，中西结合治疗，仪器的辅助治疗，另外咱们医院开展了性心理、性行为及 PC 肌的训练指导等治疗  这些效果都不错,中西结合治疗,中西结合
输液跟激光治疗要3000吗,激光治疗,激光
辩证的过程，咱们治疗也需要看到实际情况，那当时没有开药治疗吗？,开药治疗,药物治疗
这种情况通常是采取微创手术的治疗办法进行处理，不过说不严重的情况下也是可以通过物理治疗 介入治疗等方式进行恢复的,物理治疗,理疗
注意和盲目用药并不能结局问题，现在咱局部治疗或药物就能恢复，耽误时间长，后期需要输液或其他治疗，那不是更加耽误时间吗，自己受罪不说，花费也高,输液,输液
嗯 目前来说 是一直在治疗期间 在输液治疗吗 ？,输液治疗,输液
手术治疗还是吃药治疗能够好呢,吃药治疗,药物治疗
我院由经验丰富的专家成立了性功能研究诊疗小组，针对这块的治疗方式灵活 全面 ，运用西药、中药、中西医结合、康复理疗、微创治疗、介入治疗等为性功能障碍患者解决不少疑难的问题，在短期内就能感到明显的恢复,中药,中药调理
治疗是比较灵活的，有中药，西药，物理理疗，中西医结合等，根据个人病情来选择好，之前有上医院看过吗？,中西医结合,中西结合
治疗方法比较灵活，有药物，物理理疗等，根据你病情，病因来选择好，你之前有上医院检查治疗过吗？,物理理疗,理疗
嗯，咱们这种情况可以手术的，但是我还是需要提醒您一句就是手术存在风险性，没有严重到这种地步的情况下尽量还是不要采取手术的形式进行恢复，其他的治疗方案也有很多，您比如说药物治疗  物理治疗 介入治疗等等,药物治疗,药物治疗
治疗的方式比较多，中药，西药，中成药，理疗微创等，最主要是结合个人的病因选择合适的资料方式。,理疗微创,理疗
早泄的治疗方案很多，如中医，手术治疗，药物治疗、性功能仪器康复治疗、物理治疗等，明确病因 针对治疗 一般1-2周左右即可治愈的,药物治疗,药物治疗
像中药、西药、中成药、物理介入、理疗都比较常见，一些严重的通过物理修复、手术修复也是有的。,理疗,理疗
这情况有中药，西药，中成药，物理疗法等，具体根据你的情况再对症治疗这样最有效。,物理疗法,理疗
性功能在咱们医院属于常见疾病，每天接诊是最多的，治疗方式也比较灵活，像中药，西药，中成药，理疗等,理疗,理疗
治疗方法比较多， 中药，西药，物理理疗，中西医结合等，根据个人病因来选择好，之前有上医院看过吗？,中西医结合,中西结合
没治疗  之前就吃过药打点消炎针  就没当回事,打点消炎针,打针
治疗和病情而定的  咱们是中西医结合治疗,中西医结合治疗,中西结合
这情况咱们有中药，西药，中成药，物理疗法等，具体根据你情况再对症治疗这样最有效,物理疗法,理疗
这个问题是不需要手术的 ，只有增生肥大，导致排尿拍不出才会选择手术 ，现在你的情况治疗主要是中药西药，或者中西医结合治疗的,中西医结合治疗,中西结合
我也做过物理治疗不管是,物理治疗,理疗
恩，前列腺是我院重点科室，针对这方面调理常见的中西药物治疗效果是不错的，如果伴随肥大 增生等情况有时会配合局部治疗，物理治疗等方式调理,物理治疗,理疗
这方面是比较灵活的，有重点科室，像中药，西药，中成药，理疗等都有，具体要结合你的检查结果，病因，病情程度，身体状况治疗。,理疗,理疗
治疗，中药，西药，中成药。理疗等治疗方式都是比较齐全的，具体要根据你本人的情况来进行调理治疗,理疗,理疗
治疗早泄的方法比较多，咱们有中药，西药，中西医综合治疗用药，还有阴茎降敏治疗等等,中西医综合治疗,中西结合
中药也是一方面的 这方面也是院常见病情调理方式很多的 主要是采用中西医结合 物理 理疗 康复仪刺激精液活力等治疗方式 具体根据你的情况针对性治疗,中西医结合,中西结合
致病菌有很多类型 细菌 致病菌 病毒 霉菌等   确诊一下致病菌 对症治疗就行 有中西医结合这块,中西医结合,中西结合
我院治疗早泄根据病因不同有中西结合的药物调理、物理仪器治疗、手术治疗等方案，适合你的才对你有效果，,物理仪器治疗,仪器治疗
这个需要根据你的实际情况 问题不大的话可以简单的药物治疗  如果复杂一些的需要结合物理 这样更有效果根除,药物治疗,药物治疗
我前几天做了血管手术今天去医院输液第三天了医生说还要给我开草药，是否还要喝，,输液,输液
像方面是咱们重点研究诊疗的主要病症之一，解决的方式很多，比如这个西医，中医，中西结合治疗，仪器的辅助治疗，另外我院并开展了性心理、性行为及 PC 肌的训练指导等方法。,中西结合治疗,中西结合
电击，水疗，红光等 。你这个年纪一般很少用到 。,红光,红光
另外最关键的，检查明确下感染病菌类型，像是真菌 霉菌 球菌等等，确诊清楚 针对性药物  局部杀菌 物理理疗等  降病菌清除干净，达到根治的目的,杀菌物理理疗,理疗
前列腺炎根据前列腺炎症类型进行治疗，常见于药物治疗、也有输液治疗、物理治疗，你现在是在哪个城市？,输液治疗,输液
阴虚 和阳虚都会出现的    调理是中西医结合调理,中西医结合,中西结合
我院治疗这方面根据病因不同有中西结合的药物调理、物理仪器治疗、手术治疗等方案，主要是选择适合自己的 能够解决到实际问题的,物理仪器治疗,仪器治疗
恩，那这方面治疗的话方式比较多，药物，中药，西药，物理仪器理疗等,物理仪器理疗,理疗
是药物还是输液,输液,输液
早泄的治疗方案很多，如中医，手术治疗，药物治疗、性功能仪器康复治疗、物理治疗等，明确病因 针对治疗,性功能仪器康复治疗,仪器治疗
这方面咱们恢复的办法很多，比如药物、物理介入、理疗、手术等等，得看你的实际情况，实际损伤位置，损伤的轻重啊,理疗,理疗
我直接开车来就行，这个病用输液吗？,输液,输液
打针是测勃起的，不是查静脉漏的，查静脉漏是测阴茎多普勒血流的,打针,打针
打针多少钱,打针,打针
根据我这么说，你觉得我应该做手术，还是吃药治疗，,吃药治疗,药物治疗
打点滴吃药,打点滴,打针
这类问题在我院是常见的男性生殖疾病，治疗方法比较多，像中药、西药、中成药调理，物理介入、理疗中医疗法等等，主要是看实际的情况和程度,理疗中医疗法,理疗
就是说打消炎针,打消炎针,打针
术后的就一次红光和输液就花了我七千。。。就一次,红光,红光
让我输液物理疗法,输液物理疗法,输液
我院由经验丰富的专家成立了性功能研究诊疗小组，针对这块的治疗方式灵活 全面 ，运用西药、中药、中西医结合、康复理疗、微创治疗、介入治疗等为性功能障碍患者解决不少疑难的问题，在短期内就能感到明显的恢复,康复理疗,理疗
这方面的治疗方法还是有很多的  比如说中西医结合  物理仪器治疗等  都是可以的  主要是具体根据你的实际情况来制定一个更适合你的治疗方案,中西医结合,中西结合
治疗是比较灵活的，有药物，中西医结合，物理理疗，微创手术等，具体适合哪种治疗方案，得根据他病因来选择好,物理理疗,理疗
治疗方法是比较多的，有药物，中西医结合，物理理疗，微创等， 结合你个人病情对症治疗，才能从根本上解决好问题,物理理疗,理疗
性功能我院重 点 看诊疾病，这方面治疗方式很多，中西药物，物理治疗，康复仪治疗等，主要是就看你损伤部位和程度来选择 i,物理治疗,理疗
我院中西药物，物理治疗，性功能康复治疗，降敏治疗等很多，但是要结合病因针对调理,物理治疗,理疗
就用药，打针啊,打针,打针
那咱们医院的治疗呢 是根据每个患者的检查报告针对性的治疗的 治疗的方式比如像药物 或者针剂 或者物理仪器辅助等等,药物或者针剂,药物治疗
打了针做造影说的,打了针,打针
治疗方式是有很多种的 有一些药物治疗 也有物理仪器理疗等等 具体是需要结合你的病因的,物理仪器理疗,仪器治疗
请问是中药冶疗吗？,中药冶疗,中药调理
治疗方法比较灵活，有药物，物理理疗等，根据你病情，病因来选择好，你之前有上医院看过吗？,物理理疗,理疗
我昨天用淡盐水清理过,淡盐水清理过,盐水洗
还有红光治疗,红光治疗,红光
治疗方式很多，初期多是药物治疗为主 ，像是中药 西药物理  性功能康复仪  微创技术等，主要看你的病因和损伤的程度决定,药物治疗,药物治疗
单纯打针若是能治疗好就神奇了,打针,打针
我院治疗早泄根据病因不同有中西结合的药物调理、物理仪器治疗、手术治疗等方案，适合你的才对你有效果，,药物调理,药物治疗
继续做红光雾化，消炎输液吗,红光雾化,红光
嗯 所以像您这情况 咱们治疗不能盲目的 先确诊清楚 让科室专家主任根据结果帮您分析诊疗 看看您适合什么样的方式 如果适合药物咱们就药物治疗 中药 西药  如果药物对于您的作用不大 在选择物理治疗结合药物辅助治疗,物理治疗,理疗
治疗方法有很多 首先需要结合自身病情选择合适治疗 包括药物 理疗 微创手术等,药物理疗,药物治疗
前列腺炎吃药输液不管用嘛,输液,输液
治疗方式有很多 具体有中药西药 中成药 中西医结合治疗以及物理 理疗微创等等 检查明确针对性的筛选治疗方式,中西医结合治疗,中西结合
治疗的话办法也比较多，主要是根据咱们病菌、病毒的种类，刺激的程度，常见的像药物、物理介入治疗、理疗等等,理疗,理疗
因为伤口比较小术后一般注意点卫生就可以了，主要是避免感染出现，省着输液 打针吃药了,输液打针,输液
打针吗还是上药,打针,打针
我院治疗这方面根据病因不同有中西结合的药物调理、物理仪器治疗、手术治疗等方案，主要是选择适合自己的 能够解决到实际问题的,药物调理,药物治疗
咱们治疗方法很灵活 有药物治疗 物理治疗等等 具体咱们要结合你检查结果以及体质来看,药物治疗物理治疗,药物治疗
这方面治疗并不难向药物的话，有中药西药中成药物，中西结合或者是一些其他物理治疗方式,中西结合,中西结合
检查过是前列缐钙化，前列缐稍大，做过物理疗法，做了个包皮,物理疗法,理疗
药物也是常见的治疗方法 包括中药 西药中西结合 理疗等结合具体病因针对性调理不难治疗,中西结合理疗,中西结合
这个输液是好的快一点吗？,输液,输液
这个要先检查清楚病因看是中药 中西药还是物理治疗 根据你的情况的确诊就可以,物理治疗,理疗
怎么治疗，用不用输液,输液,输液
这方面的治疗形式也比较多 像中药 西药 中西药结合 物理等  需要根据咱们的具体病因而定  咱们都知道什么症状都是对症的治疗才有效果,中西药结合物理,中西结合
治疗方案比较多，有药物，中西医结合，物理理疗等，根据个人病因来选择好，之前有上 医院看过吗？,中西医结合,中西结合
前列腺炎分很多类型，有急性、慢性。细菌性。无菌性、特异性、非特异性等，类型不同，治疗方案各不相同，所以没有一种药物或者一种治疗方案可以治疗了以上所有类型的炎症，会根据自身情况，选择合适的方式，像中药，西药，中成药，理疗等,理疗,理疗
这块也是我院重视的诊疗的，治疗上有中医，西医，像常用的中药，西药，理疗，中西医结合等等，,理疗,理疗
医生说是前列腺炎，让输液治疗，结果输了三天也没有效果,输液治疗,输液
这方面调理中药，西药，中成药，理疗，治疗方式都是有的，具体还得根据本人的情况针对选择。,理疗,理疗
治疗是比较灵活的，有药物，中西医结合，物理理疗等，确诊清楚病因后，再选择适合你的治疗方案治疗，好起来才快，更好的解决问题,物理理疗,理疗
药物治疗，物理治疗都没效果,物理治疗,理疗
检查清楚之后，通过中西医结合，物理仪器，等方式，对症治疗,中西医结合,中西结合
还需要用红光半导体治疗吗,红光半导体治疗,红光
咱们这个治疗方式有多种，像局部用药，口服，物理治疗，仪器等， 现在咱们需要做的是先检查明确一下感染的致病菌，以及感染的深度,物理治疗,理疗
治疗方案比较灵活，中药 西药 理疗等等，以往我院治疗好的患者来看，大部分都是通过药物，物理理疗治疗好的，具体看你个人情况来明确分析的，适合自己的才是起效最快的,物理理疗治疗,理疗
这方面调理不难，咱医院常见病，中药，西药，中成药，物理理疗都是有的，咱要结合病因才行，不然也是没效果,物理理疗,理疗
治疗方法比较灵活，有药物，物理理疗等，得根据你病情，病因来定，你之前有上医院检查过吗？,物理理疗,理疗
嗯 这个只能通过激光灭菌治疗的 单纯的药物是不管用的,激光灭菌治疗,激光
请问下真菌要做激光治疗吗,激光治疗,激光
去医院给做掉了，又做了排毒法,排毒法,排毒
治疗方法比较多，有药物，物理理疗，中西医结合等，根据你个人病情来定，之前有上院检查过吗？,物理理疗,理疗
明天有医生吗？吃药？打针？哪个快？,打针,打针
我是割完包皮就用仪器和输液治疗前列腺的,输液治疗,输液
嗯，这方面是我院的常见病每天都接诊， 治疗方法包括中药，西药，中成药 配合物理理疗等等方法降低敏感度，具体结合你的实际情况,物理理疗,理疗
龟头炎，用激光打过后多少天能好,激光,激光
这方面办法比较多，比如中药、西药、中成药、物理介入、理疗、另外一些手术修复也是比较常见的,理疗,理疗
咱们都是通过具体面诊筛选检查方式 要看检查方式说那种治疗方式好才可以明确   治疗方式也很多 就是药物治疗 以及输液 理疗 微创 物理介入都有 不过要结合你的情况治疗,输液理疗,输液
在确定敏感阀值之后通过一些药物调理 物理治疗等等都可以,药物调理物理治疗,药物治疗
恩，十二天如果是一些炎症肯定是 有恢复，如果得不到恢复怕是没有针对性，当时是输液治疗还是用药治疗的,输液治疗,输液
恩，这方面都是存在一个病灶和病因的，医院这边接触很多，治疗方式的话像中药，西药，中成药物，理疗都是有的，具体结合病因针对治疗都是比较快的。一般一到两个疗程就可以好了,理疗,理疗
针对这块的治疗方式灵活 全面 ，运用西药、中药、中西医结合、康复理疗、微创治疗、介入治疗等为性功能障碍患者解决不少疑难的问题，根据以往患者一般在短期内就能感到变化,康复理疗,理疗
治疗方法是根据病情来定的，有药物，中西医结合，物理理疗等，不同病因引起，治疗方案不同,物理理疗,理疗
对症的调理用药才会有效果，咱们有中药，西药，中西医综合治疗，阴茎降敏治疗等等,中西医综合治疗,中西结合
手术方案是定价的，你可以选择600或1200等方案，术前检查费用总体269元，术后治疗，你可以有药物，物理治疗或输液，个人选择好就可以,输液,输液
发炎了就打消炎针,打消炎针,打针
治疗方法是灵活的，咱们主要研究这方面，比如中药，西药，中西结合，理疗，微创手术等 。,中西结合,中西结合
降低方法有许多，有药物，中西医结合，物理理疗等，看个人龟头敏感度阈值来定，他本人自己决定射精快吗，还是单单你觉得快了呢,中西医结合,中西结合
我刚才去医院看看，医生让我打针,打针,打针
十一打算去激光处理，就是不知道恢复快不快，会不会复发,激光,激光
那就是吃药治疗是吗,吃药治疗,药物治疗
这方面的治疗是比较灵活的 有中药 西药 中西医结合等等 要根据你检查结果来看治疗方法,中西医结合,中西结合
输液不好使，对头孢那些过敏,输液,输液
一般确诊清楚导致的原因以后针对性保守调理就行，主要考虑是中药，西药，中西药，理疗配合调理是比较常见的,理疗,理疗
早泄属于咱们医院的常见疾病，治疗的方式也比较多，像一些中药，西药，中成药，理疗等,理疗,理疗
可以的，咱们医院治疗的方法比较多， 咱们是根据你的病因来选择适合你的方法，有中药，西药，中西医用药，阴茎降敏治疗，阴茎埋线治疗等,中西医用药,中西结合
这个是可以治疗的  不是什么疑难杂症的情况  咱们医院经常看诊  有完善的康复理疗方案 恢复也快的,康复理疗,理疗
治疗方式比较多  主要是结合你的病因程度来看  主要是解决问题 常见的治疗有中药 中西药  物理配合药物 针灸穴位疗法等,药物针灸穴位疗法,药物治疗
已经激光了,激光,激光
我知道，我是想看下您的情况，看看大小等等，激光处理的话 大概几天能恢复,激光,激光
治疗是比较灵活的， 有药物，中西医结合，物理理疗等，根据个人病因来定，之前有上医院看过吗？,中西医结合,中西结合
这块治疗的办法比较多，中药、西药、中成药、物理介入、理疗等等都是有效率比较高的，主要是看实际的病因和程度这块。,理疗,理疗
那我这需要住院治疗还是打针或者吃药什么的么？,打针,打针
换药，红光治疗,红光治疗,红光
可以 不用药咱们临床 上有性功能康复仪等方式来降低敏感度 治疗早泄的 效果都是比较好,性功能康复仪,仪器治疗
治疗方法有许多，中药，西药，物理理疗，中西医结合等，根据个人病因来选择好,物理理疗,理疗
恢复方法是比较多，有中药，西药，中西医结合，物理理疗等，结合个人病情选择好，之前有上医院看过吗,物理理疗,理疗
治疗主要看你增生的腺体大小，主要通过物理理疗配合药物进行治疗，一般都是可以在短时间内治疗恢复,物理理疗,理疗
这个治疗都不难 明确病因  像是西药 中西药 涂抹 输液 理疗等都可以这个明确清楚致病菌 对症治疗 瘙痒 破皮能及时得到解决,输液理疗,输液
到男科医院打针和物理治疗一点效果没有,打针,打针
这方面一般是不建议手术的，我院一般是建议采用药物治疗。,药物治疗,药物治疗
可以中药，西药，中西医结合，物理理疗等，,中西医结合,中西结合
咱们一般都是检查清楚后针对局部病因，选择中药，西药，中西结合，局部治疗等方式，这倒是不麻烦，针对治疗短期内可以看到效果,中西结合,中西结合
如果不用激光能治好吗,激光,激光
你们医院只有手术治疗吗，没有药物治疗吗,药物治疗,药物治疗
您检查确诊了大夫没有给您输液治疗吗？,输液治疗,输液
要不要把男刮了，用盐水洗洗？,用盐水洗洗,盐水洗
如果问题相对严重，单纯的药物没有效果，咱们肯定是会配合一些物理介入、理疗、物理修复帮助修复破损的神经，恢复正常标准。,理疗,理疗
治疗方法比较灵活，有药物，物理理疗等，根据病情，病因来选择好，你之前有上医院检查治疗过吗？,物理理疗,理疗
这方面一般不需要输液，龟头感染问题主要是针对局部消炎杀菌，涂抹或口服药物治疗，效果很好，也不用反复的来院，不麻烦的,输液,输液
咱们医院治疗这方面一般都是中西药结合是比较多的 也有别的调理方案 像物理  理疗 海绵体激活 刺激阴茎血管等,中西药结合,中西结合
恩是的，一般治疗主要考虑是保守调理，输液比较常见的e,输液,输液
吃中药调理行吗,中药调理,中药调理
我院针对这方面调理药物很多，中西药 中成药 以及物理治疗，降敏治疗等，具体是要结合你病因来选择，才能更好的恢复,物理治疗,理疗
就是换药，打消炎针,打消炎针,打针
我知道，所以治疗不能盲目的。这个前列腺是有一层脂质性的一层包膜。你光吃药打针很难进入前列腺里面去的,打针,打针
前列腺炎根据前列腺炎症类型进行治疗，常见于药物治疗、也有输液治疗、物理治疗，你现在是在哪个城市？,物理治疗,理疗
我先用盐水洗洗能不能,盐水洗洗,盐水洗
这个治疗的话方式很多，药物，物理治疗，微创手术也是有的,物理治疗,理疗
治疗方案比较多，，有药物，中西医结合，物理理疗等，关键要确诊清楚个人病因，之前有检查看够吗,物理理疗,理疗
治疗我院是中西医结合调理,中西医结合,中西结合
这方面调理都不麻烦，我院是国家指定生殖中心，这方面中西药物调理，物理治疗，性功能康复治疗等效果都是不错的，但是首先要检查明确你目前海绵体损伤程度以及供血情况，才能更好的调理恢复,物理治疗,理疗
恩，他这个情况处理起来不麻烦，一般只是需要来院一次，再院时间半小时左右基本上就可以了，通过激光的方式把局部虫卵杀死，在去用药针对成虫。在生活上个人用品上做些处理就可以了,激光,激光
手术？打针吃药？,打针,打针
这方面的治疗方式有很多，像药物治疗，物理治疗，局部处理等，主要是结合好你自身的内部情况去治疗,物理治疗,理疗
用盐水洗好多了,盐水洗,盐水洗
治疗方案是很全面 灵活的，如中西医药物 理疗，中医康复疗法，针灸穴位疗法，微创等。结合个人的具体情况 会针对选择最适合的治疗方式，主要是解决症状,中西医药物 理疗,中西结合
咱医院治疗采用较多的是中西医结合治疗，像中西药物，物理治疗等方式，主要是要适合咱的病情,物理治疗,理疗
打针 有效果吗,打针,打针
这方面治疗比较灵活的，像药物调理，仪器理疗等。,仪器理疗,理疗
这方面的治疗办法是比较多的，常见的像中药、西药、中成药调理，另外像物理介入、理疗、中医疗法等等也比较有效。,中成药调理,中药调理
我院是国家定点的生殖泌尿研究院，是有北京最大的前列腺诊疗科室   咱们治疗前列腺炎的方式是药物治疗结合物理治疗。,药物治疗结合物理治疗,药物治疗
这个主要是看你伤口恢复的情况，并不是每天都需要红光治疗的,红光治疗,红光
性功能也是我院多年研究科室 专病专治效果不错的我们最主要是先检查清楚早泄的病因在哪里从病根入手也避免走弯路 我院主要是采用中西医结合 物理 理疗 康复仪等治疗方式根据你严重程度治疗,中西医结合,中西结合
治疗的方式比较多也灵活，无非就是几种，像中药，西药，中成药，微创，理疗等 。,理疗,理疗
哦，多少钱，做完会感染么，用打针么,打针,打针
