uuid,sentence,sentence2,label
2229a286-1bf3-11ea-bfa9-e0d55e7e3b80,你怎么办,那怎么办我需要,0
222d2330-1bf3-11ea-b9f1-e0d55e7e3b80,对，现在不怎么方便,现在不太方便电话呢,0
222dbee7-1bf3-11ea-8774-e0d55e7e3b80,是抽搐吗,牙关紧闭。,0
222e5af3-1bf3-11ea-88f6-e0d55e7e3b80,那应该怎么治疗呀,怎么治疗哪？,1
222ad9ff-1bf3-11ea-9814-e0d55e7e3b80,突然间晕倒是什么原因,抽搐是什么原因,0
22297ba1-1bf3-11ea-b831-e0d55e7e3b80,不，有抑郁症,精神分裂和抑郁症有什么不同呢？,0
222f1c5b-1bf3-11ea-8618-e0d55e7e3b80,你们用什么方法治疗的,用什么方法治疗,1
222ad963-1bf3-11ea-a8b8-e0d55e7e3b80,是癫痫哪一种呢,癫痫会吐吗？,0
222b2868-1bf3-11ea-b9bf-e0d55e7e3b80,想咨询您一下,我想咨询咨询,1
222e5ab6-1bf3-11ea-aa37-e0d55e7e3b80,这个是有什么症状呢，,我这个是什么症状啊,0
222c5f93-1bf3-11ea-940d-e0d55e7e3b80,亲要怎么检查,那要怎么检查,1
22297b7a-1bf3-11ea-bcc7-e0d55e7e3b80,什么能引起小儿癫痫,小儿癫痫什么症状,0
222ad991-1bf3-11ea-84cd-e0d55e7e3b80,这是我的微信,是我的微信,1
222d96cd-1bf3-11ea-a20e-e0d55e7e3b80,强迫症的症状是什么,什么是强迫症？,0
415e557b-1bf3-11ea-8917-e0d55e7e3b80,53  男   从昨晚后半天开始的,好久了        不是一两天,0
222d971b-1bf3-11ea-b2a8-e0d55e7e3b80,您怎么称呼呀,怎么能好？,0
2229c93b-1bf3-11ea-b64d-e0d55e7e3b80,这样是发作吗,发作少了,0
222bc341-1bf3-11ea-9e93-e0d55e7e3b80,去睡困难怎么治疗呢,怎么治疗呢,0
222953c5-1bf3-11ea-9eda-e0d55e7e3b80,还能治好吗？,好的，可以治好吧,1
415e2e87-1bf3-11ea-ba40-e0d55e7e3b80,哪些原因导致癫痫病,癫痫病一般是什么原因引起？？,1
222bea0d-1bf3-11ea-8bf5-e0d55e7e3b80,这个是因为什么原因呢,是什么原因呀,1
415e7c9f-1bf3-11ea-9e72-e0d55e7e3b80,这是抑郁症的表现吗,抑郁症会有哪些表现,0
222b7667-1bf3-11ea-85e4-e0d55e7e3b80,去年检查了啥都没检查出来,去年去医院检查检查不出来,1
222b4f67-1bf3-11ea-898d-e0d55e7e3b80,不发病时也能检查出来吗,没发病的时候能检查出来嘛,1
222e0d00-1bf3-11ea-8df6-e0d55e7e3b80,怎么治疗了？,我也不知道怎么治疗的,0
222cd4f9-1bf3-11ea-b9df-e0d55e7e3b80,"我想咨询""小孩睡觉抽搐的原因""","我想咨询""睡觉抽搐的原因""",1
222d49fc-1bf3-11ea-9f65-e0d55e7e3b80,那怎么办？,那应该怎么办呢,1
222ef557-1bf3-11ea-8863-e0d55e7e3b80,请问什么原因引起的抽风,抽风是什么原因造成的,1
222cadc2-1bf3-11ea-84c1-e0d55e7e3b80,抑郁症、焦虑症有区别吗？,我有焦虑症,0
222d4a1a-1bf3-11ea-9587-e0d55e7e3b80,17岁 女,21岁 女,1
222de515-1bf3-11ea-ab54-e0d55e7e3b80,不知道是不是得了什么病了，,我不知道自己是不是病了,1
222b28ab-1bf3-11ea-a1e4-e0d55e7e3b80,我想这种情况用什么药,什么情况？,0
2229a1f7-1bf3-11ea-b0ad-e0d55e7e3b80,你说我该咋办,该怎么办,1
2229f0ad-1bf3-11ea-93da-e0d55e7e3b80,那这种要怎么治疗,怎么治疗好啊,1
222d22e0-1bf3-11ea-b746-e0d55e7e3b80,"我想咨询""小发作怎么治""","我想咨询""小发作的症状""",0
2229a28c-1bf3-11ea-885f-e0d55e7e3b80,有什么好的治疗方法吗你们医院,那咱们医院是什么方式治疗呢,1
222d22cf-1bf3-11ea-91d3-e0d55e7e3b80,你们那怎么治疗,那是怎么治疗?,1
222ef526-1bf3-11ea-9b41-e0d55e7e3b80,程度没有这么严重,没你说的这么严重,1
222b01f0-1bf3-11ea-ab4e-e0d55e7e3b80,"我想咨询""治疗的方法""","我想咨询""抽搐的治疗方法""",0
22297b1f-1bf3-11ea-8976-e0d55e7e3b80,有什么治疗方法吗？,请问还有什么治疗的方法吗？,1
222a1855-1bf3-11ea-ac1a-e0d55e7e3b80,我不知道怎么说,打电话我也不知道怎么说,0
222a3e72-1bf3-11ea-a02e-e0d55e7e3b80,我们在上海看的 我们在江苏 不太方便 所以咨询一下,咨询一下,0
222b289e-1bf3-11ea-b4d4-e0d55e7e3b80,这到底属于什么,这属于什么呢,1
415e2efa-1bf3-11ea-9b83-e0d55e7e3b80,其他没有什么,其他的没有,1
415e7cf3-1bf3-11ea-83a9-e0d55e7e3b80,"我想咨询""突然抽搐翻白眼""","我想咨询""半夜抽搐是怎么回事""",0
415e7cd1-1bf3-11ea-a7c1-e0d55e7e3b80,"我想咨询""小孩抽搐翻白眼""","我想咨询""人突然间抽搐""",0
222d702f-1bf3-11ea-b315-e0d55e7e3b80,一岁多的孩子出现抽搐怎么回事,孩子五岁了，昨晚上突然抽搐是怎么回事,0
22292e05-1bf3-11ea-9cff-e0d55e7e3b80,孩子抽了咋k,是③个月的宝宝,0
2229a1a3-1bf3-11ea-8c9c-e0d55e7e3b80,要治疗吗，怎么治呢,那一般要怎么治疗呢,0
22295426-1bf3-11ea-86f7-e0d55e7e3b80,没有了。,那没有的,1
222ad95c-1bf3-11ea-8d1a-e0d55e7e3b80,知道什么,什么要知道,0
222a6631-1bf3-11ea-aee2-e0d55e7e3b80,那怎么办呢,那应该怎么办呢,1
222dbf57-1bf3-11ea-90da-e0d55e7e3b80,癫痫病能治愈么,请问癫痫病能治愈吗？,1
222cade7-1bf3-11ea-949a-e0d55e7e3b80,一般要花多少钱,大概要花多少钱,1
415e07a0-1bf3-11ea-8ef5-e0d55e7e3b80,你们是怎么治疗,该怎么治疗,1
222d704a-1bf3-11ea-8111-e0d55e7e3b80,什么抗癫痫药副作用小,请问奥卡西平副作用大吗,0
222ab2c6-1bf3-11ea-89da-e0d55e7e3b80,过几天吧,没有，打箅过几天去。,0
415e0799-1bf3-11ea-a41b-e0d55e7e3b80,明天吧！,明天可以吗？,1
415de1ce-1bf3-11ea-825b-e0d55e7e3b80,嗯嗯   好吧,对啊对啊,0
222e0cbb-1bf3-11ea-bdaa-e0d55e7e3b80,奥卡西平片有什么付作用,卡马西平片有什么副作用,0
222b76b2-1bf3-11ea-9e03-e0d55e7e3b80,那怎么治疗啊？,怎么个治疗方法,1
222b4f43-1bf3-11ea-8c73-e0d55e7e3b80,癫痫好诊断吗,我有癫痫。。。,0
222bc328-1bf3-11ea-8094-e0d55e7e3b80,您的医院有吗,哦是一个医院吧？,0
222ef5a2-1bf3-11ea-a59a-e0d55e7e3b80,那如果去你院怎么个治疗呢,那你们是怎么治疗的，,1
222b01ea-1bf3-11ea-9d7d-e0d55e7e3b80,需要动手术？,还需要做手术吗？,1
2229c8d0-1bf3-11ea-a645-e0d55e7e3b80,看医生会让吃药吗？,哦       那些医生说要吃药,0
415e7caf-1bf3-11ea-a16d-e0d55e7e3b80,焦虑症和抑郁症是一样症状吗,也有焦虑症,0
415e086f-1bf3-11ea-88bf-e0d55e7e3b80,那怎么冶呢？大概需要多长时间,大概等多久,0
222e339d-1bf3-11ea-b970-e0d55e7e3b80,我这个是什么症状啊,这个症状我有,0
222ad9fa-1bf3-11ea-b04f-e0d55e7e3b80,偶尔易激惹 ? ? ? ? 为小事情。 ? ? ? ? ? ? ?偶尔失眠 ? ? ? ? ? ? ?有一次幻听,入睡困难。 易醒 ? ? 偶尔失眠 ? ? 偶尔易激惹,0
222e0d1f-1bf3-11ea-b0a1-e0d55e7e3b80,怎么治疗这个病,是，怎么治疗呀？,1
415e7d53-1bf3-11ea-a7ba-e0d55e7e3b80,2岁小孩呕吐跟抽筋是怎么回事,小孩突然抽筋,0
2229541f-1bf3-11ea-ac5d-e0d55e7e3b80,不是我，,没有，  他不在我身边,0
222a8cd2-1bf3-11ea-bc48-e0d55e7e3b80,要是治疗好了要多少钱啊,如果治疗大概得多少钱呀,1
222a8cfb-1bf3-11ea-97f2-e0d55e7e3b80,孩子睡觉抽搐怎么回事,小孩翻白眼，吐白沫怎么回事,0
222a6585-1bf3-11ea-84cf-e0d55e7e3b80,去做检查该挂什么科,应该检查什么,0
222e3457-1bf3-11ea-8152-e0d55e7e3b80,管用吗？,吃什么药管用呢？,0
222ece82-1bf3-11ea-b0ac-e0d55e7e3b80,手术怎么治疗癫痫,癫痫要怎么治疗,0
222cfc4a-1bf3-11ea-807c-e0d55e7e3b80,你们这里，是私立医院吗,你们这个医院是公立医院吗,1
222c1184-1bf3-11ea-a11d-e0d55e7e3b80,那咱们医院是什么方式治疗呢,有什么治疗方法 去大医院挂什么科,0
415e7c93-1bf3-11ea-a3d3-e0d55e7e3b80,是什么原因导致的,是什么原因造成的,1
222e3462-1bf3-11ea-aebc-e0d55e7e3b80,羊癫疯治痊愈要多少钱,羊癫疯用多少钱,1
2229a1f5-1bf3-11ea-b461-e0d55e7e3b80,请问需要做哪些检查？,还需要做什么检查,1
415e2e84-1bf3-11ea-951c-e0d55e7e3b80,"我想咨询""小儿抽搐症的原因""","我想咨询""抽搐的原因""",1
222d2303-1bf3-11ea-a4f0-e0d55e7e3b80,不知道怎么说,不知怎么治疗,0
222cfca0-1bf3-11ea-a041-e0d55e7e3b80,朋友癫痫可以治愈吗,癫痫有治愈的可能吗。,1
2229a29c-1bf3-11ea-bd19-e0d55e7e3b80,吃药可以治愈癫痫吗,癫痫用吃药吗,0
222ab269-1bf3-11ea-9dd1-e0d55e7e3b80,你是哪个医院,你是哪里的医院,0
222a1781-1bf3-11ea-af0e-e0d55e7e3b80,格林巴利怎么治疗,格林巴利综合征怎么治,1
222bc312-1bf3-11ea-8760-e0d55e7e3b80,儿童癫痫能治好不？,这个癫痫能治好吗,1
2229f0a0-1bf3-11ea-8c09-e0d55e7e3b80,是什么原因么,什么原因会导致这样呢,1
222a17f4-1bf3-11ea-b3be-e0d55e7e3b80,但是不知道挂什么科,也不知道自己在做什么,0
222d9739-1bf3-11ea-8176-e0d55e7e3b80,"我想咨询""人抽搐怎么办""","我想咨询""晕倒后抽搐""",0
222d967d-1bf3-11ea-a17a-e0d55e7e3b80,儿童癫痫好治愈吗,儿童癫痫可以治愈吧,1
415e7d3f-1bf3-11ea-a827-e0d55e7e3b80,几个月一次,两个月发一次,1
22297ad1-1bf3-11ea-a2b0-e0d55e7e3b80,还能治好吗,如果是能治好吗,1
415e2f4e-1bf3-11ea-8d11-e0d55e7e3b80,请问需要做哪些检查？,我想过几天去做个检查，需要检查什么,0
2229a291-1bf3-11ea-96d5-e0d55e7e3b80,这个有什么吃的药或者,这个要挂什么科？,0
2229a248-1bf3-11ea-a715-e0d55e7e3b80,有什么办法解决吗,有什么好的办法解决,1
222ef54e-1bf3-11ea-a5b0-e0d55e7e3b80,要注意什么呢,平时要注意什么,1
222f1c8a-1bf3-11ea-ace4-e0d55e7e3b80,你是哪个医院啊？,你们是哪个医院？,1
415e55b1-1bf3-11ea-81e3-e0d55e7e3b80,"我想咨询""儿童失神小发作""","我想咨询""失神小发作症状""",0
222c5f5f-1bf3-11ea-befc-e0d55e7e3b80,那我该怎么治疗,那应该怎么治疗,1
415e086a-1bf3-11ea-ada2-e0d55e7e3b80,你们这是哪里的医院,你们是哪里医院,1
222d4a62-1bf3-11ea-aaf2-e0d55e7e3b80,我怎么了,这个怎么病怎么治,0
222c3806-1bf3-11ea-857a-e0d55e7e3b80,这个要怎样治疗,该如何治疗,1
222a186a-1bf3-11ea-a9c4-e0d55e7e3b80,癫痫病能治疗吗,癫痫病能否治疗,1
222b0128-1bf3-11ea-a7cb-e0d55e7e3b80,要检查什么,没有，我们该检查什么呢,1
222c5f85-1bf3-11ea-a87a-e0d55e7e3b80,我可以给你电话 或者你给我一个你的电话,你的电话给我,0
222e8084-1bf3-11ea-b42f-e0d55e7e3b80,你们医院大吗,你们是啥医院,0
222de538-1bf3-11ea-b82c-e0d55e7e3b80,他这是癫痫吗,他不是癫痫,0
222e3480-1bf3-11ea-b31d-e0d55e7e3b80,要去哪里医院看,好的你们医院在哪里,0
222cd4d6-1bf3-11ea-b822-e0d55e7e3b80,这是什么原因引起的呢,那是什么原因,1
222ea7b2-1bf3-11ea-baa8-e0d55e7e3b80,我就是问一下,我只是问一下,1
2229a296-1bf3-11ea-89b1-e0d55e7e3b80,脸抽是什么原因,大概是什么原因,0
222b9d10-1bf3-11ea-83ed-e0d55e7e3b80,像这种病治疗大概需要多少钱,这种病现在大概需要多少钱,1
415e2ee4-1bf3-11ea-8b79-e0d55e7e3b80,要检查什么,刚检查完了,0
222ab2d0-1bf3-11ea-9164-e0d55e7e3b80,是有什么引起的,这是什么引起的呢,1
415e2f08-1bf3-11ea-a90a-e0d55e7e3b80,现在有医生问吗？,你是医生不,0
222b9d59-1bf3-11ea-ba52-e0d55e7e3b80,焦虑症？,是抑郁症吗？,0
22292e14-1bf3-11ea-8e79-e0d55e7e3b80,癫痫病治好要多少钱,多少钱治好,0
222cae4c-1bf3-11ea-b6f2-e0d55e7e3b80,是什么原因导致的,什么原因引起,1
415e559f-1bf3-11ea-a927-e0d55e7e3b80,治疗费用需要多少？,治疗要多少钱,1
222b28e0-1bf3-11ea-8354-e0d55e7e3b80,我14岁  女的,我是本人女的  今年16岁,1
222d4a6c-1bf3-11ea-a8a7-e0d55e7e3b80,那怎么可以治疗吗,你们是怎么治疗呢,1
2229a27b-1bf3-11ea-96a9-e0d55e7e3b80,好的，谢谢您了？,好吧，谢谢！,1
222c5f52-1bf3-11ea-a488-e0d55e7e3b80,那个叫什么检查,去做检查该挂什么科,0
415e55d5-1bf3-11ea-9171-e0d55e7e3b80,是什么原因么,大概是什么原因,1
222b76c5-1bf3-11ea-a7fd-e0d55e7e3b80,是什么原因。,是有什么引起的,1
222b9d5a-1bf3-11ea-8492-e0d55e7e3b80,癫痫病可以根治吗,请问癫痫病可以治愈吗,0
222d6fec-1bf3-11ea-86af-e0d55e7e3b80,你们是用什么方法治疗呢,你院采取什么治疗方法,1
222cae9e-1bf3-11ea-bc49-e0d55e7e3b80,医生你说有问题吗,有叫王医生的吗？,0
222d6fda-1bf3-11ea-b1f2-e0d55e7e3b80,你好，我向你咨询一下,是，先咨询一下,1
222e0cb1-1bf3-11ea-bf4b-e0d55e7e3b80,大概多少钱啊,大概的费用要多少钱啊？,1
222cae89-1bf3-11ea-bf10-e0d55e7e3b80,什么原因引起抽搐,这个会导致晕倒，抽搐吗？,0
222ad966-1bf3-11ea-b8a6-e0d55e7e3b80,全身抽搐，口吐白沫是什么病,口吐白沫全身抽筋,0
415e0845-1bf3-11ea-be1a-e0d55e7e3b80,医生在吗？,现在有医生问吗？,0
222c5f2b-1bf3-11ea-81a2-e0d55e7e3b80,抑郁症。,严重的抑郁,0
222e33bc-1bf3-11ea-aa45-e0d55e7e3b80,是吃药还是怎么样,只吃药吗还是,1
222d4a48-1bf3-11ea-8766-e0d55e7e3b80,怎么治疗的？,怎么个治疗方法,1
222cfc4e-1bf3-11ea-8450-e0d55e7e3b80,脑电图没做呢,动态脑电图也做了,0
415e7cfc-1bf3-11ea-9b4f-e0d55e7e3b80,你好，请问7个月宝宝抽搐的原因是什么？,孩子老抽搐什么原因,1
222c3884-1bf3-11ea-a0f4-e0d55e7e3b80,孩子睡着了，老抽搐是什么原因,小孩睡觉时抽搐是什么原因,1
222e0c62-1bf3-11ea-a0f4-e0d55e7e3b80,具体有什么治疗方法呢？,有什么好方法治疗,1
222e80b4-1bf3-11ea-87d2-e0d55e7e3b80,做什么治疗,有什么方法治疗吗,1
222e0c84-1bf3-11ea-aade-e0d55e7e3b80,可以治疗吗，怎么治疗,怎么治疗。,0
222c86ac-1bf3-11ea-a42a-e0d55e7e3b80,"我想咨询""人抽搐怎么治疗""","我想咨询""`怎么治疗""",0
222ad96a-1bf3-11ea-8024-e0d55e7e3b80,您说这个该怎么办,那怎么办啊,1
222c8664-1bf3-11ea-a83b-e0d55e7e3b80,你听说过九龙平癫镇痫系列组合吗,你问你那里医院的医生了吗？听说过九龙平癫镇痫系列组合了吗？,1
222b9d2d-1bf3-11ea-bb1f-e0d55e7e3b80,女的  50岁,25岁  女的,1
222d2294-1bf3-11ea-b385-e0d55e7e3b80,"我想咨询""人突然间抽搐""","我想咨询""突然抽搐口吐白沫是什么症状?""",0
222e3412-1bf3-11ea-a2f3-e0d55e7e3b80,检查什么？,这个该检查什么,1
415e2f2c-1bf3-11ea-9f32-e0d55e7e3b80,这个脑电图嘛？,脑电图价格,0
222de470-1bf3-11ea-9f96-e0d55e7e3b80,该怎么治疗呢,这叫什么病，怎么治疗,0
222d6fdc-1bf3-11ea-8d6a-e0d55e7e3b80,要怎么治疗呢,那你们是怎么治疗的,1
415e2ebf-1bf3-11ea-ba9e-e0d55e7e3b80,那需要如何治疗呢,该如何治疗,1
222cadd8-1bf3-11ea-905d-e0d55e7e3b80,该怎么治疗呢？,这个怎么治疗,1
2229c92e-1bf3-11ea-8f65-e0d55e7e3b80,是什么原因引起的,那是什么原因,1
222ad941-1bf3-11ea-a4af-e0d55e7e3b80,焦虑症和抑郁症是一样症状吗,我得了抑郁症,0
222cd4a7-1bf3-11ea-aac8-e0d55e7e3b80,用什么检查？可以检查吗？,做什么检查？,0
2229a229-1bf3-11ea-9654-e0d55e7e3b80,是忧郁症吗,就是忧郁症呀,0
2229f147-1bf3-11ea-9cde-e0d55e7e3b80,"我想咨询""丙戍酸钠缓释片""","我想咨询""丙戊酸钠缓释片的副作用""",0
415e2ed1-1bf3-11ea-a8df-e0d55e7e3b80,该如何治疗,这样怎样治疗,1
222ef5ea-1bf3-11ea-beb7-e0d55e7e3b80,需要预约挂号嘛,需要提前挂号吗吗,1
222953d7-1bf3-11ea-bfb3-e0d55e7e3b80,跟孩子不在身边有关系吗,他们不在身边,0
22297b8b-1bf3-11ea-aecb-e0d55e7e3b80,我前一段时间问杨全兴医生听说过九龙平癫镇痫系列组合吗？杨全兴医生说知道,你问问杨全兴医生九龙平癫镇痫系列组合上市了吗？有人吃吗？,0
222b284a-1bf3-11ea-9ec6-e0d55e7e3b80,请问一下这是什么原因呢,这是什么引起的呢,1
2229c96b-1bf3-11ea-ae1d-e0d55e7e3b80,晚上怎么睡都睡不着,晚上困但是睡不着,1
222ef5ab-1bf3-11ea-a613-e0d55e7e3b80,那您觉得我应该怎么治疗呢,应该怎么治疗了,1
222b4fa2-1bf3-11ea-a454-e0d55e7e3b80,现在还动不动   就说要和我离婚   我有想   杀他的冲动,我就是生了小孩一直到现在  脾气特别不好   而且经常想的都是自己受过的委屈,0
222b018e-1bf3-11ea-967c-e0d55e7e3b80,女 18岁,女  55岁,1
222de535-1bf3-11ea-8aae-e0d55e7e3b80,他这是癫痫吗,属于癫痫吗？,1
222b4f7b-1bf3-11ea-b192-e0d55e7e3b80,现在怎么办呢？,怎么办了,1
222f1cc7-1bf3-11ea-b457-e0d55e7e3b80,去医院查什么也没有的,没有来医院,0
415e2f13-1bf3-11ea-9ef7-e0d55e7e3b80,你们那里时候什么医院,你们医院在那里？,0
222b4f29-1bf3-11ea-a396-e0d55e7e3b80,这些脑电图可以查吗,脑电图吗,0
222a3f29-1bf3-11ea-a670-e0d55e7e3b80,如果是能治好吗,这样能治好吗,1
22295428-1bf3-11ea-a0df-e0d55e7e3b80,要怎么治 要吃药吗,可以吃药治疗吗？,1
415e5592-1bf3-11ea-9435-e0d55e7e3b80,我这是什么病呢？,这个是什么病呢,1
22292e10-1bf3-11ea-9225-e0d55e7e3b80,是不是有问题,请问是什么原因,0
222b013d-1bf3-11ea-8e79-e0d55e7e3b80,癫痫是家族遗传吗,癫痫会遗传吗,1
222a1792-1bf3-11ea-bb8e-e0d55e7e3b80,癫痫病治好要多少钱,治好要多少钱？,0
222de4b9-1bf3-11ea-af62-e0d55e7e3b80,这种严重吗,这种问题严重吗？,1
222d7043-1bf3-11ea-b4fb-e0d55e7e3b80,严重失眠怎么办,我是严重失眠,0
222cfc5a-1bf3-11ea-8837-e0d55e7e3b80,你问问杨全兴医生了吗？知道九龙平癫镇痫系列组合吗？上市了吗？你那医院有人吃吗？,你问问杨全兴医生九龙平癫镇痫系列组合上市了吗？有人吃吗？,1
222cfc49-1bf3-11ea-a1cf-e0d55e7e3b80,如果是癫痫的话，做什么检查能做出来,我想知道做什么检查能做出来是不是癫痫,1
222ea738-1bf3-11ea-9162-e0d55e7e3b80,哦，一般要做什么检查呢,在做什么检查,1
415e55d8-1bf3-11ea-b1db-e0d55e7e3b80,需要做什么检查呢?,我这样需要做什么检查,1
222a17c7-1bf3-11ea-8362-e0d55e7e3b80,那有什么方法治疗,都有什么治疗方法,1
415e2f19-1bf3-11ea-a262-e0d55e7e3b80,这跟家庭因素有吗,家庭原因吧,0
222d4a09-1bf3-11ea-9c9f-e0d55e7e3b80,是什么原因引起的？,没有什么原因啊,0
22297b14-1bf3-11ea-8ea9-e0d55e7e3b80,那他进你们医院了吗？,你们医院名称改了吗？,0
222f1c41-1bf3-11ea-9950-e0d55e7e3b80,什么检查？,检查了没有检查出什么结果,0
415e7cf5-1bf3-11ea-933f-e0d55e7e3b80,那怎么治疗？,中医怎么治疗,0
222e339f-1bf3-11ea-8f4b-e0d55e7e3b80,我这个是怎么抑郁的呢,怎么算抑郁啊,0
222cfc21-1bf3-11ea-a58f-e0d55e7e3b80,没去医院看过,没有去医院看过,1
222cfc59-1bf3-11ea-a26a-e0d55e7e3b80,需要做什么检查。,做什么检查？,1
222e343b-1bf3-11ea-aae7-e0d55e7e3b80,癫痫病能不能治好,药物能治好癫痫病不？？,0
22297b52-1bf3-11ea-ad96-e0d55e7e3b80,医生在不,什么叫电医生,0
222cd53e-1bf3-11ea-9691-e0d55e7e3b80,??如果要去检查是去看什么科呢,做什么检查了，我也忘了，,0
222e0ca4-1bf3-11ea-917e-e0d55e7e3b80,嗯怎么治疗呢,系统性治疗是怎么治疗啊,0
222e5b21-1bf3-11ea-b852-e0d55e7e3b80,.!?精灌扶工作社r材老叔呈;建h借X??？y拉快x後感????生土,.!?精灌扶工作社r材老叔呈;建h借X??？y,0
222d6fb0-1bf3-11ea-888f-e0d55e7e3b80,医生那要怎么办呢,那要怎么办？,1
222f1c90-1bf3-11ea-818c-e0d55e7e3b80,你能治好吗,那可以治好吧?,1
222cfc3d-1bf3-11ea-a1a6-e0d55e7e3b80,那你们医院开这种药吗,来你们医院还是？？？,0
222b2864-1bf3-11ea-b993-e0d55e7e3b80,明天吧！我现在不方便,我目前不方便,0
222c5f47-1bf3-11ea-8b3d-e0d55e7e3b80,治癫痫的么,我儿子的癫痫,0
2229a1b1-1bf3-11ea-80fc-e0d55e7e3b80,你说的是哪里的肌肉萎缩？,肌肉萎缩挂什么科？,0
415e5581-1bf3-11ea-8b0f-e0d55e7e3b80,没有检查过，,检查没有,0
222953e1-1bf3-11ea-aaef-e0d55e7e3b80,还没有去检查呢,才做检查呢，,0
222e8079-1bf3-11ea-b761-e0d55e7e3b80,你不睡觉嘛？,睡不睡觉都这样吗,0
222d7019-1bf3-11ea-9165-e0d55e7e3b80,是属于抑郁吗,我抑郁了,0
222e0d1e-1bf3-11ea-8486-e0d55e7e3b80,怎么治疗这个病,怎么治疗。,1
222c11b8-1bf3-11ea-a6f2-e0d55e7e3b80,癫痫病最终能治愈吗,癫痫病还能治愈吗？,0
2229f165-1bf3-11ea-b351-e0d55e7e3b80,焦虑症  什么病吗,我也有焦虑症,0
2229c89a-1bf3-11ea-8728-e0d55e7e3b80,好的知道了,好  知道了,1
222ad9dd-1bf3-11ea-b286-e0d55e7e3b80,您这可以咨询吗？,也可以啊,0
222e0c5a-1bf3-11ea-8eb1-e0d55e7e3b80,假性癫痫是癫痫吗？,癫痫都忌啥口,0
222d4aac-1bf3-11ea-91e3-e0d55e7e3b80,吃药得吃啥药,就吃药控制呢吃药也犯,0
222cae12-1bf3-11ea-950d-e0d55e7e3b80,怎么治疗的,怎么检查怎么治疗比较好？,0
222dbef8-1bf3-11ea-9704-e0d55e7e3b80,有什么副作用？,有什么危害吗,1
222c86b2-1bf3-11ea-a531-e0d55e7e3b80,你问你那里医院的医生了吗？听说过九龙平癫镇痫系列组合了吗？,你听说过九龙平癫镇痫系列组合吗在什么地方买到,0
222d2329-1bf3-11ea-b773-e0d55e7e3b80,嗯，好的,嗯，好啊,1
222ea74c-1bf3-11ea-9718-e0d55e7e3b80,大概需要多少钱呢？,大概需要多长时间，需要多少钱呀医生,0
222cd54d-1bf3-11ea-9bb7-e0d55e7e3b80,23岁咯 男的嘛,23岁 女生,0
222ad9c1-1bf3-11ea-a311-e0d55e7e3b80,中药可以吗,中药西药都吃过,0
222dbe95-1bf3-11ea-832b-e0d55e7e3b80,"我想咨询""癫疯病可以治好吗""","我想咨询""  疯病能治好吗""",0
2229f0f1-1bf3-11ea-afb5-e0d55e7e3b80,他说不去,我说我不方便,0
222e0d16-1bf3-11ea-922f-e0d55e7e3b80,怎么治疗方法呢,怎么治疗。,1
222e80ca-1bf3-11ea-893d-e0d55e7e3b80,医生请问艾司坐仑控制癫痫必须定点服吗晚一小时可以吗,医生请问艾司坐仑控制癫痫晚一小时服可以吗,0
222eced2-1bf3-11ea-ad35-e0d55e7e3b80,癫痫怎样治疗,治疗癫痫？,0
2229a1ee-1bf3-11ea-9172-e0d55e7e3b80,就是不知道怎么了,我也不知道这是怎么了,1
2229f0a5-1bf3-11ea-9c4a-e0d55e7e3b80,去做什么检查可以查,检查什么呢,0
222d4a81-1bf3-11ea-b935-e0d55e7e3b80,那这么办？,也可以这么说吧,0
222d9713-1bf3-11ea-ac08-e0d55e7e3b80,怎么能好？,您怎么称呼呀,0
2229f10c-1bf3-11ea-bdfd-e0d55e7e3b80,抽搐是癫痫吗,孩子抽搐是癫痫吗,1
222ef5d1-1bf3-11ea-8ed6-e0d55e7e3b80,那还怎么治疗,你建议我怎么治疗好啊,1
22297ba0-1bf3-11ea-a908-e0d55e7e3b80,怎么没有,还没有，,1
222c115e-1bf3-11ea-ae08-e0d55e7e3b80,"我想咨询""奥卡西平的不良反应""","我想咨询""卡马西平和奥卡西平""",0
222cadff-1bf3-11ea-80b2-e0d55e7e3b80,这是怎么回事啊,那是怎么回事,1
222bea12-1bf3-11ea-b7ca-e0d55e7e3b80,我连续3个晚上睡不着怎么了,一晚上睡不着,0
222a8cfc-1bf3-11ea-a7eb-e0d55e7e3b80,人突然晕倒抽搐是怎么回事,抽搐，昏迷不醒是怎么回事,1
222c10ff-1bf3-11ea-b231-e0d55e7e3b80,睡不着怎么办,我老妈一天到晚睡不着觉，怎么办,0
222d2321-1bf3-11ea-bb03-e0d55e7e3b80,那什么医院啊,去了小医院,0
222cadf7-1bf3-11ea-8650-e0d55e7e3b80,"我想咨询""小儿抽搐症状""","我想咨询""手足抽搐症""",0
415de1c7-1bf3-11ea-aed7-e0d55e7e3b80,你们医院再哪,你们医院位你们医院位置,1
222a17e0-1bf3-11ea-a0a9-e0d55e7e3b80,做手术吗,想知道要做手术吗,1
222e340d-1bf3-11ea-97c6-e0d55e7e3b80,检查什么？,那还需要做什么检查吗,0
222e806e-1bf3-11ea-91f8-e0d55e7e3b80,什么检查?,没有，检查是挂什么科,0
222a6650-1bf3-11ea-8047-e0d55e7e3b80,当时嘴巴是张开的 有口水留下来  其它症状没有 走路正常,除了头晕没有  头疼没有  其他都有有时候感觉脑子放松不下来,0
22297baa-1bf3-11ea-8d2e-e0d55e7e3b80,有什么可以治疗的吗？,有什么可以治疗方法吗？,1
2229f100-1bf3-11ea-8396-e0d55e7e3b80,不知道 我没有说,也不知道,1
222d4a71-1bf3-11ea-89b8-e0d55e7e3b80,是严重吗吗,我这个不严重吧,1
222e5a96-1bf3-11ea-a014-e0d55e7e3b80,谢谢你了？,谢谢您了！,1
222de4b5-1bf3-11ea-ae49-e0d55e7e3b80,这样严重吗,这样的情况严重吗,1
222e33d5-1bf3-11ea-9956-e0d55e7e3b80,是，怎么治疗呀？,系统性治疗是怎么治疗啊,0
222d22e2-1bf3-11ea-89a6-e0d55e7e3b80,一两分钟？,两三分钟,1
222e3423-1bf3-11ea-890b-e0d55e7e3b80,癫痫不发作可以查吗,这是癫痫发作吗,0
222d6fc7-1bf3-11ea-9d3f-e0d55e7e3b80,你叫杨全兴医生告诉我九龙平癫镇痫系列组合在什么地方买到,你问问杨全兴医生知道九龙平癫镇痫系列组合吗,0
222953da-1bf3-11ea-b432-e0d55e7e3b80,反正就是各种烦   。。。,嗯嗯   他现在就是喜欢乱想。。。,0
415de1c0-1bf3-11ea-9e3d-e0d55e7e3b80,你们医院在什么位置,咱们医院在什么位置,1
222c5f8e-1bf3-11ea-b1a5-e0d55e7e3b80,我不方便电话，在上班,我现在在上班，不方便。,1
2229a1ed-1bf3-11ea-b681-e0d55e7e3b80,大概花费多少钱,大概要花多少钱,1
222b9cfb-1bf3-11ea-8c54-e0d55e7e3b80,男 18  三年,男    36      大半年,1
222b01a7-1bf3-11ea-a231-e0d55e7e3b80,你是医生不,医生也没说什么,0
222cd521-1bf3-11ea-b073-e0d55e7e3b80,都不知道怎么办好,不知道怎么办了,1
222b0141-1bf3-11ea-8b4b-e0d55e7e3b80,你们是什么医院？,去什么医院好,0
222d2356-1bf3-11ea-8ca7-e0d55e7e3b80,大概什么原因引起的,那这是什么原因造成的呢,1
222e8074-1bf3-11ea-84a4-e0d55e7e3b80,会不会是癫痫呢？,有癫痫史,0
222a8d30-1bf3-11ea-9a4d-e0d55e7e3b80,"我想咨询""四肢抽搐怎么回事""","我想咨询""四肢抽搐原因""",1
222e807f-1bf3-11ea-a622-e0d55e7e3b80,你们医院在那里呢？,还没有去你们医院,0
222d231a-1bf3-11ea-aa6d-e0d55e7e3b80,那咋治疗,可以治疗吗,0
222b5006-1bf3-11ea-b902-e0d55e7e3b80,"我想咨询""小儿抽搐症状""","我想咨询""抽搐症状""",0
222d233c-1bf3-11ea-83e5-e0d55e7e3b80,哪方面的检查,还没检查,0
222953d8-1bf3-11ea-b934-e0d55e7e3b80,给你看，,我问你啊,0
222ad96c-1bf3-11ea-8b94-e0d55e7e3b80,具体我去看什么科呢,什么情况,0
22297ae0-1bf3-11ea-bab9-e0d55e7e3b80,先吃药呀,吃药要几年,0
222a65d2-1bf3-11ea-a1c2-e0d55e7e3b80,你们医院在那边,你们那是大医院吗,0
222de4ae-1bf3-11ea-bc37-e0d55e7e3b80,这是什么问题呀,这个是什么问题,1
2229c8a1-1bf3-11ea-a44f-e0d55e7e3b80,杨全兴医生知道九龙平癫镇痫系列组合吗,你知道九龙平癫镇痫系列组合吗,1
222ada2b-1bf3-11ea-9262-e0d55e7e3b80,现在是药物控制吗？,一般药物都能控制住吗,0
222dbe93-1bf3-11ea-8784-e0d55e7e3b80,"我想咨询""浑身抽搐是什么原因""","我想咨询""睡觉抽搐是什么原因""",0
222cd515-1bf3-11ea-9a20-e0d55e7e3b80,24小时脑电图要多少钱，贵吗?,有就做了个24小时脑电图也没检查出什么病,0
222c3814-1bf3-11ea-ad42-e0d55e7e3b80,你们医院是手术治疗？,你们医院都是怎么治疗,0
222a178e-1bf3-11ea-8b47-e0d55e7e3b80,给是有癫痫症状吗？,孩子有癫痫症状,0
222ece85-1bf3-11ea-b92f-e0d55e7e3b80,抑郁症是什么样的？,哪种抑郁症呢,0
22297b96-1bf3-11ea-9b8d-e0d55e7e3b80,治疗癫痫吗,是癫痫吗,0
415e7d20-1bf3-11ea-8cce-e0d55e7e3b80,怎么确定是得了癫痫呢？,怎么确定是不是癫痫,1
222cd562-1bf3-11ea-80c3-e0d55e7e3b80,"我想咨询""小孩刚入睡抽搐""","我想咨询""小孩突然抽搐""",0
222a6561-1bf3-11ea-8412-e0d55e7e3b80,这个应该怎么治疗呢,应该怎么治疗呢,1
222d22f3-1bf3-11ea-9f02-e0d55e7e3b80,都检查啥,没检查出来,0
415e7d11-1bf3-11ea-850f-e0d55e7e3b80,这个虹桥医院有看神经内科的吗,你们是上海虹桥医院神经内科吗,0
222b2826-1bf3-11ea-836b-e0d55e7e3b80,什么医院,在医院一般用什么药,0
222ad9fb-1bf3-11ea-be8c-e0d55e7e3b80,那要怎么确诊？,那要怎么治呢？,0
222f1ccc-1bf3-11ea-a55e-e0d55e7e3b80,去医院需要检查什么,没有检查，需要做什么检查,0
415e559c-1bf3-11ea-94ad-e0d55e7e3b80,怎么治疗呢,需要怎么治疗,1
222b2887-1bf3-11ea-8648-e0d55e7e3b80,北京神经官能症哪个医院好,哪个医院治疗神经官能症权威,1
222eceaa-1bf3-11ea-bf32-e0d55e7e3b80,有胸闷和呼吸不畅。还有脾气暴躁。,心慌胸闷，呼吸不畅有,0
222ab2a1-1bf3-11ea-b19b-e0d55e7e3b80,能检查什么,我想过几天去做个检查，需要检查什么,0
222b4fde-1bf3-11ea-9201-e0d55e7e3b80,那怎么办才好,那咋办呢,1
222b4f69-1bf3-11ea-973a-e0d55e7e3b80,请问贵医院有脑萎缩的专家吗？,医院说是，脑萎缩,0
415e07f5-1bf3-11ea-a5a2-e0d55e7e3b80,我应该怎么做不,不是我应该怎么做？,1
222b7679-1bf3-11ea-8c5e-e0d55e7e3b80,你院采取什么治疗方法,你们是用什么方法治疗呢,1
222b763d-1bf3-11ea-a2d9-e0d55e7e3b80,我想确定我是不是得了抑郁症,我想知道自己是不是有抑郁症,1
222ab34e-1bf3-11ea-a3cb-e0d55e7e3b80,你好，孩子睡觉抽搐是什么原因？,孩子睡着了，老抽搐是什么原因,1
22297b80-1bf3-11ea-9506-e0d55e7e3b80,我40岁  男,我36岁 女,0
222c10f4-1bf3-11ea-b7d3-e0d55e7e3b80,我咨询问题啊,哦！我到时咨询吧！,0
222cd568-1bf3-11ea-b249-e0d55e7e3b80,1 2 3 4 7 9 10,1 3 7 9 10 11,0
222cd525-1bf3-11ea-891d-e0d55e7e3b80,手抽搐是什么原因,小儿抽搐是什么原因,0
222b764e-1bf3-11ea-9c05-e0d55e7e3b80,3岁儿童癫痫病能治好吗？,癫痫病能治好吗？,1
222d4a69-1bf3-11ea-bb8a-e0d55e7e3b80,这什么情况,这属于什么情况,1
222b2848-1bf3-11ea-bca2-e0d55e7e3b80,我想知道突然倒地抽搐是怎么回事,突然就晕倒了,0
222c8612-1bf3-11ea-acad-e0d55e7e3b80,那怎么办，这个病能治好吗,、这个病能治好吗,0
222d234a-1bf3-11ea-bc99-e0d55e7e3b80,那该怎么治？,那该怎么治疗呢,1
2229a1b5-1bf3-11ea-868b-e0d55e7e3b80,癫痫能一次治愈吗,癫痫病一年犯一次，能治愈吗？,0
222d22fc-1bf3-11ea-aa35-e0d55e7e3b80,33岁 男 几个月了,我是病人  男  23  病已经差不多五了年,0
222ef55b-1bf3-11ea-a621-e0d55e7e3b80,请问哪可以怎么做呢？,那请问该怎么治,0
222b0139-1bf3-11ea-a5ac-e0d55e7e3b80,他说不去,他没说，,0
222ad959-1bf3-11ea-a52e-e0d55e7e3b80,怎样治疗？,那你们的怎样治疗的呢？,1
222f1c93-1bf3-11ea-997d-e0d55e7e3b80,你说做脑电图吗？,没有做脑电图和核磁共振,0
222cfbb8-1bf3-11ea-aa71-e0d55e7e3b80,这是什么呀原因,什么原因,1
415e7cfd-1bf3-11ea-8400-e0d55e7e3b80,小孩抽搐是怎么回事,孩子抽搐,0
22297b17-1bf3-11ea-8b24-e0d55e7e3b80,什么原因造成呢,我是什么原因的？,1
222b290d-1bf3-11ea-878e-e0d55e7e3b80,怎样治愈了,能治愈吗,0
222c5f0c-1bf3-11ea-857d-e0d55e7e3b80,能检查什么,去检查了都是好的。,0
222c11af-1bf3-11ea-b5d2-e0d55e7e3b80,抽搐什么原因,抽搐是什么原因,1
222d973b-1bf3-11ea-b9ab-e0d55e7e3b80,"我想咨询""北京脑科医院哪个好""","我想咨询""北京脑科医院排名""",0
222e346c-1bf3-11ea-8810-e0d55e7e3b80,能彻底治愈？,彻底治愈要多久,0
222f1c2b-1bf3-11ea-8a1e-e0d55e7e3b80,主要是治疗什么病,吃什么治疗,0
2229542b-1bf3-11ea-904d-e0d55e7e3b80,女  30,女   24,1
222d4a49-1bf3-11ea-87a5-e0d55e7e3b80,那怎么治疗呀,去睡困难怎么治疗呢,0
222e80a9-1bf3-11ea-a863-e0d55e7e3b80,你是什么人,请问是什么病,0
222a17ef-1bf3-11ea-af55-e0d55e7e3b80,那是要吃药吗,让我吃药 我没有吃,0
222cd52a-1bf3-11ea-8c8f-e0d55e7e3b80,癫痫咋弄了,你确定是癫痫？,0
222de54e-1bf3-11ea-b4a0-e0d55e7e3b80,你们医院是用什么方法治疗的,你们医院有什么好的方法吗,1
222b769a-1bf3-11ea-a446-e0d55e7e3b80,这个还能治好吗,如果是能治好吗,1
222dbed3-1bf3-11ea-b261-e0d55e7e3b80,是不是产后抑郁症,是不是抑郁症了,0
222cd54a-1bf3-11ea-b65c-e0d55e7e3b80,最近好像复发了  他老是不按时吃药 自己会有的时候不吃,年龄20岁 女 也不是持续症状 就是父母有时候开房门会把我吓醒 然后就会很害怕,0
222b016a-1bf3-11ea-922c-e0d55e7e3b80,王医生是吗,你是医生，还是,0
222ada00-1bf3-11ea-ab69-e0d55e7e3b80,怎么治疗呢,去睡困难怎么治疗呢,0
222c85fa-1bf3-11ea-b248-e0d55e7e3b80,也不知道自己在做什么,但是不知道挂什么科,0
222b9d54-1bf3-11ea-bed6-e0d55e7e3b80,我40岁  男,我20，男,1
222cd587-1bf3-11ea-ae87-e0d55e7e3b80,"我想咨询""手足抽搐症""","我想咨询""小儿抽搐症状""",0
415e7ca6-1bf3-11ea-8ad2-e0d55e7e3b80,可以咨询吗,我想咨询下,1
2229c927-1bf3-11ea-93ae-e0d55e7e3b80,检查什么,用什么检查？可以检查吗？,0
222953c2-1bf3-11ea-ae53-e0d55e7e3b80,请你癫痫病发作症状呢？,今年癫痫病还发作了,0
222b285e-1bf3-11ea-8528-e0d55e7e3b80,是什么原因呢？,这个是因为什么原因呢,1
415e7d55-1bf3-11ea-8219-e0d55e7e3b80,需要怎么治疗,那怎么治疗,1
222c5f09-1bf3-11ea-862f-e0d55e7e3b80,请问癫痫现在有什么好的治疗办法吗？,请问是治疗癫痫的吗,0
415de1a4-1bf3-11ea-9216-e0d55e7e3b80,怎么可以治疗,这个要怎么治疗呢,1
2229a1de-1bf3-11ea-bb0e-e0d55e7e3b80,儿童癫痫是什么原因引起的呢,什么能引起小儿癫痫,1
222b4f2e-1bf3-11ea-a980-e0d55e7e3b80,这个怎么治疗,那怎么治疗呢！,1
222a3eb0-1bf3-11ea-bf23-e0d55e7e3b80,癫痫都是什么症状啊,癫痫的早期症状有哪些,1
222b01f8-1bf3-11ea-a0a7-e0d55e7e3b80,你有微信吗,我有微信，？,0
222a65b5-1bf3-11ea-b5db-e0d55e7e3b80,你们靠什么来治疗,请问你们那里是用什么方法治疗？,1
222cfc7a-1bf3-11ea-9995-e0d55e7e3b80,需要做什么检查。,没有什么检查,0
222b4f5a-1bf3-11ea-950a-e0d55e7e3b80,是啥原因,什么原因造成的,1
222bea0f-1bf3-11ea-b3d8-e0d55e7e3b80,有什么好的办法解决,有什么办法解决吗,1
222c116d-1bf3-11ea-9d32-e0d55e7e3b80,您不是医生呀,医生说的,0
222c3817-1bf3-11ea-8a04-e0d55e7e3b80,这样怎样治疗,那应该怎样治疗？,1
415e55c7-1bf3-11ea-a5b2-e0d55e7e3b80,抽搐是什么原因？,全身抽搐什么原因,1
222b285c-1bf3-11ea-86ef-e0d55e7e3b80,您怎么称呼？,是要怎么做,0
222d6f9f-1bf3-11ea-a3e1-e0d55e7e3b80,"我想咨询""抽搐是什么原因引起的""","我想咨询""昏倒抽搐原因""",1
222b01dd-1bf3-11ea-8991-e0d55e7e3b80,应该做什么检查呀   大夫,这应该检查什么科,0
222a8c75-1bf3-11ea-86e4-e0d55e7e3b80,我想咨询癫痫宝宝,我咨询一下癫痫,1
222cadde-1bf3-11ea-8a11-e0d55e7e3b80,我想确定我是不是得了抑郁症,想咨询自己是不是,0
222d6f8c-1bf3-11ea-ad0d-e0d55e7e3b80,你什么医院的？,去医院看吗,0
2229f176-1bf3-11ea-80d2-e0d55e7e3b80,抑郁症是不是精神病的一种啊,抑郁症是精神病吗？,1
222a6619-1bf3-11ea-a378-e0d55e7e3b80,就咨询一下吧,简单的咨询一下就可以了,1
222ef5cd-1bf3-11ea-80f1-e0d55e7e3b80,那还怎么治疗,我这样怎么治疗,1
222cfc05-1bf3-11ea-b468-e0d55e7e3b80,属于癫痫吗？,是癫痫吗,1
222c5f6a-1bf3-11ea-90e6-e0d55e7e3b80,"我想咨询""轻微异常脑电图""","我想咨询""做脑电图异常""",0
222e0ccc-1bf3-11ea-a7c9-e0d55e7e3b80,孩子睡觉后出现抽搐怎么回事,孩子抽搐是怎么回事,0
222b01b6-1bf3-11ea-85d0-e0d55e7e3b80,有什么好的方法吗？,有什么方法,1
222b4fab-1bf3-11ea-83bb-e0d55e7e3b80,也没有，是什么原因造成呢,是什么原因。,1
222c37f2-1bf3-11ea-9735-e0d55e7e3b80,我这样是抑郁症吗,这种情况是抑郁症吗,1
222d4ab4-1bf3-11ea-89d3-e0d55e7e3b80,`有什么办法,请问有什么办法治疗？,1
222cadf9-1bf3-11ea-8d12-e0d55e7e3b80,那我该怎么治疗,一般怎么治疗,1
415e07ad-1bf3-11ea-b633-e0d55e7e3b80,还没有去检查呢,现在还没有，再做检查,0
2229f0fb-1bf3-11ea-85c3-e0d55e7e3b80,好治愈吗,看来是难治愈了,1
222b4f84-1bf3-11ea-83f0-e0d55e7e3b80,脑电图医生说有癫痫的可能,脑电图异常医生就说是癫痫,0
222e0d3a-1bf3-11ea-9eef-e0d55e7e3b80,我只是来咨询一下,对我要咨询一下,1
222d4a55-1bf3-11ea-9694-e0d55e7e3b80,17岁 女,31岁  女,1
415e0865-1bf3-11ea-8016-e0d55e7e3b80,癫痫可以治好吗？,癫痫能治愈吗？,1
222e808b-1bf3-11ea-9083-e0d55e7e3b80,你们医院是上海虹桥医院？,您是在上海虹桥医院吗,0
415e2ec2-1bf3-11ea-b062-e0d55e7e3b80,我明年就得死了  主要是天天想女人   真的烦  你看  有没有什么药品可以给他压制的？,想想   小孩   可怜   以后没有妈妈   没人疼   就不敢死,0
222d704d-1bf3-11ea-8297-e0d55e7e3b80,什么是焦虑症？,焦虑症可以治吗,0
415e55d2-1bf3-11ea-a5ef-e0d55e7e3b80,你们医院再哪,你们医院有类似的吗？,0
222a8ceb-1bf3-11ea-9621-e0d55e7e3b80,那我怎么去治疗,如果不治疗会怎么,0
222ada3e-1bf3-11ea-a76d-e0d55e7e3b80,给是有癫痫症状吗？,没有严重的癫痫症状,0
222c116f-1bf3-11ea-ba20-e0d55e7e3b80,怎么预防和治疗,怎么预防？,0
222f1c97-1bf3-11ea-bfbb-e0d55e7e3b80,你说做脑电图吗？,又约了个核磁共振,0
222c8639-1bf3-11ea-90d0-e0d55e7e3b80,抑郁症表现是什么,抑郁症有些什么表现,1
222c1129-1bf3-11ea-8218-e0d55e7e3b80,就是做脑电图吗？,作了什么脑电图，磁共振,0
222d22c4-1bf3-11ea-b7db-e0d55e7e3b80,挂什么科？,有什么药可以吃吗,0
222ef5a8-1bf3-11ea-a3b9-e0d55e7e3b80,那怎么样,这个怎么样治呢？,0
222e3476-1bf3-11ea-af94-e0d55e7e3b80,脑电图和核磁共振都做了也没做出啥,让做脑电图,0
222c5f67-1bf3-11ea-a459-e0d55e7e3b80,突然抽搐什么原因,抽搐是什么原因引起的？,1
222ad99d-1bf3-11ea-aae1-e0d55e7e3b80,会不会是癫痫,没有癫痫,0
222cd564-1bf3-11ea-b75f-e0d55e7e3b80,癫痫病能治好吗,羊癫疯能治好吗？,1
222de4eb-1bf3-11ea-9df0-e0d55e7e3b80,那这种要靠药物治疗吗,这是要药物治疗吗？,1
222a6594-1bf3-11ea-8f1b-e0d55e7e3b80,癫痫病吃什么药最好,癫痫病病吃什么药？,1
222b7620-1bf3-11ea-b939-e0d55e7e3b80,不知道怎么办,不知道怎么回事,0
222de53a-1bf3-11ea-9bc5-e0d55e7e3b80,他这是癫痫吗,也不是癫痫,0
222e3448-1bf3-11ea-a945-e0d55e7e3b80,癫痫都忌啥口,这样会是癫痫吗,0
415e07b4-1bf3-11ea-8507-e0d55e7e3b80,你们是用什么方法治疗啊,最好治疗方法是什么呢,1
222d6fa6-1bf3-11ea-b330-e0d55e7e3b80,嗯大概多少钱,大概需要多少钱呢,1
222a184b-1bf3-11ea-baf3-e0d55e7e3b80,偶尔易激惹 ? ? ? ? 为小事情。 ? ? ? ? ? ? ?偶尔失眠 ? ? ? ? ? ? ?有一次幻听,能回忆  乏力 想睡觉的症状有,0
222a3eba-1bf3-11ea-b673-e0d55e7e3b80,这几天才发现的,刚刚发现几天,1
222cae84-1bf3-11ea-b2ed-e0d55e7e3b80,有什么治疗方法吗？,我不知道怎么治疗，有什么方法可以治疗,1
222ef5e3-1bf3-11ea-9870-e0d55e7e3b80,那这怎么治疗,那你们是怎么治疗的，,1
415e0869-1bf3-11ea-acfd-e0d55e7e3b80,加你微信吧,你微信给我吧,1
22297b9b-1bf3-11ea-af5e-e0d55e7e3b80,咨询怎么治疗,怎么治疗？,1
415e2f7c-1bf3-11ea-9b03-e0d55e7e3b80,需要怎么治疗,怎么治疗呢,1
222ece91-1bf3-11ea-beba-e0d55e7e3b80,是专门看癫痫病的吗,你们是专门治癫痫病的吗,1
222c1176-1bf3-11ea-a112-e0d55e7e3b80,癫痫有什么症状，,您能跟我说癫痫是怎么个症状吗,1
222cd4e4-1bf3-11ea-b4a0-e0d55e7e3b80,那请问这个病能治好吗,这种病能治好吗,1
222dbf1e-1bf3-11ea-a501-e0d55e7e3b80,没有医生是吗,看医生了,0
222ada3f-1bf3-11ea-9c18-e0d55e7e3b80,睡觉腿抽筋怎么回事,睡觉中突然抽筋是怎么回事,0
222cfc12-1bf3-11ea-b5e4-e0d55e7e3b80,就是做脑电图吗？,脑电图做起来,0
222a8c64-1bf3-11ea-aa15-e0d55e7e3b80,我得了思维强迫症怎么治疗好,得了精神分裂症怎么治疗,0
222ab2b7-1bf3-11ea-a616-e0d55e7e3b80,您这可以咨询吗？,我可以加你,0
222c8605-1bf3-11ea-a7a7-e0d55e7e3b80,别的没有啥,其他没有了,1
222cae44-1bf3-11ea-8319-e0d55e7e3b80,是去医院么,没有去医院！,0
222e5a86-1bf3-11ea-8308-e0d55e7e3b80,请问癫痫病有什么症状,请问癫痫病与什么有关？,0
222ece4e-1bf3-11ea-b4b4-e0d55e7e3b80,"我想咨询""抽搐是什么""","我想咨询""孩子抽搐翻白眼无意识""",0
222e33fa-1bf3-11ea-bfcc-e0d55e7e3b80,有抑郁症的药吗,可能有抑郁症,0
2229f16e-1bf3-11ea-92fa-e0d55e7e3b80,上海虹桥医院吗？,你们虹桥医院？,0
222dbf51-1bf3-11ea-8153-e0d55e7e3b80,癫痫病有什么表现么？,有癫痫病的都不能吃什么？,0
222ab2af-1bf3-11ea-aeac-e0d55e7e3b80,做什么检查能确定？,能检查什么,0
415e2f28-1bf3-11ea-a2a0-e0d55e7e3b80,需要看医生吗,赵医生女的有吗,0
222ab346-1bf3-11ea-af1a-e0d55e7e3b80,几年了吧,快两年了,1
222ab310-1bf3-11ea-a917-e0d55e7e3b80,你那里怎么治疗,你们那怎么治疗,1
222b282f-1bf3-11ea-8281-e0d55e7e3b80,在医院呢，还没有检查,今天去医院检查了,0
222cfc15-1bf3-11ea-9f6a-e0d55e7e3b80,医生说是的,医生说的,0
222bc31b-1bf3-11ea-946e-e0d55e7e3b80,我再问一个问题,问你个问题,1
222b4f9c-1bf3-11ea-9487-e0d55e7e3b80,癫痫能一次治愈吗,腹痛性癫痫能治愈吗,0
222c1168-1bf3-11ea-9c7f-e0d55e7e3b80,是需要去你那边住院吗.,需要住院吗？,1
2229c8b0-1bf3-11ea-b220-e0d55e7e3b80,请问怎么治疗,该怎么治疗呢,1
222e3431-1bf3-11ea-bf45-e0d55e7e3b80,癫痫怎么能治疗,小孩有癫痫该怎么治疗,0
222953bd-1bf3-11ea-9719-e0d55e7e3b80,"我想咨询""丙戊酸钠缓释片怎么吃""","我想咨询""拉莫三嗪""",0
222e0d2d-1bf3-11ea-aa76-e0d55e7e3b80,想问问情况,我想问问什么情况,1
222cae70-1bf3-11ea-a98a-e0d55e7e3b80,什么叫电医生,医生说的也对,0
222ece37-1bf3-11ea-aab1-e0d55e7e3b80,"我想咨询""小孩反复抽搐""","我想咨询""孩子抽搐翻白眼无意识""",0
222e341e-1bf3-11ea-981f-e0d55e7e3b80,病因都不知道怎么治疗,我也不知道怎么治疗的,0
415e7c7f-1bf3-11ea-80ea-e0d55e7e3b80,这个需要如何治疗呢,但是这个需要治疗么,0
222b28ad-1bf3-11ea-a3ce-e0d55e7e3b80,"我想咨询""婴儿睡觉老是抽搐""","我想咨询""睡觉的时候突然抽搐""",0
222f1c27-1bf3-11ea-8833-e0d55e7e3b80,为什么每天晚上睡不着觉,躺那也睡不着觉,0
2229f0ed-1bf3-11ea-a635-e0d55e7e3b80,你那里怎么治疗,怎么治疗的？,1
222e33aa-1bf3-11ea-9c3e-e0d55e7e3b80,抽搐啥原因造成,手抽搐是什么原因,0
415e2f78-1bf3-11ea-a917-e0d55e7e3b80,睡不着怎么办,夜里很困但是睡不着觉怎么回事,0
222c5f02-1bf3-11ea-b468-e0d55e7e3b80,什么什么情况,那我是什么呀,0
222ef58a-1bf3-11ea-ab0f-e0d55e7e3b80,这是怎么引起的呢,这个是怎么造成的呢,1
222cd533-1bf3-11ea-a408-e0d55e7e3b80,问题严重吗,严重吗亲,1
222e0caa-1bf3-11ea-86ad-e0d55e7e3b80,嗯怎么治疗呢,怎么治疗方法呢,1
415de1b7-1bf3-11ea-a658-e0d55e7e3b80,"我想咨询""突然抽搐口吐白沫是什么症状?""","我想咨询""睡着突然抽搐""",0
222e0c65-1bf3-11ea-ac82-e0d55e7e3b80,刚刚小孩又抽搐了，是什么原因引起的,小孩四肢抽搐是什么原因,0
415e2efd-1bf3-11ea-83df-e0d55e7e3b80,可以治愈？,可以治好吗,1
222ad969-1bf3-11ea-b12d-e0d55e7e3b80,最近好像复发了  他老是不按时吃药 自己会有的时候不吃,现在主要老是要吐   吐不出来     头晕,0
222cae0a-1bf3-11ea-96ce-e0d55e7e3b80,24小时的吗,6个小时吧,0
222ab2ad-1bf3-11ea-8c7a-e0d55e7e3b80,"我想咨询""抽搐的原因""","我想咨询""小儿抽搐症的原因""",1
2229a280-1bf3-11ea-bf07-e0d55e7e3b80,癫痫就不能根治吗,癫痫可以彻底根治么,1
222b0179-1bf3-11ea-8e61-e0d55e7e3b80,那是怎么治疗?,你们那怎么治疗,1
222c11a1-1bf3-11ea-9b28-e0d55e7e3b80,我这种严重不？,严重吗亲,1
415e0854-1bf3-11ea-af25-e0d55e7e3b80,孩子两周不发烧抽搐怎么回事,孩子不发烧，突然抽搐,0
415e7ccf-1bf3-11ea-aa13-e0d55e7e3b80,"我想咨询""人突然间抽搐""","我想咨询""全身抽搐""",0
222a1803-1bf3-11ea-9fb2-e0d55e7e3b80,怎么看呢,这个怎么看？,1
222e0c8d-1bf3-11ea-9df5-e0d55e7e3b80,后天癫痫病遗传吗,癫痫病能遗传吗,0
2229c8ba-1bf3-11ea-961b-e0d55e7e3b80,没有了。,那没有，,1
222a178b-1bf3-11ea-839f-e0d55e7e3b80,我想咨询下,我想先咨询一下,1
222ada3b-1bf3-11ea-a8d4-e0d55e7e3b80,哦       那些医生说要吃药,看医生会让吃药吗？,0
222ad9ba-1bf3-11ea-930a-e0d55e7e3b80,有磁共振还有   CT,做了脑电图，拍了CT,0
222b4f7c-1bf3-11ea-ae9f-e0d55e7e3b80,我有没有精神分裂,我有精神分裂,0
222a8c7e-1bf3-11ea-886a-e0d55e7e3b80,"我想咨询""2个月宝宝抽搐""","我想咨询""小孩晚上抽搐""",0
222b2902-1bf3-11ea-a46a-e0d55e7e3b80,"我想咨询""孩子睡着后抽搐""","我想咨询""1岁宝宝突然愣神抽搐翻白眼""",0
415e7cc5-1bf3-11ea-ba49-e0d55e7e3b80,您建议该怎么治疗,那怎么治疗啊？,1
222cfc5e-1bf3-11ea-9fa6-e0d55e7e3b80,那前期有什么好的治疗方法呢,有什么好的方法治疗吗？,0
415e55c6-1bf3-11ea-b4e4-e0d55e7e3b80,我请问一下,我想请问,1
222a8c98-1bf3-11ea-958f-e0d55e7e3b80,这个可以治愈吗？,这种病可以彻底治愈吗,0
222c3898-1bf3-11ea-853e-e0d55e7e3b80,应该怎么治疗,是怎么治疗的,1
222ad992-1bf3-11ea-8e25-e0d55e7e3b80,这样能治好吗,还能治好吗,1
415e7cf4-1bf3-11ea-8792-e0d55e7e3b80,那是怎么治疗?,不吃要怎么治疗,0
2229c96a-1bf3-11ea-89ab-e0d55e7e3b80,怎么检查怎么治疗比较好？,怎么治疗的,0
2229c8ac-1bf3-11ea-80e8-e0d55e7e3b80,你们怎么治疗,那这个怎么治疗？,1
222a8d34-1bf3-11ea-83a2-e0d55e7e3b80,你是什么医院,你是北京什么医院,0
222bc355-1bf3-11ea-9ef9-e0d55e7e3b80,"我想咨询""身体总是抽搐""","我想咨询""身体抽搐怎么办""",1
222dbeb1-1bf3-11ea-a4db-e0d55e7e3b80,我这个怎么治疗,该怎么治疗呢,1
222b2913-1bf3-11ea-acdc-e0d55e7e3b80,我是女 35岁,是的 我是女的 35岁,1
2229a1ab-1bf3-11ea-91d7-e0d55e7e3b80,都需要检查哪些？,一般做哪些检查？,0
222f1c61-1bf3-11ea-81e6-e0d55e7e3b80,你们用什么资料方法治疗,你们采用什么方法治疗方法的.,1
222a3ec5-1bf3-11ea-b049-e0d55e7e3b80,在医院呢，还没有检查,现在在医院检查,0
222a1879-1bf3-11ea-81a4-e0d55e7e3b80,觉得低人一等   很没自信    在男朋友面前从来没感高声说话,尤其特别聪明的人   我是不敢靠近的,0
2229c923-1bf3-11ea-a67e-e0d55e7e3b80,"我想咨询""抽搐了怎么办""","我想咨询""身体抽搐怎么办""",1
222d22eb-1bf3-11ea-858d-e0d55e7e3b80,是什么原因引起的？,抽搐是什么原因引起的？,0
222b76e7-1bf3-11ea-b074-e0d55e7e3b80,嗯，那治疗时间呢,哦，那怎么治呢,0
222b0218-1bf3-11ea-ae6e-e0d55e7e3b80,如果治疗大概得多少钱呀,要是治疗好了要多少钱啊,1
222a8cf6-1bf3-11ea-9ea9-e0d55e7e3b80,癫痫的症状都有哪些？,轻度癫痫症状有哪些,1
22295406-1bf3-11ea-b5b6-e0d55e7e3b80,儿童癫痫能治好不？,小癫痫能治好吗,1
222e0c58-1bf3-11ea-acaa-e0d55e7e3b80,假性癫痫是癫痫吗？,是癫痫症吗？,0
222d7001-1bf3-11ea-842d-e0d55e7e3b80,你问问杨全兴医生九龙平癫镇痫系列组合上市了吗？有人吃吗？,你问问杨全兴医生了吗？知道九龙平癫镇痫系列组合吗？上市了吗？你那医院有人吃吗？,0
222a65a4-1bf3-11ea-9440-e0d55e7e3b80,没有确诊  只是她有这种症状,我不清楚   只是有医生推断  我神级性耳聋 根里面的东西有关,0
222d96bc-1bf3-11ea-991a-e0d55e7e3b80,奥卡西平的副作用都有什么啊,卡马西平有什么副作用吗,0
222d975d-1bf3-11ea-87ac-e0d55e7e3b80,"我想咨询""手抽搐是怎么回事""","我想咨询""孩子突然抽搐翻白眼""",0
222a8d4e-1bf3-11ea-a752-e0d55e7e3b80,哦，那我该怎么办呢？,你说我该咋办,1
222b018f-1bf3-11ea-91e5-e0d55e7e3b80,没有药物可以治疗吗,可以药物治疗呢,0
222a3f0b-1bf3-11ea-b6c3-e0d55e7e3b80,"我想咨询""德巴金能长期吃吗""","我想咨询""卡马西平""",0
2229f15c-1bf3-11ea-83cf-e0d55e7e3b80,癫痫病能治好吗？,癫病能治好吗？,1
222b4fe6-1bf3-11ea-9522-e0d55e7e3b80,在这里说不方便吗,？？方便说吗？,0
222de523-1bf3-11ea-b8ca-e0d55e7e3b80,也想知道怎么治疗,怎么治疗哪？,1
222c110c-1bf3-11ea-9840-e0d55e7e3b80,羊癫疯是癫痫的一种吗,去了，说是癫痫,0
222b28a1-1bf3-11ea-b84f-e0d55e7e3b80,那我怎么去治疗,走不了路怎么治疗,0
222c3871-1bf3-11ea-8707-e0d55e7e3b80,治疗什么病,有什么好的方法治疗吗？,0
222c5f7f-1bf3-11ea-a553-e0d55e7e3b80,是本人  22  女,是我本人21  女,1
222dbeee-1bf3-11ea-b828-e0d55e7e3b80,是药物治疗还是？,那这种要靠药物治疗吗,1
222e0cc7-1bf3-11ea-88d3-e0d55e7e3b80,孩子抽搐是怎么回事,孩子睡觉后出现抽搐怎么回事,0
222b0145-1bf3-11ea-8806-e0d55e7e3b80,有什么方法吗,通过什么方法,1
222a3e9f-1bf3-11ea-a816-e0d55e7e3b80,住院的话需要多长时间,住院需要多久？,1
222c37f7-1bf3-11ea-8d75-e0d55e7e3b80,做什么检查了，我也忘了，,做什么检查能确定？,0
222b5012-1bf3-11ea-b755-e0d55e7e3b80,我想问失眠,我想治疗,0
222d9745-1bf3-11ea-bef8-e0d55e7e3b80,"我想咨询""失神样发作""","我想咨询""不典型失神发作""",0
222e5a98-1bf3-11ea-9ec3-e0d55e7e3b80,谢谢你了？,好的谢谢医生谢谢您了,1
222e342c-1bf3-11ea-8fc6-e0d55e7e3b80,癫痫和遗传有关系么,癫痫有遗传吗,0
22297b4c-1bf3-11ea-919e-e0d55e7e3b80,你这里是北京的医院？,你是北京军都医院吗,0
222a656e-1bf3-11ea-bbc2-e0d55e7e3b80,"我想咨询""丙戍酸钠缓释片""","我想咨询""丙戊酸钠缓释片副作用""",0
222e0c63-1bf3-11ea-8707-e0d55e7e3b80,具体有什么治疗方法呢？,有什么方法可以治疗吗,1
22297b9d-1bf3-11ea-b663-e0d55e7e3b80,男  29,男  25,1
415e7c8e-1bf3-11ea-bc03-e0d55e7e3b80,你问问杨全兴医生知道九龙平癫镇痫系列组合吗,杨全兴医生知道九龙平癫镇痫系列组合吗你问了吗？,1
222e0d26-1bf3-11ea-a4f4-e0d55e7e3b80,怎么称呼你,嗯怎么治啊,0
222a65bb-1bf3-11ea-afc7-e0d55e7e3b80,"我想咨询""四肢抽搐怎么回事""","我想咨询""酒后晕倒抽搐怎么回事""",0
2229c8e2-1bf3-11ea-81e5-e0d55e7e3b80,你们医院是私立医院还是国产医院,你们是私立医院吗,1
222ea765-1bf3-11ea-8e3d-e0d55e7e3b80,如何治疗呢请问,请问需怎样治疗？,1
222dbf5f-1bf3-11ea-bc40-e0d55e7e3b80,睡在床上很困但怎么也睡不着,每天晚上怎么都睡不着,0
222ef5ca-1bf3-11ea-838b-e0d55e7e3b80,那请问该怎么治,请问怎么联系,0
415e7ce7-1bf3-11ea-a8a6-e0d55e7e3b80,四个多小时,两个小时有时四个小时,1
222ab28f-1bf3-11ea-9d92-e0d55e7e3b80,什么引起的呢,什么原因引起的,1
222c5f6d-1bf3-11ea-ac1e-e0d55e7e3b80,不是抑郁症？,是不是得抑郁症了,1
222ef5c6-1bf3-11ea-b608-e0d55e7e3b80,那癫痫能治好吗？,癫痫可以彻底治好,0
222a6601-1bf3-11ea-a7bb-e0d55e7e3b80,这个要怎样治疗,那应该怎样治疗？,1
222d4aa2-1bf3-11ea-96b3-e0d55e7e3b80,"我想咨询""孩子睡觉突然抽搐""","我想咨询""宝宝睡觉突然抽搐""",1
222e0d0b-1bf3-11ea-97ed-e0d55e7e3b80,怎么治疗哪？,哦 这个要怎么治疗了,1
222b01a3-1bf3-11ea-9004-e0d55e7e3b80,给是有癫痫症状吗？,癫痫会吐吗？,0
222c5f19-1bf3-11ea-bf2b-e0d55e7e3b80,请问你们医院是什么方法,请问这医院在哪？,0
222ef585-1bf3-11ea-9ba6-e0d55e7e3b80,这么严重？,那倒没有这么严重,0
222c3853-1bf3-11ea-a9ed-e0d55e7e3b80,癫痫病怎么治,癫痫病怎么引起的,0
222b2900-1bf3-11ea-80e2-e0d55e7e3b80,"我想咨询""失神小发作病因""","我想咨询""失神性发作症状""",0
222ecebb-1bf3-11ea-aaa5-e0d55e7e3b80,没有，检查是挂什么科,什么检查?,0
222ece2b-1bf3-11ea-84d0-e0d55e7e3b80,"我想咨询""医院拍脑电图多少钱一次""","我想咨询""脑电图多少钱""",1
222cfc81-1bf3-11ea-a46c-e0d55e7e3b80,18 女性,17   男性,0
222f1cdc-1bf3-11ea-acb5-e0d55e7e3b80,可这样咋办,你说我该咋办,1
222b760f-1bf3-11ea-a5ca-e0d55e7e3b80,是抑郁症吗,看过说是抑郁症,0
415e7cbe-1bf3-11ea-9403-e0d55e7e3b80,当时嘴巴是张开的 有口水留下来  其它症状没有 走路正常,先天无脑回畸形    这几天抽搐的很厉害    类似癫痫症状 我 该怎么办。,0
415e2f34-1bf3-11ea-b628-e0d55e7e3b80,没有什么检查,需要做什么检查。,0
222dbeb3-1bf3-11ea-a470-e0d55e7e3b80,我这个怎么治疗,怎么治疗的,1
222a3f19-1bf3-11ea-84d4-e0d55e7e3b80,您是医生？,什么叫电医生,0
22297ad4-1bf3-11ea-8767-e0d55e7e3b80,脑电图的结果您能看吗,脑电图做了,0
222d7045-1bf3-11ea-96bf-e0d55e7e3b80,什么原因引起的,你觉的会是什么引起的呢,1
222dbf3d-1bf3-11ea-b9de-e0d55e7e3b80,癫痫是一种很严重的病么？,癫痫是一种病吗？,0
222de541-1bf3-11ea-bbdb-e0d55e7e3b80,你们医院位置在哪,他也是你们医院的,0
222b9d2e-1bf3-11ea-87e7-e0d55e7e3b80,强迫症和抑郁症是两个相反的症状吗？,抑郁症有啥症状,0
222b01fe-1bf3-11ea-b6dd-e0d55e7e3b80,怎么查抑郁症的症状呢,抑郁症症状是什么,0
2229c8f0-1bf3-11ea-a56e-e0d55e7e3b80,这种病能不能治好,这个病能治好吗？,1
222b28ba-1bf3-11ea-9b71-e0d55e7e3b80,没检查呢,去了，但没有检查,1
222e5a8b-1bf3-11ea-8f55-e0d55e7e3b80,请问能吃点什么药吗,是要看什么科,0
222ada30-1bf3-11ea-92f9-e0d55e7e3b80,问他是不是冷，他说不是,是不是阿,0
222ab347-1bf3-11ea-a480-e0d55e7e3b80,你们是哪家医院,你们是哪家医院有,1
222ad9d8-1bf3-11ea-aa5f-e0d55e7e3b80,这是什么情况啊,是什么情况呢,1
222de4ed-1bf3-11ea-a8ee-e0d55e7e3b80,那这种要靠药物治疗吗,现在是药物治疗,0
222c114b-1bf3-11ea-adbe-e0d55e7e3b80,"我想咨询""小孩抽搐""","我想咨询""五个月宝宝睡觉抽搐""",0
415e2eeb-1bf3-11ea-9d5d-e0d55e7e3b80,这个还能治好吗,这样能治好吗,1
222e5b15-1bf3-11ea-9178-e0d55e7e3b80,那还需要做什么检查吗,检查什么？,0
222c1182-1bf3-11ea-8c5d-e0d55e7e3b80,那你们医院会怎么治疗呢,你们是怎么治疗呢,1
222bea3f-1bf3-11ea-9450-e0d55e7e3b80,那有什么方法可以治疗,你有什么方法治疗呢？,1
222de4f5-1bf3-11ea-ab43-e0d55e7e3b80,那需要怎么治疗呢？,该怎么治疗呢,1
222c863c-1bf3-11ea-a1a4-e0d55e7e3b80,什么治疗方案,治疗什么病,0
222de49b-1bf3-11ea-bd48-e0d55e7e3b80,这个能治好嘛,根治好。,0
222a3eb6-1bf3-11ea-8537-e0d55e7e3b80,好的呢，谢谢,知道了，谢谢！,1
222e3472-1bf3-11ea-8c96-e0d55e7e3b80,能治愈嘛,可以治愈？,0
222ad9bc-1bf3-11ea-9cee-e0d55e7e3b80,癫痫病怎么引起的？,癫痫病怎么发生的,1
222e80ce-1bf3-11ea-a93c-e0d55e7e3b80,去哪里检查，做什么检查,在做什么检查,0
22292df2-1bf3-11ea-a78f-e0d55e7e3b80,"我想咨询""孩子抽搐怎么办""","我想咨询""小孩抽搐是怎么回事""",0
222b768e-1bf3-11ea-9081-e0d55e7e3b80,要吃药吗,我吃药控制呢,0
2229c918-1bf3-11ea-9c06-e0d55e7e3b80,卡马西平？,丙戊酸钠片,0
415e0882-1bf3-11ea-b37d-e0d55e7e3b80,可以嘛 谢谢,哦，谢谢哦,0
222d4a2b-1bf3-11ea-8656-e0d55e7e3b80,应该怎么治疗啊,该怎么治疗,1
2229a239-1bf3-11ea-876e-e0d55e7e3b80,请问有什么好的治疗方法吗,有什么方法吗,1
222f1ca7-1bf3-11ea-b78e-e0d55e7e3b80,做个脑电图大概多少钱,脑电图检查要多少钱,1
222b2898-1bf3-11ea-95ce-e0d55e7e3b80,脑电图没做呢,那脑电图正常,0
22297b2e-1bf3-11ea-b517-e0d55e7e3b80,就是我本人，男40岁,是本人，女性，28岁了,0
415e0822-1bf3-11ea-a8a8-e0d55e7e3b80,"我想咨询""十个月宝宝抽搐""","我想咨询""小孩抽搐""",1
22297b08-1bf3-11ea-85ff-e0d55e7e3b80,请问你们医院是什么方法,有什么治疗方法 去大医院挂什么科,0
222a17c8-1bf3-11ea-a848-e0d55e7e3b80,18 女性,41  男性,0
222b500d-1bf3-11ea-8e81-e0d55e7e3b80,奥卡西平多少钱,吃的奥卡西平片,0
222ab2c9-1bf3-11ea-bc8c-e0d55e7e3b80,去你们医院吗,你们医院啊,0
222e80c1-1bf3-11ea-ad5c-e0d55e7e3b80,儿童癫痫可以治愈吗,儿童癫痫可以治好吗,1
222a3ebb-1bf3-11ea-b96f-e0d55e7e3b80,你感觉是癫痫吗,癫痫咋弄了,0
222b2899-1bf3-11ea-beb0-e0d55e7e3b80,在医院做了动态，医生说是癫痫,到医院去医生基本上都说是癫痫,1
222b286b-1bf3-11ea-9a96-e0d55e7e3b80,一般癫痫都怎么治疗,癫癫痫怎么治疗效果好,1
222c85f0-1bf3-11ea-a50b-e0d55e7e3b80,武医生在吗,什么叫电医生,0
2229f0ae-1bf3-11ea-9fc5-e0d55e7e3b80,女性，16岁,女性28岁。,1
222b7677-1bf3-11ea-90d4-e0d55e7e3b80,吃药可以治愈癫痫吗,癫痫真的可以治愈吗,0
222dbeb2-1bf3-11ea-bb43-e0d55e7e3b80,我这个怎么治疗,怎么么治疗,1
222b4fc1-1bf3-11ea-bb8b-e0d55e7e3b80,小孩手频繁抽筋是怎么回事,宝宝抽搐是怎么回事,0
222b4f83-1bf3-11ea-bfe5-e0d55e7e3b80,癫痫病真的治疗吗,怎么治疗癫痫病,0
222d235c-1bf3-11ea-a96d-e0d55e7e3b80,癫痫病能治愈嘛,能治愈么癫痫,1
222e5afb-1bf3-11ea-b30d-e0d55e7e3b80,那怎么治疗的呢,也想知道怎么治疗,1
2229a1fd-1bf3-11ea-8f33-e0d55e7e3b80,28岁，男,38 岁，女,0
222d4a82-1bf3-11ea-8fea-e0d55e7e3b80,去杭州看了，医生没说什么,医生没说什么,1
222c8650-1bf3-11ea-a505-e0d55e7e3b80,该怎么针对治疗呢？,那怎么能治疗呢,1
222f1c70-1bf3-11ea-a107-e0d55e7e3b80,你们都怎么治疗呢,怎么治疗。1,1
22297b7f-1bf3-11ea-ac57-e0d55e7e3b80,你们是怎么治疗,您说要怎么治疗呢,1
415e7d0d-1bf3-11ea-8278-e0d55e7e3b80,孩子左脸抽搐怎么回事？,小孩抽搐  怎么回事,0
222ea751-1bf3-11ea-bb1f-e0d55e7e3b80,奥卡西平不能吃了是吗,现在在喝奥卡西平,0
415e7d71-1bf3-11ea-8c57-e0d55e7e3b80,不能网上说嘛,在网上看的,0
222b281d-1bf3-11ea-9fe4-e0d55e7e3b80,和西药还有中药,吃中药吗,0
222b2895-1bf3-11ea-a178-e0d55e7e3b80,请问你有什么药可以吃吗？,什么治？,1
222c5f87-1bf3-11ea-8037-e0d55e7e3b80,你问杨全兴医生了吗知道九龙平癫镇痫系列组合吗,你问问杨全兴医生九龙平癫镇痫系列组合上市了吗？有人吃吗？,0
222b0191-1bf3-11ea-99d8-e0d55e7e3b80,医生请问艾司坐仑是控制癫痫的药物吗,医生请问艾司坐仑控制癫痫必须定时服吗,0
2229f174-1bf3-11ea-95d3-e0d55e7e3b80,用什么方法可以治疗？,治疗什么？,0
222b4f77-1bf3-11ea-b7ad-e0d55e7e3b80,你们是上海虹桥医院吗,你们医院在上海吗？,0
222c5f7b-1bf3-11ea-93b7-e0d55e7e3b80,焦虑症怎么办啊,抑郁症怎么办,0
22297b0b-1bf3-11ea-a991-e0d55e7e3b80,你是北京军都医院吗,你这里是北京的医院？,0
222ad9c2-1bf3-11ea-bc3f-e0d55e7e3b80,嗯嗯   好吧,哦，那老了那,0
22297b53-1bf3-11ea-b8ef-e0d55e7e3b80,不吃药？,不能吃也不吃喝,0
222a65fa-1bf3-11ea-be5e-e0d55e7e3b80,"我想咨询""奥卡西平能长期吃吗""","我想咨询""卡马西平能长时间吃吗""",0
415e2ed5-1bf3-11ea-a4e9-e0d55e7e3b80,军海医院是规吗,军海医院黑医院,0
222ab30f-1bf3-11ea-8391-e0d55e7e3b80,癫痫病能治好吗,癫痫能治好吗？,1
222b9d66-1bf3-11ea-be54-e0d55e7e3b80,请问是什么引起的,这是什么引起的,1
222d6fe4-1bf3-11ea-be84-e0d55e7e3b80,这样要这么治疗吗,你们这么治疗的,0
222cd536-1bf3-11ea-b2df-e0d55e7e3b80,我这是什么病呢？,我这是什么情况呢,1
222d2309-1bf3-11ea-a05c-e0d55e7e3b80,吃药就花了很多钱  也不知道什么时候是头  爸妈妈都说一定要治  但是我看到他们辛辛苦苦赚的钱花了  我就心疼,是的   30年前我爸爸说有这样情况那时候家里穷没钱给他看   他自己老是走了   后来又好了   我今年都23岁了  我记忆里我爷爷总是自言自语  但是从来没有把自己藏起来过  和正常人一样   最近几天不知道怎么了  他老是早上就出门   我们家里人怎么找都找不到他,0
222ab316-1bf3-11ea-b4bd-e0d55e7e3b80,"我想咨询""突然抽搐咋回事""","我想咨询""抽搐咋回事""",0
415de1b0-1bf3-11ea-a8bd-e0d55e7e3b80,"我想咨询""小孩突然抽搐翻白眼""","我想咨询""宝宝刚入睡时抽搐""",0
222bc343-1bf3-11ea-9d21-e0d55e7e3b80,什么检查做的都是正常的,什么检查,0
222dbeb8-1bf3-11ea-84f3-e0d55e7e3b80,我这个，属于什么症状？,这个属于什么病,0
222e3449-1bf3-11ea-b492-e0d55e7e3b80,目的是怎么治疗,那怎么治疗的呢,1
222e3464-1bf3-11ea-af6e-e0d55e7e3b80,羊癫疯用多少钱,羊癫疯治痊愈要多少钱,1
22297ad7-1bf3-11ea-bd73-e0d55e7e3b80,这个我就不知道,这个不知道,1
222c11a4-1bf3-11ea-9745-e0d55e7e3b80,你问杨全兴医生了吗他知道九龙平癫镇痫系列组合在什么地方买到,你不知道九龙平癫镇痫系列组合杨全兴医生知道九龙平癫镇痫系列组合,0
222de4e1-1bf3-11ea-86f3-e0d55e7e3b80,那要怎么怎么办,那要怎么办？怎么检查？,0
222de4d1-1bf3-11ea-924f-e0d55e7e3b80,那怎么治呢？,您怎么称呼呀,0
2229f0b2-1bf3-11ea-a501-e0d55e7e3b80,这是什么原因,请问这是什么原因引起的？,1
2229c903-1bf3-11ea-824d-e0d55e7e3b80,你有微信吗,有微信吗？,1
222ea795-1bf3-11ea-9348-e0d55e7e3b80,您叫什么？,有什么药可以吃的？,0
222d232d-1bf3-11ea-a74a-e0d55e7e3b80,你们医院有没有检查,到你们医院检查是吧,0
222d49e0-1bf3-11ea-8e7f-e0d55e7e3b80,这病能治愈吗,这病没法治愈,0
22292e0b-1bf3-11ea-b290-e0d55e7e3b80,男的   吃药,男的在吃,0
222ef5e6-1bf3-11ea-ba7a-e0d55e7e3b80,需要去心理辅导吗,去心理辅导过，,0
222d9759-1bf3-11ea-81cf-e0d55e7e3b80,"我想咨询""小孩睡觉老是抽搐""","我想咨询""两岁宝宝睡觉抽搐""",1
415e07bc-1bf3-11ea-9012-e0d55e7e3b80,这是癫痫病吗,对癫痫病,0
222ab308-1bf3-11ea-9b22-e0d55e7e3b80,怎么判断有植物神经紊乱,植物神经紊乱怎么治疗,0
222dbf6c-1bf3-11ea-bea9-e0d55e7e3b80,能打字么,您就打字可以吗？,0
222d6f9d-1bf3-11ea-919e-e0d55e7e3b80,女，50岁,男，28岁,0
415e7c7a-1bf3-11ea-b65b-e0d55e7e3b80,这几天刚开始的。,有几天了吧,1
222d9689-1bf3-11ea-81cd-e0d55e7e3b80,到各个医院检查也检查不出来是什么原因,能检查出来什么原因吗,0
222b2845-1bf3-11ea-a991-e0d55e7e3b80,我应该怎么做,应该怎么治疗呢,1
222a3ee3-1bf3-11ea-a0e3-e0d55e7e3b80,你们医院都是怎么治疗,你们医院是手术治疗？,0
222cfbe7-1bf3-11ea-a0da-e0d55e7e3b80,做生意  干活都很正常的  一喝酒就胡思乱想,胡思乱想  多一点,0
2229c8fc-1bf3-11ea-bede-e0d55e7e3b80,你知道是什么情况吗,这个是什么情况,1
222eced4-1bf3-11ea-9218-e0d55e7e3b80,癫痫是可以治愈的吗,这个癫痫是可我治愈的？,1
222b9d49-1bf3-11ea-86c7-e0d55e7e3b80,腿突然一直抽搐怎么回事,有时候突然倒地  有抽搐,0
222de51a-1bf3-11ea-bdd2-e0d55e7e3b80,不知道能不能治疗,能不能治疗好？,1
222b4f48-1bf3-11ea-bb4c-e0d55e7e3b80,癫痫是不是很可怕,就知道是不是。癫痫,0
222cd573-1bf3-11ea-a87e-e0d55e7e3b80,抽搐的原因有什么啊,突然抽搐什么原因,1
2229f168-1bf3-11ea-afa5-e0d55e7e3b80,"我想咨询""抽搐什么原因""","我想咨询""全身抽搐什么原因""",1
222b4ff3-1bf3-11ea-b0e7-e0d55e7e3b80,有什么好的治疗方法吗,有没有什么治疗的方法,1
222de4dd-1bf3-11ea-9f02-e0d55e7e3b80,那有什么办法能治疗好吗,那有什么办法治疗更好？,1
222de4d4-1bf3-11ea-8e2f-e0d55e7e3b80,那是什么问题呢,没有什么问题吧,0
222b01fc-1bf3-11ea-abf0-e0d55e7e3b80,嗯嗯 好的  谢谢你 医生,好吧  谢谢医生,1
222e5af9-1bf3-11ea-8c0d-e0d55e7e3b80,那怎么治呀,怎么称呼你,0
222f1c7b-1bf3-11ea-be1a-e0d55e7e3b80,你们采用什么方法治疗方法的.,贵院治疗用的是什么方法？？,1
222ab26c-1bf3-11ea-8dd1-e0d55e7e3b80,那还能上班吗,他们上班，,0
222e341a-1bf3-11ea-bd43-e0d55e7e3b80,现在不行么,你现在给我打，行不行,0
222b2897-1bf3-11ea-92ae-e0d55e7e3b80,有什么原因吗,不知道是什么原因，导致的,1
22297aff-1bf3-11ea-bc2c-e0d55e7e3b80,有什么方法,没采取什么方法,0
222e8085-1bf3-11ea-b790-e0d55e7e3b80,你们医院大吗,你们医院在南京开的？,0
222ef58c-1bf3-11ea-b669-e0d55e7e3b80,这种情况能治疗吗,我这种情况需要治疗吗,0
222cfbde-1bf3-11ea-843e-e0d55e7e3b80,该吃什么药呢,可以吃什么药，你有药吗？,0
222953f7-1bf3-11ea-a981-e0d55e7e3b80,那如果是焦虑症要怎么治,怎么还抑郁症了呢,0
222ab27e-1bf3-11ea-a61e-e0d55e7e3b80,大概治疗方法是什么,请问有什么好的治疗方法吗,1
222f1c45-1bf3-11ea-ba56-e0d55e7e3b80,会是什么病啊,请问我是什么病？,1
222e0c9f-1bf3-11ea-a8b6-e0d55e7e3b80,喝这个能治好癫痫吗,轻微癫痫能治好吗,0
222e80cb-1bf3-11ea-aec8-e0d55e7e3b80,医生请问艾司坐仑控制癫痫晚一小时服可以吗,医生请问艾司坐仑控制癫痫必须定点服吗晚一小时可以吗,0
222e0ced-1bf3-11ea-96ba-e0d55e7e3b80,心理可咨询一下,对我要咨询一下,0
222b28b4-1bf3-11ea-b767-e0d55e7e3b80,是癫痫吗？,也不是癫痫,0
222e33b7-1bf3-11ea-8c85-e0d55e7e3b80,是什么原因引起的呢？,什么原因导致的呢,1
222d6ff0-1bf3-11ea-9ffd-e0d55e7e3b80,手抖是什么原因,老人手抖是什么病,0
415e081f-1bf3-11ea-a8af-e0d55e7e3b80,30岁，女性,40岁，女性,1
2229c972-1bf3-11ea-b993-e0d55e7e3b80,癫痫病能根治么,癫痫病可以根治吗,1
222ef56d-1bf3-11ea-a690-e0d55e7e3b80,请问这是什么病,请问是什么病,1
222a659c-1bf3-11ea-a252-e0d55e7e3b80,我想先咨询一下,我想咨询一下这方面,1
2229f148-1bf3-11ea-a1fc-e0d55e7e3b80,我什么都没有了,没有，这应该看什么科呢,0
222bc327-1bf3-11ea-8740-e0d55e7e3b80,大概是什么原因呢,大概是什么原因？,1
222a8ce6-1bf3-11ea-b252-e0d55e7e3b80,我这样是抑郁症吗,我是抑郁症么,1
222d7065-1bf3-11ea-af21-e0d55e7e3b80,你们医院有这个药吗？,去了，你们医院能看吗,0
222c38a5-1bf3-11ea-8916-e0d55e7e3b80,怎么个治疗方法,那怎么治疗啊？,1
222cd4d8-1bf3-11ea-9101-e0d55e7e3b80,给你看，,我就说他了，,0
222cae7f-1bf3-11ea-b5f1-e0d55e7e3b80,什么原因造成的,是啥原因,1
222e3395-1bf3-11ea-a9e2-e0d55e7e3b80,我打哪个医生？,我挂那个医生,0
222cae9c-1bf3-11ea-b000-e0d55e7e3b80,大概是什么原因呢,是什么原因呢,1
415e2ec8-1bf3-11ea-ab59-e0d55e7e3b80,15岁，女,18岁，女,1
222d4a32-1bf3-11ea-860f-e0d55e7e3b80,16岁  男,24岁男,1
2229c8dd-1bf3-11ea-b85f-e0d55e7e3b80,那该怎么治,那该怎么治疗呢,1
2229f10f-1bf3-11ea-8b97-e0d55e7e3b80,请请问一下什么是抽搐,抽搐的挂什么科,0
222c5f80-1bf3-11ea-a92e-e0d55e7e3b80,抑郁症。,抑郁症症状,0
222b282d-1bf3-11ea-bd8d-e0d55e7e3b80,就吃药控制呢吃药也犯,就先吃吃药,0
222c38b0-1bf3-11ea-b80a-e0d55e7e3b80,"我想咨询""全身抽搐""","我想咨询""小孩抽搐翻白眼""",0
222b2830-1bf3-11ea-8228-e0d55e7e3b80,医生在吗,医生喊我我们了,0
415e07d6-1bf3-11ea-86d4-e0d55e7e3b80,该怎么治疗,不知道怎么治疗,0
222b28c2-1bf3-11ea-ae47-e0d55e7e3b80,你觉得我这是抑郁症的表现吗？,是有抑郁症的表现吗？,1
222e5a63-1bf3-11ea-92d2-e0d55e7e3b80,要检查什么,还有什么检查？,1
222e80d2-1bf3-11ea-b910-e0d55e7e3b80,发病时，只有几分钟,发病的时候几分钟就好了？,0
222d2344-1bf3-11ea-a8bb-e0d55e7e3b80,我想问一下癫痫病,我问一下癫痫病能治好吗,0
222de482-1bf3-11ea-8fe0-e0d55e7e3b80,请问精神分裂症会遗传成抑郁症吗,抑郁症遗传吗,0
222cade8-1bf3-11ea-a176-e0d55e7e3b80,现在方便吗？我打给你也可以，,你把电话告诉我，我让他明天给你你去电话,0
2229a1c7-1bf3-11ea-9d95-e0d55e7e3b80,癫痫遗传吗,我的是后天性的癫痫,0
222d7087-1bf3-11ea-8ccf-e0d55e7e3b80,做检查要做什么检查,检查没有什么,0
2229c913-1bf3-11ea-84dc-e0d55e7e3b80,要治疗吗，怎么治呢,你们的是怎么治疗了,0
222c5ef7-1bf3-11ea-969d-e0d55e7e3b80,什么原因会导致这样呢,脸抽是什么原因,0
2229f167-1bf3-11ea-8799-e0d55e7e3b80,可以治疗么,哦，可以药物治疗吗,0
415e7ce6-1bf3-11ea-9f7a-e0d55e7e3b80,人四肢抽搐是怎么回事,四肢抽搐,0
222e3415-1bf3-11ea-8c43-e0d55e7e3b80,没有检查，不知道是什么病。,不知道什么检查,0
222c5f33-1bf3-11ea-b395-e0d55e7e3b80,哪家医院能治神经官能症,治疗神经官能症的医院哪家较好,1
222a6567-1bf3-11ea-8fe1-e0d55e7e3b80,挂什么科？,可以什么都好,0
222b4f8c-1bf3-11ea-a23d-e0d55e7e3b80,"我想咨询""晚上睡觉经常抽搐是怎么回事啊""","我想咨询""睡觉的时候突然抽搐""",0
2229f14f-1bf3-11ea-b79e-e0d55e7e3b80,不管那个美女年龄多大？   我都想搞到手    这是属于什么动作？,主要原因是因为我 不喜欢老婆跟异性过多接触 说话什么的。 本来其实一点事都没有，然后各种猜疑 导致 我情绪一下子上去了， 她又不爱说话， 才导致我更火大/ 每次骂过之后 我都好后悔， 20天 我和她吵了最少不下15次 每次都骂的很难听,0
222e3390-1bf3-11ea-bbaf-e0d55e7e3b80,"我想咨询""自闭症和癫痫病能看好吗""","我想咨询""癫痫病值得好吗?""",0
415e083f-1bf3-11ea-be04-e0d55e7e3b80,那要怎么检查,那要怎么治疗好,0
222c1186-1bf3-11ea-b445-e0d55e7e3b80,"我想咨询""小发作能治好吗""","我想咨询""痫病可以治好吗""",0
222a8cf2-1bf3-11ea-a256-e0d55e7e3b80,你们是怎么看的,你们是怎么给治疗的,1
222b28af-1bf3-11ea-adb7-e0d55e7e3b80,在医院检查?医生说是癫痫,在医院做了动态，医生说是癫痫,1
222953f3-1bf3-11ea-bfef-e0d55e7e3b80,"我想咨询""晚上抽搐""","我想咨询""吐白沫抽搐原因""",0
222b01da-1bf3-11ea-964a-e0d55e7e3b80,检查什么？,需要做什么检查吗,0
222d6fbd-1bf3-11ea-a37b-e0d55e7e3b80,癫痫可以治愈吗,癫痫可以根治吗,1
222bc353-1bf3-11ea-808e-e0d55e7e3b80,都有什么治疗方法,有什么好方法吗,1
222de48b-1bf3-11ea-8a19-e0d55e7e3b80,还需要什么检查,都需要做什么检查,0
222ece6e-1bf3-11ea-b5d4-e0d55e7e3b80,我现在不吃蒜么？,不吃药它就犯,0
222a6635-1bf3-11ea-b51d-e0d55e7e3b80,没几天吧,就这几天才开始的,1
222cae3c-1bf3-11ea-ab87-e0d55e7e3b80,那大夫怎么治疗呢,那该怎么治疗呢大夫,1
222cd534-1bf3-11ea-959b-e0d55e7e3b80,知道和不知道,都不知道，,0
222e33f0-1bf3-11ea-bd7a-e0d55e7e3b80,有什么药物治疗，,您那有什么药物了以治疗的吗,1
222a1866-1bf3-11ea-b83f-e0d55e7e3b80,去你们医院吗,你们那是大医院吗,0
222d49ed-1bf3-11ea-8853-e0d55e7e3b80,这应该怎么看,这个应该怎么治疗呢,0
222e5ab4-1bf3-11ea-bc32-e0d55e7e3b80,这个是什么情况,她这是什么情况,1
222f1ccf-1bf3-11ea-9973-e0d55e7e3b80,去哪个医院？,这是哪个医院啊,0
222e345f-1bf3-11ea-ae88-e0d55e7e3b80,系统性治疗是怎么治疗啊,怎么治疗。,0
222d6fd3-1bf3-11ea-97eb-e0d55e7e3b80,嗯，那治疗时间呢,嗯那医生要怎么治呢！,0
222a1841-1bf3-11ea-85ab-e0d55e7e3b80,我该怎么办呀！,那咋办呢？,1
222b2842-1bf3-11ea-8a64-e0d55e7e3b80,赵医生女的有吗,医生你说有问题吗,0
222b9d8c-1bf3-11ea-aa20-e0d55e7e3b80,什么能引起小儿癫痫,小儿还不确定癫痫,0
222de519-1bf3-11ea-961e-e0d55e7e3b80,不知道是什么原因导致的,这到底是什么原因,1
222f1ca2-1bf3-11ea-bbd9-e0d55e7e3b80,你这边是上海虹桥医院吗？,上海虹桥医院么,0
222e0c69-1bf3-11ea-8aba-e0d55e7e3b80,北京军海医院可信吗,还北京军海医院呢，羞,0
222d96ce-1bf3-11ea-9f94-e0d55e7e3b80,强迫症的症状是什么,请问焦虑症有什么症状？,0
222cd59e-1bf3-11ea-998a-e0d55e7e3b80,癫痫可以治愈嘛？,医生，癫痫可以治好嘛,1
222ad98e-1bf3-11ea-992c-e0d55e7e3b80,杨全兴医生休息了吗？,杨全兴医生还上班吗？,1
222f1ca1-1bf3-11ea-9981-e0d55e7e3b80,你说我该咋办,可这样咋办,1
2229f0d1-1bf3-11ea-a2ac-e0d55e7e3b80,北京神经官能症哪个医院好,北京哪个医院治疗神经官能症好,1
222b28f5-1bf3-11ea-ae01-e0d55e7e3b80,我在问问你听说过九龙平癫镇痫系列组合吗？你知道什么地方卖吗？,你在什么地方听说的九龙平癫镇痫系列组合的,1
222ece97-1bf3-11ea-a057-e0d55e7e3b80,是药物控制吗,现在是药物控制,0
222ece3a-1bf3-11ea-bfb3-e0d55e7e3b80,"我想咨询""小孩子抽搐症""","我想咨询""孩子抽搐翻白眼无意识""",0
222ea786-1bf3-11ea-81a3-e0d55e7e3b80,心慌害怕是怎么回事,心慌怎么回事,0
222cae26-1bf3-11ea-b9c0-e0d55e7e3b80,"我想咨询""反复抽搐是什么原因""","我想咨询""人身体抽搐是什么原因""",1
222b28cd-1bf3-11ea-9eef-e0d55e7e3b80,癫痫发作时需要注意什么,”吃什么癫痫容易发作.“,0
2229a215-1bf3-11ea-99b6-e0d55e7e3b80,你们怎么治疗,那你们治疗是？,1
222c1196-1bf3-11ea-9046-e0d55e7e3b80,四肢强直是什么意思,有四肢强直,0
222c11aa-1bf3-11ea-8e46-e0d55e7e3b80,有什么好办法吗？,可以有什么办法吗,1
222de4f8-1bf3-11ea-8a75-e0d55e7e3b80,那需要怎样治疗,那需要如何怎样治疗,1
222ab2b3-1bf3-11ea-860e-e0d55e7e3b80,腿抽搐是怎么回事,睡觉脚抽搐是怎么回事,0
415e55b5-1bf3-11ea-91c9-e0d55e7e3b80,你就说你们用什么方法吧,有什么方法,1
222d229f-1bf3-11ea-8c2b-e0d55e7e3b80,光做脑电图吗，要做磁共振吗？,当时也做了脑电图,0
22297ba2-1bf3-11ea-9f4b-e0d55e7e3b80,你那里有什么治疗方法吗？,请问有什么方法治疗吗,1
222d7085-1bf3-11ea-885b-e0d55e7e3b80,做检查要做什么检查,还需要什么检查,0
222b4fc5-1bf3-11ea-95ac-e0d55e7e3b80,我想问一下该怎么办,想问一下，孩子抽咋办,0
222a8d43-1bf3-11ea-b471-e0d55e7e3b80,小孩发烧抽搐翻白眼子是怎么回事怎么会抽,孩子抽搐一次，有时候会翻白眼球，怎么回事,0
222ada24-1bf3-11ea-b818-e0d55e7e3b80,你们医院是公立还是私立医院,你们这个医院是公立医院吗,1
222dbef0-1bf3-11ea-b9e2-e0d55e7e3b80,是药物治疗还是？,现在是药物治疗,0
222d2338-1bf3-11ea-8ab1-e0d55e7e3b80,来你们医院还是？？？,你们那是大医院吗,0
222f1cad-1bf3-11ea-9927-e0d55e7e3b80,做过。做过几回和词。,好偈做过两回,0
222b01bd-1bf3-11ea-9b2a-e0d55e7e3b80,30岁，女性,18岁，女性,1
222c1138-1bf3-11ea-acb0-e0d55e7e3b80,可以治好吗？,还能治好吗？,1
2229f130-1bf3-11ea-ace8-e0d55e7e3b80,"我想咨询""抽风如何治疗""","我想咨询""得了癫如何治疗""",0
222ad981-1bf3-11ea-bf5d-e0d55e7e3b80,中医怎么治疗,那是要怎么治疗,0
222ea74a-1bf3-11ea-b2d9-e0d55e7e3b80,大概花费要多少？,花费多少,1
222e5a70-1bf3-11ea-9ea7-e0d55e7e3b80,请问做脑电图多少钱？,请问一下做个脑电图多少钱,1
222cfbb9-1bf3-11ea-9922-e0d55e7e3b80,"我想咨询""睡觉出现抽搐""","我想咨询""孩子睡着后抽搐""",1
222d7038-1bf3-11ea-8a48-e0d55e7e3b80,不是24小时吗？,5到6个小时,0
22295400-1bf3-11ea-a7e4-e0d55e7e3b80,要怎么治疗？严重吗？,你说是怎么治疗？,0
222cae48-1bf3-11ea-a92d-e0d55e7e3b80,癫痫有阶段性发作吗？,癫痫小发作,0
222d4a44-1bf3-11ea-bbaf-e0d55e7e3b80,什么都没做,没有做什么,1
222ece74-1bf3-11ea-91cd-e0d55e7e3b80,我老是心急心慌怎么回事,心慌害怕是怎么回事,0
222c5f18-1bf3-11ea-96af-e0d55e7e3b80,就最近这几天,过两天吧,1
2229c966-1bf3-11ea-925b-e0d55e7e3b80,没有，打箅过几天去。,过几天吧,0
222b7610-1bf3-11ea-ab34-e0d55e7e3b80,请问我这个是抑郁症吗,我这个是抑郁症吗,1
415de1c1-1bf3-11ea-89c1-e0d55e7e3b80,晚上睡不着是什么情况？,晚上睡不着，中午也睡不着，请问医生，是什么原因？,0
222de4fb-1bf3-11ea-bebf-e0d55e7e3b80,都需要做什么检查,我该做什么检查,1
222cae57-1bf3-11ea-920f-e0d55e7e3b80,小孩抽搐有几方面原因引起,抽搐引起的原因,1
222ea757-1bf3-11ea-a2a7-e0d55e7e3b80,奥，怎么治疗尼,这个要怎么治疗呢,1
415e07f6-1bf3-11ea-bcde-e0d55e7e3b80,不怎么方便,不太方便，,1
222c5f53-1bf3-11ea-b762-e0d55e7e3b80,女  30,女 28,1
222b4fda-1bf3-11ea-9017-e0d55e7e3b80,这种病能治好吗？,这种病能冶么,1
222d49d2-1bf3-11ea-9025-e0d55e7e3b80,脑电图查啥,脑电图今天做了,0
222d96e9-1bf3-11ea-94c0-e0d55e7e3b80,怎么治疗一般？,你那怎么治疗,1
2229f0dd-1bf3-11ea-8634-e0d55e7e3b80,是严重吗吗,这个病严重吗,1
415e7ca1-1bf3-11ea-9999-e0d55e7e3b80,有什么副作用吗？,后遗症会有什么,0
222cd523-1bf3-11ea-b5e4-e0d55e7e3b80,怎么治疗啊。,具体怎么治疗呢,1
2229a28a-1bf3-11ea-adb9-e0d55e7e3b80,可能是什么引起的,可能什么导致的,1
222cd4f2-1bf3-11ea-b5e9-e0d55e7e3b80,癫痫发作怎么办,一般癫痫发作的时候怎么办,1
415e0887-1bf3-11ea-8cf1-e0d55e7e3b80,癫痫病能治好吗，是根治,你好，癫痫病能不能治好呢,0
2229a260-1bf3-11ea-962e-e0d55e7e3b80,这是什么原因呢,什么原因会导致这个病的呀,1
2229c945-1bf3-11ea-b561-e0d55e7e3b80,能做什么检查呀,其他检查什么,0
222c380d-1bf3-11ea-bf61-e0d55e7e3b80,你好我想咨询下,老师你好，我想咨询个问题,1
222b0142-1bf3-11ea-908e-e0d55e7e3b80,可以，请问贵院是上海什么医院,你们是什么医院啊,0
415de199-1bf3-11ea-a022-e0d55e7e3b80,做什么检查能确定？,那具体要做什么检查,1
222ef59a-1bf3-11ea-a8ae-e0d55e7e3b80,那倒没有这么严重,这么严重？,0
22297b1c-1bf3-11ea-b4a0-e0d55e7e3b80,大概多久,好久了大概有几年了吧,0
222a17fe-1bf3-11ea-9cb8-e0d55e7e3b80,请问怎么回事,请问那怎么办呢,1
222c5f5c-1bf3-11ea-94c4-e0d55e7e3b80,这个问题严重吗？,这个严重吗,1
222a182d-1bf3-11ea-a38e-e0d55e7e3b80,癫痫啥症状？,您看像癫痫吗,0
2229c93d-1bf3-11ea-8c4b-e0d55e7e3b80,"我想咨询""孩子睡觉抽搐""","我想咨询""小孩抽搐的原因""",0
222cfbb3-1bf3-11ea-bf69-e0d55e7e3b80,"我想咨询""拉莫三嗪效果""","我想咨询""丙戊酸镁""",0
222d7057-1bf3-11ea-9166-e0d55e7e3b80,会不会是产后抑郁症,是不是产后抑郁症,1
222c11bc-1bf3-11ea-805c-e0d55e7e3b80,我什么都没有了,没有！去了不知道挂什么科,0
222d9749-1bf3-11ea-aa3f-e0d55e7e3b80,"我想咨询""孩子突然抽搐翻白眼""","我想咨询""小孩突然抽搐""",0
222c1198-1bf3-11ea-b164-e0d55e7e3b80,检查什么项目,检查了什么也都好，,0
222e0c85-1bf3-11ea-b970-e0d55e7e3b80,可以治疗吗，怎么治疗,怎么治疗了？,0
222ad9bf-1bf3-11ea-beda-e0d55e7e3b80,你是医生，还是,医生在吗,0
222c5f38-1bf3-11ea-8aa8-e0d55e7e3b80,您好，在吗,您好医生,1
222c5f9e-1bf3-11ea-a7f3-e0d55e7e3b80,男  29,男 18,1
222dbf2b-1bf3-11ea-a4c4-e0d55e7e3b80,焦虑症可以治吗,抑郁症可以吃吗,0
415e55a0-1bf3-11ea-945b-e0d55e7e3b80,我老公都不知道,我严重吗？我老公不知道，不想他知道！,0
222dbf3b-1bf3-11ea-b4bc-e0d55e7e3b80,癫痫好怎么治疗呀,怎么治疗癫痫病,1
222c5f54-1bf3-11ea-b18c-e0d55e7e3b80,宝宝抽搐是什么原因引起,抽搐是什么原因,1
222ecea6-1bf3-11ea-87bb-e0d55e7e3b80,有什么药可以吃的？,有什么用,0
222d9687-1bf3-11ea-af44-e0d55e7e3b80,到医院检查什么病也没有,检查没有什么,0
222d9682-1bf3-11ea-afd7-e0d55e7e3b80,军海医院是三甲医院吗,军海医院吗,0
415e7d49-1bf3-11ea-8af7-e0d55e7e3b80,几分钟左右,有两分钟左右`,1
222e8055-1bf3-11ea-bac1-e0d55e7e3b80,中药也吃呢,中药调理吗？,0
222a6563-1bf3-11ea-97f6-e0d55e7e3b80,北京军海医院可以去吗,军海医院就是海华吗,0
222b0183-1bf3-11ea-8d5c-e0d55e7e3b80,"我想咨询""孩子突然抽搐""","我想咨询""孩子抽搐什么原因""",0
222e5b19-1bf3-11ea-8bce-e0d55e7e3b80,郑州军海和你们是一家吗,你们是郑州军海医院吗？,0
222c860b-1bf3-11ea-b441-e0d55e7e3b80,癫痫咋弄了,他们说可能是癫痫,0
222d6fb9-1bf3-11ea-8f34-e0d55e7e3b80,一般住院多久,住院需要多久？,1
2229a1a5-1bf3-11ea-988c-e0d55e7e3b80,您的是什么医院,你们是什么医院啊,1
222d96b0-1bf3-11ea-a480-e0d55e7e3b80,嗯！谢谢，是您吗,谢谢非常感谢你,0
222b7655-1bf3-11ea-b18d-e0d55e7e3b80,这样是发作吗,说发作就发作,0
222cd4eb-1bf3-11ea-97ce-e0d55e7e3b80,怎么判断抑郁症?,怎么判定是抑郁症,1
222a186c-1bf3-11ea-89df-e0d55e7e3b80,主要是检查什么呢,得检查什么呀,1
415e078f-1bf3-11ea-be78-e0d55e7e3b80,吃什么中药呢？,没中药调理的吗,0
222ad942-1bf3-11ea-9ed6-e0d55e7e3b80,现在不方便呢,现在不方便,1
415e7d69-1bf3-11ea-8feb-e0d55e7e3b80,我想知道做什么检查能做出来是不是癫痫,如果是癫痫的话，做什么检查能做出来,1
222ad95e-1bf3-11ea-9c0e-e0d55e7e3b80,我就是想咨询一下怎么治疗方法？,就是想了解一下病状   和怎么调养的,0
415e2f09-1bf3-11ea-841b-e0d55e7e3b80,你问杨全兴医生了吗？知道九龙平癫镇痫系列组合吗上市了吗？你那医院有人吃吗？,你问问杨全兴医生九龙平癫镇痫系列组合上市了吗？,0
2229c8a2-1bf3-11ea-8b14-e0d55e7e3b80,"我想咨询""做脑电图异常""","我想咨询""轻微异常脑电图""",1
222b2878-1bf3-11ea-98cd-e0d55e7e3b80,之前不知道   以为只是正常的低落期,之前一直以为只有抑郁  后面发现有时候会很兴奋 很激动   有时候怎么样都高兴不起来,0
415e0863-1bf3-11ea-8e7e-e0d55e7e3b80,你们有什么特殊疗法吗？,你们建议什么疗法好,0
222a1850-1bf3-11ea-a602-e0d55e7e3b80,是什么原因引起的？,不知道是什么原因,1
415e7ca4-1bf3-11ea-ba1f-e0d55e7e3b80,女性，16岁,女性，50岁,1
222c5f44-1bf3-11ea-b57d-e0d55e7e3b80,怎样达到治疗的效果呢,治疗过没效果,0
222b5015-1bf3-11ea-82c6-e0d55e7e3b80,去医院检查什么科？,要做什么检查,0
222ad9ca-1bf3-11ea-8862-e0d55e7e3b80,治疗神经官能症的医院哪家较好,北京哪家医院治疗神经官能症最好,0
222b9d48-1bf3-11ea-b0f6-e0d55e7e3b80,我这这什么病,我这是怎么了？,1
222c380e-1bf3-11ea-9fdb-e0d55e7e3b80,好几年了,四五年了,1
222ea73a-1bf3-11ea-8289-e0d55e7e3b80,哦，一般要做什么检查呢,什么检查?,1
222de530-1bf3-11ea-af9f-e0d55e7e3b80,什么都没检查,那还需要做什么检查吗,0
222d6faf-1bf3-11ea-bf68-e0d55e7e3b80,得检查什么呀,说是检查的出的,0
22297b8f-1bf3-11ea-997b-e0d55e7e3b80,"我想咨询""小孩口吐白沫全身抽搐是怎么回事""","我想咨询""孩子抽搐怎么办""",0
222de4c1-1bf3-11ea-909c-e0d55e7e3b80,那么请问有什么好办法吗,那请问您有什么办法嘛,1
415e7d63-1bf3-11ea-998f-e0d55e7e3b80,我这是问一下什么症状,想咨询一下有什么办法  我这是怎么了,0
222b76b9-1bf3-11ea-a947-e0d55e7e3b80,你是上海虹桥医院的吗？,虹桥医院是私人医院吗,0
415e0858-1bf3-11ea-8381-e0d55e7e3b80,这个病多久发作一次,一般多久发作一次，,0
222e0d11-1bf3-11ea-9555-e0d55e7e3b80,怎么治疗方法呢,怎么治疗了？,1
222c8604-1bf3-11ea-957b-e0d55e7e3b80,你们是三甲医院吗,贵院是私立医院,0
222a8ccd-1bf3-11ea-baed-e0d55e7e3b80,那咋办呢,那怎么办才好,1
222cadef-1bf3-11ea-a263-e0d55e7e3b80,您怎么称呼？,怎么治辽,0
222c85e6-1bf3-11ea-a7c3-e0d55e7e3b80,我这这什么病,我这是怎么了,1
222cd4fa-1bf3-11ea-b0b6-e0d55e7e3b80,有癫痫病的人不能吃什么,我有癫痫病,0
222a8c61-1bf3-11ea-9f5f-e0d55e7e3b80,你姓什么呢医生,谢你医生？,0
222bc34b-1bf3-11ea-90ae-e0d55e7e3b80,宝宝抽搐怎么治,小孩抽搐怎么办,1
222ecea8-1bf3-11ea-8f2f-e0d55e7e3b80,有啥办法可以根治吗？,什么可以根治,1
222cfc9d-1bf3-11ea-8e53-e0d55e7e3b80,这几天头疼恶心,想哭，还想吐反胃恶心,0
415e083b-1bf3-11ea-9d77-e0d55e7e3b80,你们医院是三甲医院？,你们的医院是私立医院吗,0
22297b5f-1bf3-11ea-8ddc-e0d55e7e3b80,还需要了解什么,需要忌什么,0
415e7ceb-1bf3-11ea-a366-e0d55e7e3b80,这种情况属于什么呢,这属于什么情况,1
222f1c66-1bf3-11ea-8bbf-e0d55e7e3b80,你们的医院在那,近期我到你们医院来找你,0
222c5f25-1bf3-11ea-bf6f-e0d55e7e3b80,可以的！,嗯可以的。,1
222d9742-1bf3-11ea-9d5d-e0d55e7e3b80,"我想咨询""哪些原因会引起抽搐""","我想咨询""小孩抽搐的原因有哪些""",1
222b01ff-1bf3-11ea-9a42-e0d55e7e3b80,是这个意思吗,抽是不是这个病,0
222c5f03-1bf3-11ea-8e14-e0d55e7e3b80,请问是公立医院?还是私立医院,你们医院是私立医院还是国产医院,1
222a1832-1bf3-11ea-a2b2-e0d55e7e3b80,那我现在怎么办,你说我怎么办,1
222ef53b-1bf3-11ea-8635-e0d55e7e3b80,要多久呢,要多长时间,1
222e3413-1bf3-11ea-b66d-e0d55e7e3b80,检查什么？,就近期要做什么检查呀,0
222c113a-1bf3-11ea-b1de-e0d55e7e3b80,"我想咨询""儿童抽搐吐白沫""","我想咨询""抽搐治疗""",0
222a3ee6-1bf3-11ea-8902-e0d55e7e3b80,住院需要多久？,一般住院多久,1
222cadb1-1bf3-11ea-85cf-e0d55e7e3b80,癫痫的早期症状有哪些,癫痫都是什么症状啊,0
222c8648-1bf3-11ea-8791-e0d55e7e3b80,吃药可以治愈癫痫吗,癫痫不都是吃药吗,0
222ef5e5-1bf3-11ea-aeaf-e0d55e7e3b80,那这怎么治疗,我这样怎么治疗,1
222b2915-1bf3-11ea-b76a-e0d55e7e3b80,请问癫痫怎么治疗好,请问癫痫是怎么得的,0
2229a281-1bf3-11ea-89db-e0d55e7e3b80,"我想咨询""宝宝睡觉突然抽搐""","我想咨询""孩子睡觉突然抽搐""",1
222ad9d7-1bf3-11ea-8ab8-e0d55e7e3b80,有什么好方法吗,都有什么治疗方法,0
222bc308-1bf3-11ea-ac01-e0d55e7e3b80,不知道吃什么好,也不知道是什么原因,0
222cfc30-1bf3-11ea-9d62-e0d55e7e3b80,你们医院是三甲医院吗？,你们那是大医院吗,0
222ad999-1bf3-11ea-9d85-e0d55e7e3b80,不知怎么治疗,那怎么治疗呀,1
222cfbc9-1bf3-11ea-ad17-e0d55e7e3b80,需要怎么治疗呢？,怎么治疗。,1
2229a233-1bf3-11ea-8187-e0d55e7e3b80,那怎么治疗…,请问怎么治疗,1
222cfc43-1bf3-11ea-88a8-e0d55e7e3b80,你问杨全兴医生了吗？知道九龙平癫镇痫系列组合吗？上市了吗？你那北京军海医院有人吃吗？,杨全兴医生知道九龙平癫镇痫系列组合吗,0
22297abe-1bf3-11ea-9718-e0d55e7e3b80,这是不是抑郁症,是不是抑郁症,1
415e7c83-1bf3-11ea-8cd4-e0d55e7e3b80,用什么检查？可以检查吗？,这应该检查什么科,0
222a3e64-1bf3-11ea-ab4e-e0d55e7e3b80,明天9点可以吗,嗯呢，周日可以嘛？,1
222a3ef5-1bf3-11ea-87b0-e0d55e7e3b80,抽搐是什么情况啊,抽搐是什么原因,1
222d96d3-1bf3-11ea-990e-e0d55e7e3b80,怎么个治疗方法呢？,没怎么治疗,0
222cfbae-1bf3-11ea-ac77-e0d55e7e3b80,我想问清楚点,我不是都说的很清楚了吗？,0
415de1e7-1bf3-11ea-8787-e0d55e7e3b80,脚抽筋什么原因？,腿肚子抽筋是什么原因,0
222f1c4d-1bf3-11ea-98d6-e0d55e7e3b80,你们医院在哪里，，,医院在哪里,1
22297b44-1bf3-11ea-8754-e0d55e7e3b80,16岁  男,22  男  大学生,1
222a1857-1bf3-11ea-aa68-e0d55e7e3b80,你们用的是什么疗法,你们建议什么疗法好,1
222e340e-1bf3-11ea-a5ef-e0d55e7e3b80,检查什么？,还有什么检查？,0
222b4fb8-1bf3-11ea-833d-e0d55e7e3b80,"我想咨询""卡马西平片说明书""","我想咨询""拉莫三嗪""",0
415e0819-1bf3-11ea-889d-e0d55e7e3b80,那有什么方法,那有什么好办法吗？,1
415e0807-1bf3-11ea-b56d-e0d55e7e3b80,什么叫电医生,请问你是林医生吗,0
222bc351-1bf3-11ea-b26a-e0d55e7e3b80,不是抑郁吗,你觉得我是抑郁症吗,1
222d9735-1bf3-11ea-afbc-e0d55e7e3b80,"我想咨询""不典型失神发作""","我想咨询""失神样发作""",0
222b9d1b-1bf3-11ea-974b-e0d55e7e3b80,如果不治疗会怎么,你说是怎么治疗？,0
222d4a59-1bf3-11ea-8c02-e0d55e7e3b80,"我想咨询""睡着了身体抽搐""","我想咨询""感觉身体要抽搐""",0
222e0cdd-1bf3-11ea-9372-e0d55e7e3b80,就想知道这是什么病,这是什么病，,1
2229a1d9-1bf3-11ea-859a-e0d55e7e3b80,不方便的,方便不，,0
222ab34a-1bf3-11ea-815e-e0d55e7e3b80,我14岁  女的,我今年26岁，女，,1
415e07dc-1bf3-11ea-a43e-e0d55e7e3b80,没有问题的,没问题了,0
222de54c-1bf3-11ea-93b3-e0d55e7e3b80,你们医院是什么医院,你们医院是专业看什么的,0
222e80bb-1bf3-11ea-ad8e-e0d55e7e3b80,像这种情况，治愈的可能性大吗？,这种情况好治愈吗,1
222a3e9c-1bf3-11ea-bb1a-e0d55e7e3b80,九龙平癫镇痫系列组合上市了吗？,这个九龙平癫镇痫系列组合你知道多少呢？,0
222f1c6d-1bf3-11ea-b572-e0d55e7e3b80,你们都怎么治疗呢,这怎么治疗呀,1
222dbf47-1bf3-11ea-8061-e0d55e7e3b80,癫痫病怎么治,一癫痫病是怎么引起的,0
2229f140-1bf3-11ea-b0f0-e0d55e7e3b80,需要住院吗,要住院？,1
415e7cb1-1bf3-11ea-afc1-e0d55e7e3b80,我是男的   没有我就右腿疼，一直都这样,开始 就没力气，现在 有气 喘不上来，一直说 刮宫 后 好不了了 ，说没得医了,0
222ab313-1bf3-11ea-8d1f-e0d55e7e3b80,您不是医生吗,你是安医生吗,0
222a662e-1bf3-11ea-863d-e0d55e7e3b80,是什么原因呢,是什么原因导致的呢？,1
222f1cd0-1bf3-11ea-bedb-e0d55e7e3b80,去哪个医院？,在哪里？哪个医院？,0
222b501c-1bf3-11ea-8f49-e0d55e7e3b80,癫痫病怎么办,癫痫病会死人吗,0
222953e7-1bf3-11ea-bd27-e0d55e7e3b80,现在还没呢！不知道挂什么科,不知道挂什么科,1
222ab276-1bf3-11ea-863c-e0d55e7e3b80,该如何治疗,那需要如何治疗呢,1
22297aa9-1bf3-11ea-8205-e0d55e7e3b80,什么也检查不出来,检查了什么也都好，,1
415e07fe-1bf3-11ea-847e-e0d55e7e3b80,我感觉我有抑郁症,我感觉自己有抑郁症,1
222a1871-1bf3-11ea-98a2-e0d55e7e3b80,脑电图查啥,这些脑电图可以查吗,0
222b7636-1bf3-11ea-bc07-e0d55e7e3b80,抑郁症有啥症状,是抑郁症么,0
222bea07-1bf3-11ea-a454-e0d55e7e3b80,25     男,32  男,1
415e2ed7-1bf3-11ea-878e-e0d55e7e3b80,能告诉我这是什么原因？,是什么原因。,1
222cd516-1bf3-11ea-83d4-e0d55e7e3b80,你是什么意思啊,什么事都没有意思了,0
2229a257-1bf3-11ea-a623-e0d55e7e3b80,你知道是什么情况吗,这个是什么情况呢,1
222ece77-1bf3-11ea-9f20-e0d55e7e3b80,我这是轻度，为什么还这么严重,那倒没有这么严重,0
222e3422-1bf3-11ea-abb5-e0d55e7e3b80,癫痫不发作可以查吗,癫痫发作是有规律的吗,0
222e5a99-1bf3-11ea-89a9-e0d55e7e3b80,谢谢你了？,哦，多谢,1
222d49c9-1bf3-11ea-91e2-e0d55e7e3b80,是什么原因呢,身体抖是什么原因,0
222cae72-1bf3-11ea-92a6-e0d55e7e3b80,请问什么时候能好，什么时候能恢复,想做什么的时候蹭就去了,0
2229c8e8-1bf3-11ea-a8dd-e0d55e7e3b80,那如果要治疗是用什么方法治疗呢,如果是，可以治疗吗,0
222cd559-1bf3-11ea-af3a-e0d55e7e3b80,你问问杨全兴医生知道九龙平癫镇痫系列组合吗？在什么地方买到,你告诉我九龙平癫镇痫系列组合在什么地方买到,0
222ad987-1bf3-11ea-a9d6-e0d55e7e3b80,孩子抽搐是癫痫吗,抽搐是癫痫吗,1
222f1c34-1bf3-11ea-bf6d-e0d55e7e3b80,什么原因啊,请问这个是什么原因引起的呢？,1
222cfbfa-1bf3-11ea-9d1a-e0d55e7e3b80,癫痫能治愈吗？,癫痫可以治好吗？,1
222e80d1-1bf3-11ea-a3cc-e0d55e7e3b80,去哪里检查，做什么检查,那检查什么,0
222bc345-1bf3-11ea-937c-e0d55e7e3b80,我想咨询,我咨询问题啊,1
415e2ecb-1bf3-11ea-84b0-e0d55e7e3b80,"我想咨询""宝宝睡觉时抽搐""","我想咨询""宝宝睡觉的时候抽搐""",1
222e33ab-1bf3-11ea-990b-e0d55e7e3b80,抽搐是什么样子的,抽搐是什么病,0
222ad957-1bf3-11ea-9c2c-e0d55e7e3b80,这个要怎么治疗呢,那应该怎么治疗？,1
222d4a02-1bf3-11ea-a0db-e0d55e7e3b80,"我想咨询""人抽搐怎么治疗""","我想咨询""抽搐怎么引起的""",0
222c5ee5-1bf3-11ea-8ac0-e0d55e7e3b80,会怎么样吗,以后会怎么样,0
222d4a16-1bf3-11ea-88c4-e0d55e7e3b80,是什么原因导致的呢？,什么原因引起的不清楚,1
415e07a9-1bf3-11ea-b30f-e0d55e7e3b80,有时候几十秒,晕几十秒,0
415e5577-1bf3-11ea-a983-e0d55e7e3b80,就是做脑电图吗？,脑电图做了,0
222a8cf0-1bf3-11ea-b8c6-e0d55e7e3b80,精神分裂症嘛,应该是精神分裂症,1
22297afd-1bf3-11ea-826e-e0d55e7e3b80,怎么治疗？,需要怎么治疗,1
222b76c7-1bf3-11ea-ac43-e0d55e7e3b80,那我是什么呀,什么什么情况,0
222a3ef9-1bf3-11ea-9831-e0d55e7e3b80,身体抖是什么原因,是什么原因呢,0
222a65b3-1bf3-11ea-b1ea-e0d55e7e3b80,我是不是癫痫病啊,癫痫病会死人吗,0
222d6fee-1bf3-11ea-a5a7-e0d55e7e3b80,那怎么知道自己是不是,你说我这是病吗,0
222dbf31-1bf3-11ea-95e2-e0d55e7e3b80,现在在医院呢,目前没在医院,0
222f1c98-1bf3-11ea-9621-e0d55e7e3b80,你说做脑电图吗？,脑电图，核磁共振都做了,0
222b0180-1bf3-11ea-990e-e0d55e7e3b80,属于癫痫病吗？,属于癫痫嘛？,1
415e7c7b-1bf3-11ea-bc02-e0d55e7e3b80,这个是因为什么原因呢,是什么原因呢？,1
222a1860-1bf3-11ea-a1b6-e0d55e7e3b80,去医院治疗了,没去医院,0
222b28e8-1bf3-11ea-9c48-e0d55e7e3b80,那这是癫痫吗,是专门看癫痫的嘛,0
222ef5c2-1bf3-11ea-9d27-e0d55e7e3b80,那现在要怎么治疗,奥，怎么治疗尼,1
222ad986-1bf3-11ea-8361-e0d55e7e3b80,她这个情况属于什么呢,这种情况属于什么病,0
222d4aaa-1bf3-11ea-8754-e0d55e7e3b80,治疗神经官能症的医院哪家较好,北京哪里有治疗神经官能症的医院,0
222ef5f5-1bf3-11ea-8c78-e0d55e7e3b80,32岁了？,36岁，男,0
415e7cbd-1bf3-11ea-b46a-e0d55e7e3b80,一个人就不会紧张脸红啊  有人就会时刻注意自己的脸红啊  可是每次都会脸红啊  尴尬,没有 ? ? 不笑 ?都很好 ? 就是笑的时候 ?歪,0
222d2293-1bf3-11ea-bf4e-e0d55e7e3b80,请问是癫痫病吗？,请问癫痫病会隔代遗传吗,0
222b7671-1bf3-11ea-86d8-e0d55e7e3b80,没中药调理的吗,吃了点中药,0
415e083e-1bf3-11ea-b73b-e0d55e7e3b80,女的  我自己,不是我自己,0
222ece54-1bf3-11ea-9ce0-e0d55e7e3b80,"我想咨询""无意识抽搐是怎么回事""","我想咨询""孩子抽搐翻白眼无意识""",0
222e33e7-1bf3-11ea-9374-e0d55e7e3b80,有什么好方法治疗,你们那是用什么方法治疗的,1
222cfbd8-1bf3-11ea-9c70-e0d55e7e3b80,九龙平癫镇痫系列组合上市了吗,九龙平癫镇痫系列组合上市了吗？你那北京军海医院有人吃吗？,0
2229a1be-1bf3-11ea-a720-e0d55e7e3b80,前几年都是吃药控制,这一段时间他吃药控制住。,0
2229a274-1bf3-11ea-8770-e0d55e7e3b80,那咋办呢？,我该怎么办呀！,1
222b501a-1bf3-11ea-8050-e0d55e7e3b80,那该怎么办呢,那该咋办,1
222a3f25-1bf3-11ea-9f19-e0d55e7e3b80,"我想咨询""人抽搐了怎么办""","我想咨询""抽搐怎么治""",1
222cfc35-1bf3-11ea-b6c8-e0d55e7e3b80,是的，那怎么办？,是的，怎么办呢,1
222953f0-1bf3-11ea-aafa-e0d55e7e3b80,用什么方法治,有什么方法吗,0
2229f0c8-1bf3-11ea-88c6-e0d55e7e3b80,"我想咨询""孩子睡觉抽搐""","我想咨询""成人睡觉抽搐""",1
222de52e-1bf3-11ea-96c4-e0d55e7e3b80,什么都没检查,还有什么检查？,0
222f1ca4-1bf3-11ea-8583-e0d55e7e3b80,做24小时脑电图？？？,建议去做24小时脑电图,0
22292dff-1bf3-11ea-b3cf-e0d55e7e3b80,可能什么导致的,这个是什么原因导致的,1
415e0891-1bf3-11ea-b44b-e0d55e7e3b80,那是什么方法,有什么好的治疗方法么,0
22297b64-1bf3-11ea-9424-e0d55e7e3b80,先咨询下,我想先咨询一下,1
222d96a3-1bf3-11ea-984d-e0d55e7e3b80,哪个医院治疗癫痫病最好,那个医院专门治疗癫痫病的,1
222c3875-1bf3-11ea-a9f2-e0d55e7e3b80,那怎么治疗啊？,你们那怎么治疗,1
222b01f9-1bf3-11ea-95b1-e0d55e7e3b80,你问问杨全兴医生知道九龙平癫镇痫系列组合吗？,你问杨全兴医生了吗？知道九龙平癫镇痫系列组合吗？上市了吗？你那个医院有人吃吗？,0
2229c8cf-1bf3-11ea-b2ae-e0d55e7e3b80,癫痫能完全治好吗？,遗传性癫痫能治好吗？,0
222de509-1bf3-11ea-944f-e0d55e7e3b80,一般需要多长时间？,你需要多久,0
222c3815-1bf3-11ea-a944-e0d55e7e3b80,你们是什么医院,我已经来你们医院看了,0
415e55d6-1bf3-11ea-98d8-e0d55e7e3b80,我还有救吗  医生,您说医生吗,0
222e80a2-1bf3-11ea-ae01-e0d55e7e3b80,你好，请问下癫痫病能测底治愈吗??????,你好癫痫病能治愈吗,0
222cadb3-1bf3-11ea-8bf0-e0d55e7e3b80,那你们快点打呀。,快点撒？,0
222a65aa-1bf3-11ea-95e6-e0d55e7e3b80,我是不是有抑郁症,抑郁症是不是什么都乱想,0
222e5abc-1bf3-11ea-8c24-e0d55e7e3b80,这个病，能治好吗,能治好嘛,1
222b769f-1bf3-11ea-9d0e-e0d55e7e3b80,这是什么原因引起的,大概什么原因引起的,1
222e8092-1bf3-11ea-bfb7-e0d55e7e3b80,你们是专门治癫痫病的吗,是专门看癫痫病的吗,1
222c3889-1bf3-11ea-b8e7-e0d55e7e3b80,抽搐翻白眼是癫痫吗,常晕倒，抽搐，口吐白沫。,0
222d7034-1bf3-11ea-add4-e0d55e7e3b80,一般怎么处理,怎么处理呢？,1
415e55a8-1bf3-11ea-9699-e0d55e7e3b80,癫痫病能治好吗，是根治,3岁儿童癫痫病能治好吗？,0
415e087e-1bf3-11ea-94b6-e0d55e7e3b80,小癫痫能治好吗,这个癫痫能治好吗,1
2229a19f-1bf3-11ea-ab88-e0d55e7e3b80,癫痫病能治疗的好嘛,癫痫病能治疗好吗？,1
222dbf6d-1bf3-11ea-8950-e0d55e7e3b80,能检查出来不,这几天做检查，检查出来的,0
222bea2e-1bf3-11ea-9caa-e0d55e7e3b80,怎么治疗。,那你们是怎么治疗的,1
222d7062-1bf3-11ea-90a0-e0d55e7e3b80,你们医院有这个药吗？,你们医院在哪啊,0
415e07df-1bf3-11ea-b049-e0d55e7e3b80,需要做什么检查,检查什么,0
415e2f4c-1bf3-11ea-918f-e0d55e7e3b80,"我想咨询""小孩抽搐的原因""","我想咨询""抽搐是什么原因""",1
2229f0eb-1bf3-11ea-8622-e0d55e7e3b80,"我想咨询""吐白沫抽搐原因""","我想咨询""晕倒后抽搐怎么回事""",0
222cfc63-1bf3-11ea-a34d-e0d55e7e3b80,不知道是什么原因，导致的,我不知道是什么原因,1
415e0876-1bf3-11ea-9133-e0d55e7e3b80,大概要多少钱呢？,大概要多少钱治疗,0
222b76bf-1bf3-11ea-a123-e0d55e7e3b80,女性18,女性24,1
222ea76c-1bf3-11ea-ac8a-e0d55e7e3b80,就一定是癫痫吗,有癫痫史,0
22292e1b-1bf3-11ea-b741-e0d55e7e3b80,那咱们医院是什么方式治疗呢,有什么好的治疗方法吗你们医院,1
222b28db-1bf3-11ea-8811-e0d55e7e3b80,那现在该怎么办？,哦，那我该怎么办,1
222b4fef-1bf3-11ea-a1bb-e0d55e7e3b80,"我想咨询""小发作""","我想咨询""癫发作症状""",0
222cd58a-1bf3-11ea-bc5b-e0d55e7e3b80,需要忌什么,还需要了解什么,0
222cae50-1bf3-11ea-be6f-e0d55e7e3b80,你们医院是三甲医院吗？,去你们医院吗,0
222e0c97-1bf3-11ea-ab23-e0d55e7e3b80,哦 这个要怎么治疗了,怎么治疗哪？,1
222de4df-1bf3-11ea-975d-e0d55e7e3b80,那精神分裂也是精神障碍吗,就是精神分裂吗？,0
222c119c-1bf3-11ea-bbe3-e0d55e7e3b80,抽搐是什么情况啊,抽搐什么原因,1
222ada03-1bf3-11ea-8e39-e0d55e7e3b80,"我想咨询""孩子突然抽搐""","我想咨询""1岁宝宝突然愣神抽搐翻白眼""",0
222a3e7b-1bf3-11ea-9a38-e0d55e7e3b80,可以的！,可以的，,1
415de1a9-1bf3-11ea-8d93-e0d55e7e3b80,28岁  男性,28岁  女性,0
222b012b-1bf3-11ea-9081-e0d55e7e3b80,没有了。,没有的，,1
415e0885-1bf3-11ea-a0df-e0d55e7e3b80,你们医院有什么好的治疗方法,你们有什么治疗方法,1
2229541b-1bf3-11ea-9b0c-e0d55e7e3b80,脑电图是查什么的,又照脑电图,0
222de4c0-1bf3-11ea-b849-e0d55e7e3b80,那么治疗好吗,治疗会好吗,0
222ef5ac-1bf3-11ea-b55d-e0d55e7e3b80,那我是不是抑郁症,好像是管抑郁症的,0
415e083c-1bf3-11ea-8cc4-e0d55e7e3b80,过几天到那边去看看,再看看吧，过几天看看,0
222f1c99-1bf3-11ea-bb6a-e0d55e7e3b80,你说做脑电图吗？,明天核磁共振，和脑电图,0
222e3436-1bf3-11ea-9562-e0d55e7e3b80,癫痫病初期是什么症状,癫痫病是什么症状？,0
2229f184-1bf3-11ea-8e3c-e0d55e7e3b80,那怎么治疗呢,那这个怎么治疗？,1
222dbf25-1bf3-11ea-bfec-e0d55e7e3b80,没有没有没有,你说其他的没有,0
222b0178-1bf3-11ea-b85b-e0d55e7e3b80,我比较急性子,我是个急性子人,1
222ef574-1bf3-11ea-9e76-e0d55e7e3b80,这不是癫痫吗,癫痫治的好吧,0
222ece86-1bf3-11ea-9bb3-e0d55e7e3b80,抽搐吐白沫是什么病,咬牙.吐白沫,0
415e0804-1bf3-11ea-9c2d-e0d55e7e3b80,你们是怎么治疗呢,你说是怎么治疗？,1
222ea74f-1bf3-11ea-baec-e0d55e7e3b80,头头痛头晕恶心想吐是怎么回事,头痛头晕呕吐,0
222bea22-1bf3-11ea-af9b-e0d55e7e3b80,请问这是轻度抑郁症吗,请问轻度抑郁症表现有哪些,0
222e5ae1-1bf3-11ea-bc7f-e0d55e7e3b80,这病能治吗,这病可以医治吗,1
222ab32d-1bf3-11ea-bb83-e0d55e7e3b80,我还有救吗  医生,医生，我想好,0
222d4a9b-1bf3-11ea-adc9-e0d55e7e3b80,什么原因引起,什么原因会引起抽搐,1
222e3469-1bf3-11ea-99e3-e0d55e7e3b80,能彻底治愈？,那我这种情况能彻底治愈吗？,1
22295415-1bf3-11ea-bef2-e0d55e7e3b80,作了什么脑电图，磁共振,脑电图做起来,0
222e8080-1bf3-11ea-83c9-e0d55e7e3b80,你们医院在那里呢？,你们医院大吗,0
222cadb7-1bf3-11ea-9c16-e0d55e7e3b80,你们医院在哪、,你们医院在哪里,1
222c38a4-1bf3-11ea-804a-e0d55e7e3b80,能治好癫痫吗,如果是癫痫，能治愈吗,1
222cfc6c-1bf3-11ea-89bf-e0d55e7e3b80,我想确定我是不是得了抑郁症,我想知道我是不是得了抑郁症,1
222b0194-1bf3-11ea-846f-e0d55e7e3b80,患者的  妈妈,这个医生,0
222e33d8-1bf3-11ea-a82c-e0d55e7e3b80,是，怎么治疗呀？,我也不知道怎么治疗的,0
415e085b-1bf3-11ea-9f19-e0d55e7e3b80,请问怎么治疗,那怎么治疗？？,1
222d6f96-1bf3-11ea-88c8-e0d55e7e3b80,好，你怎么称呼？,我怎么听,0
222b01ab-1bf3-11ea-a151-e0d55e7e3b80,我想咨询下,所以我才咨询的,0
222b288a-1bf3-11ea-b458-e0d55e7e3b80,能治愈吗？,怎样治愈了,0
222bea30-1bf3-11ea-be42-e0d55e7e3b80,要做什么检查,对的，是有检查,0
222ad95b-1bf3-11ea-a9b0-e0d55e7e3b80,你好  请问抑郁症有哪些测试题,请问   抑郁症有哪些测试题,1
222b014f-1bf3-11ea-8dab-e0d55e7e3b80,我儿子是癫痫，能治好吗,癫痫真的能治好吗,1
222b2858-1bf3-11ea-9ab8-e0d55e7e3b80,医生你说有问题吗,你那有张医生吗？,0
222eced5-1bf3-11ea-b451-e0d55e7e3b80,癫痫是可以治愈的吗,儿童癫痫可以治愈吗,1
222dbef6-1bf3-11ea-98f5-e0d55e7e3b80,有什么副作用吗,有什么危害吗,1
222c5fa2-1bf3-11ea-abcc-e0d55e7e3b80,突然倒地抽搐是怎么回事,睡觉呢突然抽搐怎么回事,0
222d22d8-1bf3-11ea-b6ef-e0d55e7e3b80,女性，24,女性，18,1
222be9ff-1bf3-11ea-95a4-e0d55e7e3b80,到底什么原因,我这是什么原因,1
22292e17-1bf3-11ea-afa3-e0d55e7e3b80,不知道什么原因,不知道吃什么好,0
222ef5aa-1bf3-11ea-a2bc-e0d55e7e3b80,那您觉得我应该怎么治疗呢,就是应该怎么治疗,1
22295421-1bf3-11ea-a936-e0d55e7e3b80,治疗什么？,用什么方法可以治疗？,0
222f1c88-1bf3-11ea-8bae-e0d55e7e3b80,你是哪个医院啊？,您是哪个医院的专家啊,0
222ef5c3-1bf3-11ea-a668-e0d55e7e3b80,那现在要怎么治疗,那这怎么治疗,1
222bc33e-1bf3-11ea-9016-e0d55e7e3b80,那怎么治疗,那需要怎么治疗吗,1
222cfc28-1bf3-11ea-9d10-e0d55e7e3b80,那有什么更好的办法吗,那有什么办法呢,1
415e5593-1bf3-11ea-81e7-e0d55e7e3b80,该怎么治疗呢,怎么预防和治疗,0
222c8616-1bf3-11ea-872a-e0d55e7e3b80,这是什么引起的,是什么原因引起的,1
222d4a88-1bf3-11ea-8969-e0d55e7e3b80,能做什么检查呀,还需要做什么检查,1
222ab300-1bf3-11ea-bac7-e0d55e7e3b80,请问这个是什么原因引起的呢？,她是什么引起的,0
222ad9a3-1bf3-11ea-b7f8-e0d55e7e3b80,1 2 3 4 5 7 9 10第六个不太懂什么是社会罪恶感,1 3 4 7 8 9 10食欲减低,0
415e2f65-1bf3-11ea-8074-e0d55e7e3b80,"我想咨询""小发作治疗""","我想咨询""小发作怎么治疗""",1
415e0866-1bf3-11ea-abf2-e0d55e7e3b80,我14岁  女的,我28岁  女,1
222b0164-1bf3-11ea-9f2b-e0d55e7e3b80,医生请问艾司坐仑控制癫痫必须定时服吗,医生请问艾司坐仑是控制癫痫的药物吗,0
22292e0d-1bf3-11ea-bd01-e0d55e7e3b80,请问你们用什么方法治疗,有什么好的方法治疗吗？,1
2229f101-1bf3-11ea-9bfd-e0d55e7e3b80,什么都不知道了,没有！去了不知道挂什么科,0
222d234f-1bf3-11ea-bce1-e0d55e7e3b80,癫痫病还能治愈吗？,癫痫病可以治好吗,1
222c8621-1bf3-11ea-9481-e0d55e7e3b80,那你们是怎么治疗的,怎么治疗。,1
222bea1b-1bf3-11ea-951a-e0d55e7e3b80,我这样需要做什么检查,需要做什么检查呢?,1
222ab322-1bf3-11ea-9d67-e0d55e7e3b80,九龙平癫镇痫系列组合上市了吗？,你告诉我吧九龙平癫镇痫系列组合你是怎么知道的,0
415e7c91-1bf3-11ea-99ba-e0d55e7e3b80,该去医院做什么检查嘛,我 需要去医院检查吗,0
415e2ede-1bf3-11ea-a646-e0d55e7e3b80,有时候几个月，有时候一个月左右,有时候一个月一两次，有时候几个月一次,0
222b9db8-1bf3-11ea-9d88-e0d55e7e3b80,癫痫病能治好吗，是根治,癫痫病能根治吗？,1
2229a22e-1bf3-11ea-94ef-e0d55e7e3b80,抽搐是什么原因引起的？,是什么原因引起的？,0
222b765e-1bf3-11ea-ab66-e0d55e7e3b80,脑电图能检查出什么,脑电图检查什么,0
222b9da0-1bf3-11ea-90da-e0d55e7e3b80,现在上班呢   不方便,我现在在上课不太方便接,0
415e7d16-1bf3-11ea-aecf-e0d55e7e3b80,你是虹桥医院的吗,虹桥医院是私人医院吗,0
222b0171-1bf3-11ea-90a8-e0d55e7e3b80,我前一段时间问杨全兴医生听说过九龙平癫镇痫系列组合吗？杨全兴医生说知道,你问杨全兴医生吗吗知道九龙平癫镇痫系列组合吗,0
222d4a58-1bf3-11ea-8d04-e0d55e7e3b80,我先问你个事可以吗,可以咨询下吗,1
222ea766-1bf3-11ea-a141-e0d55e7e3b80,如何治疗呢请问,请问这个好治疗吗,0
222b9d6a-1bf3-11ea-9a23-e0d55e7e3b80,以前没有，不知道现在有没有？,以前有，但现在没有了,0
2229c993-1bf3-11ea-8b1b-e0d55e7e3b80,那他进你们医院了吗？,你们医院怎么样,0
222cd50e-1bf3-11ea-abdc-e0d55e7e3b80,是什么原因呀,什么原因造成的,1
22297b74-1bf3-11ea-a27d-e0d55e7e3b80,怎么治疗好,那一般要怎么治疗呢,1
222b28e2-1bf3-11ea-89fc-e0d55e7e3b80,这个怎么办,那怎么办啊,1
222a179d-1bf3-11ea-b7d7-e0d55e7e3b80,那应该怎么看,那应该怎么治疗,0
222ab2dc-1bf3-11ea-a54e-e0d55e7e3b80,你们是怎么治疗,你们是怎么看的,1
222b4f4d-1bf3-11ea-80ae-e0d55e7e3b80,我想咨询癫痫科,我想咨询癫痫宝宝,0
222bea3a-1bf3-11ea-8da3-e0d55e7e3b80,这个严重吗,这个问题严重吗？,1
2229a26a-1bf3-11ea-9a3e-e0d55e7e3b80,这个费用多少？？,需要多少费用？,1
222b28df-1bf3-11ea-b1e1-e0d55e7e3b80,你是医生不,好 你是医生还是,1
222caea0-1bf3-11ea-87d2-e0d55e7e3b80,你怎么称呼,怎么治呢,0
222ef5d6-1bf3-11ea-9cf4-e0d55e7e3b80,那还没有什么办法呢,那…有什么办法吗,0
222ef58f-1bf3-11ea-898a-e0d55e7e3b80,那…有什么办法吗,还有什么办法啊,1
222cfc9f-1bf3-11ea-bb21-e0d55e7e3b80,是什么原因。,一般会有什么原因,1
222ab2d7-1bf3-11ea-ab61-e0d55e7e3b80,哪个医院治疗神经官能症疗效好,神经官能症治疗最好医院,1
222a3e6b-1bf3-11ea-a4c2-e0d55e7e3b80,好的呢谢谢啦,好的。谢谢您,1
415e2f61-1bf3-11ea-b6ea-e0d55e7e3b80,是不是做脑电图,有，做了核磁共振，和脑电图,0
222cd583-1bf3-11ea-9876-e0d55e7e3b80,医生说的,您不是医生呀,0
415de19d-1bf3-11ea-8c9f-e0d55e7e3b80,你们有什么好的治疗方法,就是你们有什么好的方法呢,0
2229a1e9-1bf3-11ea-b053-e0d55e7e3b80,能治愈么癫痫,癫痫就不能根治吗,0
222d96c5-1bf3-11ea-a287-e0d55e7e3b80,小孩抽搐  怎么回事,手抽搐是怎么回事,0
222e5af5-1bf3-11ea-a579-e0d55e7e3b80,那应该怎么治疗呀,怎么治疗。,1
415e2f63-1bf3-11ea-8e03-e0d55e7e3b80,没有，我们该检查什么呢,该去医院做什么检查嘛,0
2229c911-1bf3-11ea-a3a2-e0d55e7e3b80,吃中药还是西药,就是吃了点中药还有西药,0
222a8c66-1bf3-11ea-aa56-e0d55e7e3b80,当时嘴巴是张开的 有口水留下来  其它症状没有 走路正常,现在就四肢无力   不能走路   也不怎么能吃东西,0
222e0c5d-1bf3-11ea-98c1-e0d55e7e3b80,像他这种病属于癫痫吗,属于癫痫吗？,1
222b9d64-1bf3-11ea-8e31-e0d55e7e3b80,29  女,19   女,1
222bea3d-1bf3-11ea-ab2e-e0d55e7e3b80,你们什么医院啊,到你们医院的话,0
415e0875-1bf3-11ea-b6df-e0d55e7e3b80,"我想咨询""抽搐原因及治疗""","我想咨询""抽搐是什么原因""",0
22292def-1bf3-11ea-a60c-e0d55e7e3b80,嗯嗯。我知道了。,好吧，知道了。,1
222953d6-1bf3-11ea-ace5-e0d55e7e3b80,你问杨全兴医生了吗？知道九龙平癫镇痫系列组合吗？上市了吗？你那里医院有人吃吗？,我问问你杨全兴医生知道九龙平癫镇痫系列组合吗上市了吗？有人吃吗？,1
222c3840-1bf3-11ea-a46d-e0d55e7e3b80,中医怎么治疗,怎么治疗。,0
222d2305-1bf3-11ea-9fd7-e0d55e7e3b80,睡觉呢突然抽搐怎么回事,突然倒地抽搐是怎么回事,0
222ef530-1bf3-11ea-aaa4-e0d55e7e3b80,能有什么问题解决吗,你有什么问题问我啊,0
222c86b6-1bf3-11ea-bf9f-e0d55e7e3b80,那你是医生吗,你是医生吗,1
222a6636-1bf3-11ea-b99a-e0d55e7e3b80,是啥原因,是什么原因呀,1
222d22d7-1bf3-11ea-a412-e0d55e7e3b80,需要看医生吗,医生开的,0
222ada13-1bf3-11ea-a178-e0d55e7e3b80,是，先咨询一下,你好，我向你咨询一下,1
415e07f9-1bf3-11ea-a413-e0d55e7e3b80,"我想咨询""人抽搐了怎么办""","我想咨询""抽搐方法""",0
222c11ab-1bf3-11ea-aff0-e0d55e7e3b80,现在怎么办,现在怎么办呢,1
222cd4ca-1bf3-11ea-a099-e0d55e7e3b80,什么症状呢,什么症状,1
222b281b-1bf3-11ea-93cc-e0d55e7e3b80,治愈不了那怎么办,治愈不了的吗,0
222de4b2-1bf3-11ea-854d-e0d55e7e3b80,这是要药物治疗吗？,那这种要靠药物治疗吗,1
222d49fd-1bf3-11ea-91f3-e0d55e7e3b80,你们的医院是在哪里,你们医院在虹桥哪里位置,0
222ef5d4-1bf3-11ea-a575-e0d55e7e3b80,那还怎么治疗,那这个怎么治疗？,1
222a17b3-1bf3-11ea-9f7b-e0d55e7e3b80,我结婚了   人不舒服  没法工作,我上班3年了 好累好累   我不想上班了  可我爸妈骂我说我 我就开始逃班 我只要不上班她们就一直说我,0
222dbf5b-1bf3-11ea-b826-e0d55e7e3b80,癫痫的病因一般是什么引起的？,癫痫的病因是什么,0
222a187d-1bf3-11ea-a55a-e0d55e7e3b80,我这个严重吗,会严重吗,1
222bea04-1bf3-11ea-929a-e0d55e7e3b80,都做哪些检查,检查什么,0
222ad996-1bf3-11ea-a1f1-e0d55e7e3b80,你好，问下,你好你好你好你好你好你好,0
2229c8e6-1bf3-11ea-a5c0-e0d55e7e3b80,我这是什么原因,是什么原因引起的,1
222ab2d3-1bf3-11ea-b3ef-e0d55e7e3b80,我不知道是不是,不知道是不是,1
222cae71-1bf3-11ea-bb9c-e0d55e7e3b80,吃药要几年,先吃药呀,0
222c38ae-1bf3-11ea-bd39-e0d55e7e3b80,好的知道了,嗯知道了,1
222d96b2-1bf3-11ea-aeaf-e0d55e7e3b80,嗯！谢谢，是您吗,好了，知道了，谢谢,0
222d9734-1bf3-11ea-8850-e0d55e7e3b80,"我想咨询""  疯病能治好吗""","我想咨询""癫疯病可以治好吗""",0
222b01ba-1bf3-11ea-b533-e0d55e7e3b80,是啊在的,上班啊，,0
2229a1a0-1bf3-11ea-8fe0-e0d55e7e3b80,怎么治疗癫痫病,癫痫病能治疗吗,0
222c5f81-1bf3-11ea-bbe9-e0d55e7e3b80,怎么治疗啊,那需要怎么治疗,1
2229c969-1bf3-11ea-b26a-e0d55e7e3b80,需要怎么治疗呢？,那是要怎么治疗,1
222de492-1bf3-11ea-acbf-e0d55e7e3b80,这个属于什么病,这是属于什么类型,0
222d6fab-1bf3-11ea-b378-e0d55e7e3b80,你们怎么治疗的,该怎么治疗啊,1
2229a267-1bf3-11ea-94e6-e0d55e7e3b80,这应该怎么看,应该怎么治疗呢,0
222dbf3a-1bf3-11ea-9223-e0d55e7e3b80,癫痫发作怎么办啊,累了癫痫就发作,0
222ad98c-1bf3-11ea-b88d-e0d55e7e3b80,抽搐什么原因,这个会导致晕倒，抽搐吗？,0
222e0d01-1bf3-11ea-b88b-e0d55e7e3b80,怎么治疗了？,那应该怎么治疗呀,1
222de4c9-1bf3-11ea-8d2b-e0d55e7e3b80,那应该怎么治疗呢,你那怎么治疗,1
222de50c-1bf3-11ea-a644-e0d55e7e3b80,不知什么病,我不知道这是什么情况,0
222de496-1bf3-11ea-aee2-e0d55e7e3b80,这个癫痫病能治好吗,这个癫痫能治好吗,1
222c3836-1bf3-11ea-beea-e0d55e7e3b80,癫痫是什么原因引起的,癫痫发作是什么原因引起的,0
222cd57c-1bf3-11ea-b2b6-e0d55e7e3b80,请问惊阙是癫痫吗？,请问癫痫是严重吗,0
222ad98a-1bf3-11ea-be4b-e0d55e7e3b80,但是不知道挂什么科,不知道挂什么科,1
222d6f91-1bf3-11ea-8521-e0d55e7e3b80,你是医生吗？,医生你姓什么,0
222cfc0d-1bf3-11ea-aa31-e0d55e7e3b80,是省脑科医院？,以为是南京脑科医院,0
222cd589-1bf3-11ea-8eb2-e0d55e7e3b80,你们医院在哪里，，,你是哪里的医院,0
22297ab8-1bf3-11ea-bf4e-e0d55e7e3b80,这种属于什么类型,这种情况属于什么病,0
415e2ef1-1bf3-11ea-ba1b-e0d55e7e3b80,不知道挂什么科,也不知道自己在做什么,0
222d22ef-1bf3-11ea-9531-e0d55e7e3b80,可以嘛 谢谢,嗯   谢谢你,0
222c1197-1bf3-11ea-aed1-e0d55e7e3b80,你是虹桥医院的吗,虹桥医院是综合医院啊,0
222d9758-1bf3-11ea-bd71-e0d55e7e3b80,"我想咨询""小孩睡觉老是抽搐""","我想咨询""孩子突然抽搐翻白眼""",0
222eced6-1bf3-11ea-b4af-e0d55e7e3b80,癫痫有睡觉发作的吗？,发作过癫痫,0
222e8061-1bf3-11ea-815a-e0d55e7e3b80,为什么睡不着,为什么总是睡不着,1
222a8cdc-1bf3-11ea-8ebc-e0d55e7e3b80,这是什么引起的呢,请问一下这是什么原因呢,1
222a3f06-1bf3-11ea-ba1a-e0d55e7e3b80,没有什么原因,什么原因,0
222b2922-1bf3-11ea-a314-e0d55e7e3b80,做脑电图可以吗,脑电图放电,0
222a3ef1-1bf3-11ea-8eae-e0d55e7e3b80,如果就这种做检查需要做哪些检查,要做哪些检查啊,1
222f1c7a-1bf3-11ea-83cb-e0d55e7e3b80,你们采用什么方法治疗方法的.,你们采取什么方法治疗,1
22297b0f-1bf3-11ea-a566-e0d55e7e3b80,是正规医院吗？,你家医院是正规的吗？,1
222d706b-1bf3-11ea-8ddd-e0d55e7e3b80,你们用的什么方法治疗的,用什么方法治疗呀？,1
222b764b-1bf3-11ea-9db9-e0d55e7e3b80,癫痫遗传吗,癫痫是家族遗传吗,1
2229a24a-1bf3-11ea-8ff7-e0d55e7e3b80,能治好吗,能治好不能,1
222b4faf-1bf3-11ea-be65-e0d55e7e3b80,吃了奥卡西平会便秘吗,吃的奥卡西平片,0
222a3eff-1bf3-11ea-ba16-e0d55e7e3b80,你这里可以治愈吗？,这个是可以治愈的吗？,1
222d4a7e-1bf3-11ea-854c-e0d55e7e3b80,那是要怎么治疗,需要怎么治疗呢？,1
222d235b-1bf3-11ea-b12c-e0d55e7e3b80,不知道对什么有什么副作用吗,它有什么副作用,0
222b9d0b-1bf3-11ea-8f56-e0d55e7e3b80,请问精神病症状有哪些,精神病，有什么症状吗？,1
415e7cc0-1bf3-11ea-ad68-e0d55e7e3b80,检查什么项目,要检查那些项目,1
415e7cab-1bf3-11ea-9dc9-e0d55e7e3b80,大脑萎缩能自俞吗,大脑萎缩可以冶了吗,0
222de549-1bf3-11ea-ab6e-e0d55e7e3b80,你们医院是什么医院,你们是大医院吗？,0
222ada25-1bf3-11ea-90cc-e0d55e7e3b80,是不是什么病呢,是什么病？,1
415e7cbc-1bf3-11ea-b3a7-e0d55e7e3b80,你是医生吗,那你不是医生,0
222de539-1bf3-11ea-b3dd-e0d55e7e3b80,他这是癫痫吗,假性癫痫是癫痫吗？,0
222a8cad-1bf3-11ea-874e-e0d55e7e3b80,怎么，您不方便吗？,那我们要去你那看吗？,0
222eceec-1bf3-11ea-abbf-e0d55e7e3b80,睡不睡觉都这样吗,你不睡觉嘛？,0
2229f111-1bf3-11ea-b3ee-e0d55e7e3b80,请问有什么方法治疗吗,有什么好的方法吗？,1
222b01d8-1bf3-11ea-a8ee-e0d55e7e3b80,为什么会癫痫啊,癫痫咋弄了,0
2229f0c7-1bf3-11ea-8ea4-e0d55e7e3b80,什么原因呀,这是什么原因密？,1
222d96cc-1bf3-11ea-9385-e0d55e7e3b80,属于什么类的？,这个属于什么病,0
222c5eef-1bf3-11ea-828b-e0d55e7e3b80,"我想咨询""吐白沫全身抽搐""","我想咨询""抽搐了怎么办""",0
222a3ea1-1bf3-11ea-9849-e0d55e7e3b80,我想咨询一下这方面,我想先咨询一下,1
222b01c2-1bf3-11ea-80f1-e0d55e7e3b80,说我是轻度抑郁   需住院心理治疗,说是抑郁症,0
22295434-1bf3-11ea-8ae0-e0d55e7e3b80,是咨询当地医生吗？,当地医生说是,0
415e55a7-1bf3-11ea-a319-e0d55e7e3b80,男性  年龄20岁,女性25岁,0
222c86bb-1bf3-11ea-80be-e0d55e7e3b80,"我想咨询""睡着突然抽搐""","我想咨询""突然抽搐口吐白沫是什么症状?""",0
222d2304-1bf3-11ea-a434-e0d55e7e3b80,北京军什么医院,上海什么医院,1
222a180d-1bf3-11ea-b3fe-e0d55e7e3b80,多谢了?,哦谢谢啊,1
222dbead-1bf3-11ea-a26d-e0d55e7e3b80,我该做什么检查,还需要什么检查,1
222b0201-1bf3-11ea-92c8-e0d55e7e3b80,没检查呢,没检查出来,0
22295438-1bf3-11ea-a281-e0d55e7e3b80,什么原因引起,那这是什么原因造成的呢,1
222cd543-1bf3-11ea-b690-e0d55e7e3b80,那咋办？,得怎么办啊,1
222b290f-1bf3-11ea-8fdb-e0d55e7e3b80,你们是哪儿医院,你们医院在哪里？,1
222cfc0a-1bf3-11ea-87a3-e0d55e7e3b80,怎么是军海医院了,军海医院是国家正规医院吗,0
222a3ecd-1bf3-11ea-9b93-e0d55e7e3b80,有遗传吗？,也没有遗传,0
2229a2a0-1bf3-11ea-9ccf-e0d55e7e3b80,是这个医院吗？,小医院说的,0
222cfc85-1bf3-11ea-8b8e-e0d55e7e3b80,焦虑症怎么办啊,我老婆焦虑症怎么办,1
222c388b-1bf3-11ea-b311-e0d55e7e3b80,所以才想咨询一下，,咨询一下嘛,0
222b0222-1bf3-11ea-85fa-e0d55e7e3b80,你是杨全兴医生吗？,杨全兴医生下班了吗,0
415de1c9-1bf3-11ea-95c1-e0d55e7e3b80,请问心情老是郁怎么回事,请问怎么回事,0
222cd4bd-1bf3-11ea-93d8-e0d55e7e3b80,我应该怎么做,我应该怎么检查？,0
222ab2e7-1bf3-11ea-adae-e0d55e7e3b80,你问问杨全兴医生九龙平癫镇痫系列组合在什么地方买到,你问问杨全兴医生是怎么知道的九龙平癫镇痫系列组合的,0
2229f183-1bf3-11ea-bc7f-e0d55e7e3b80,肌肉萎缩挂什么科？,你说的是哪里的肌肉萎缩？,0
222ecec7-1bf3-11ea-b8ab-e0d55e7e3b80,治疗神经官能症哪家医院,北京神经官能症医院哪家医院好,0
222f1c47-1bf3-11ea-a12b-e0d55e7e3b80,会有什么问题吗,可能会是什么问题呢？,1
222ada2a-1bf3-11ea-90f5-e0d55e7e3b80,检查什么,需要做什么检查,0
222b9d4f-1bf3-11ea-b244-e0d55e7e3b80,什么原因造成的,这是什么原因呢？,1
222e3398-1bf3-11ea-ba46-e0d55e7e3b80,我是不是抑郁症,这是不是强迫症啊,0
222e33f1-1bf3-11ea-a796-e0d55e7e3b80,有可能是癫痫吗,有癫痫啊,0
222e0d2e-1bf3-11ea-bc0b-e0d55e7e3b80,感冒发烧咳嗽有什么药不能用的吗？,就是感冒咳嗽能吃什么药,0
22297aca-1bf3-11ea-b147-e0d55e7e3b80,需要做什么检查呢?,都需要检查哪些？,0
222a3f08-1bf3-11ea-b7b6-e0d55e7e3b80,这病能治愈吗,这病能，能彻底治好吗？,0
222e3459-1bf3-11ea-83bb-e0d55e7e3b80,精神症状有那些？,那些症状？,0
222e0d29-1bf3-11ea-a4cf-e0d55e7e3b80,"怎样可以治好癫痫。,",癫痫怎么治好,1
