sentence,label
、河南省南阳市阳光男科医院,无
、您好，医生还是新世季人才入选者，,咨询专家
.您好，收费多少？过去总有见意进一步CTu检查，CTu多少钱,咨询价格
.您好，收费多少？过去总有见意进一步CTu检查，CTu多少钱,咨询价格
。。。直接加扣扣细聊吧,咨询QQ
。那我加你,咨询微信
:那家医院属于正规医院,无
:你说给我出西单地铁口，A囗，B囗最近那我就知道了。谢谢。,咨询路线
`等我加你,确定联系意愿
∫术后可以走路吗/需要住院吗,咨询后果
……好恐怖,描述情绪
0695你的手机号？,咨询电话
1??2分钟射没事对吗,咨询后果
1000元做的,描述就诊史
10天就要拆顶了,无
11-12公分,描述症状
11公分，能长到多少，你们药,咨询药物
11厘米,无
11厘米,无
12公分,无
1350100****，我是女的，我被传染了。怎么治疗,咨询治疗方式
1350100****，我是女的，我被传染了。怎么治疗,咨询治疗方式
1352230****挂号,咨询挂号
1381040****可以挂号吗,确定联系意愿
1391194****挂号,咨询挂号
13厘米算正常吗,咨询生理现象
13厘米正常吗？,无
14，8厘米,无
16.5厘米,描述症状
16勃起多长是正常的,无
16岁男孩经常射精呢？,描述症状
17，第一次,描述症状
17，就是头一次,无
17，就是头一次,描述症状
1760028****???我有点害怕,确定联系意愿
18，是不是代表有什么疾病开始发作了,咨询项目介绍
1851343****找顾大夫对吗,确定联系意愿
1861218****挂号可以吗？,咨询挂号
1861836****吗？,咨询电话
1869729****?木先生?我有早泄,确定联系意愿
19，一两年了吧,描述症状
19岁的男孩子使用勃龙伟哥会有危害吗？,咨询后果
1分钟,无
1我想咨询完了再来医院,确定预约时间
23第一次,描述症状
24?前几天有一次,描述症状
24了。自八月初附睾炎?后。九月开始出现血精到现在。期间医生一直开左氧。,描述就诊史
24有一个多星期了,描述症状
27?五六分钟一次,描述频率
2个月前一次，最近一次，俩次都是黑红色,描述症状
2厘米,无
"30,11厘米",描述症状
30，有一年了,描述症状
307一个疗程7条干我一万多另一个医院一个疗程干我七千多，我就想知道你们那里一个疗程是几天大概多少钱,咨询价格
34去年冬天开始,描述症状
36.是第一次,描述症状
48好几年了,描述症状
4年前就有了，好治吗,咨询项目介绍
"55,北医三院确诊,附件上还有个囊肿,手术时间多长,住院几天,费用多少",咨询价格
5月份做过一次,描述就诊史
6000的有吗,咨询价格
799083365我们能QQ沟通吗？我打算晚上过去，你们几点下班,咨询上班时间
799083365我们能QQ沟通吗？我打算晚上过去，你们几点下班,咨询上班时间
8。?9。次,描述频率
82岁老人做疝气手术,咨询项目介绍
82岁老人做疝气手术,咨询项目介绍
8公分,描述症状
9厘米,描述症状
9厘米吧,描述症状
9厘米左右,描述症状
B超没有,描述就诊史
KKQQ86,无
o??用预约么,确定预约时间
OK?夜班也不容易?注意休息啊?兄die,无
Q,咨询QQ
q,无
q?q,咨询QQ
Qq,咨询QQ
QQ',咨询QQ
qQQ,咨询QQ
qq吧,咨询QQ
qq吧,咨询QQ
qq吧,咨询QQ
QQ更不会完,咨询QQ
QQ还没有发,咨询QQ
QQ还是微信？,确定联系意愿
QQ行吗,咨询QQ
Qq行吗,咨询QQ
qq行呢？,咨询QQ
QQ号,咨询QQ
'QQ号,咨询QQ
QQ号可以么,咨询QQ
qq号吗，医生,咨询QQ
QQ加不上,咨询QQ
qq可以？,咨询QQ
qq联系吧,咨询QQ
qq您看可以吗,咨询QQ
qq上说,咨询QQ
qq说,咨询QQ
QQ谢谢,咨询QQ
qq有,咨询QQ
qwer19940516,确定联系意愿
Q号,咨询QQ
Q请问你们医院是订点的吗,咨询公司介绍
sq830165,确定联系意愿
啊，你是男医生吗,无
啊，要去医院看看,确定预约时间
哎，上班呢，一个月都没得休息,无
按您说保守治疗就是服药对吧～要服用多长时间啊,咨询治愈时长
嗷，搜这个号就是您的微信吗？,咨询微信
嗷，搜这个号就是您的微信吗？,咨询微信
熬夜多,无
熬夜有，其他的都一般,无
奥，那我这多注意休息就行呗,无
奥，也是你们医院,咨询公司介绍
把你的电话记下了，到时候去给你打电话吧,确定联系意愿
把您微信号给我,咨询微信
"百度快速排名3000元刷到春节后,联系QQ：2732817048",无
半露,描述症状
半年?前?手淫,无
半年了,描述症状
帮我预约一个专家号，1528059****，孙荣顺,确定联系意愿
帮我预约一个专家号，1528059****，孙荣顺,咨询专家
包括住院用药一直到出院是吗,无
包皮,描述症状
包皮,咨询项目介绍
包皮切除时，会麻醉吗？,咨询项目介绍
包皮切割后能走路?开车吗,咨询后果
包皮手术7天以后，用什么消毒,咨询药物
包皮手术多久可以不包扎,咨询治愈时长
包皮手术多久可以手淫,无
包皮手术后多久能拆线,咨询治愈时长
包皮手术你们做有风险吗,咨询项目介绍
包皮手术完，7天后可以洗澡了，能吃海鲜吗,咨询食疗
包皮手术做完什么时候去掉纱布,咨询治愈时长
包皮术后几天可以把纱布拆掉,咨询治愈时长
报告没在身上??在医生哪里,描述就诊史
北京，能不能把你们医院小护士介绍给我个,无
北京京医中医院,无
北京哪个医院治疗胆结石最好,咨询公司介绍
北京男科哪家医院是公立的,咨询公立私立
北京呢,无
北京三甲检查治疗是女医生女护士给检查治疗吗？,咨询专家
北京三甲医院就可以吗？,咨询公立私立
北京暑光医院收费太黑心了换一次药就要开400多块钱的,无
北京曙光医院,无
北京曙光医院不是医保定点医院，是专科医院，,咨询公司介绍
北京顺义呢,无
北京顺义呢,咨询公司介绍
北京太远了来不了,无
北京现代医院,无
北京长虹医院,无
北京长虹医院，你们了解吗？,咨询公司介绍
北京这里,无
本以为人民医院属公立医院可以报销，收费透明,无
比较严重?又康复心切?在网上看了做这个手术能够康复,咨询疗效
比如多吃时间全面恢复,咨询治愈时长
比如我要对我的生殖器官做个检查，有没有女医生就诊,咨询专家
比如我要对我的生殖器官做个检查，有没有女医生就诊,咨询专家
比如小电影?都不能让我没有兴趣,无
必须割么,咨询治疗方式
必须一次成功,无
必须住院治疗吗？,无
便宜点把，,咨询价格
别的医院呢,无
别加微信了 被人家看到多丢人啊,确定联系意愿
别我去检查，发现钱不够，白跑一趟,咨询价格
别吓我啊，,无
病人过两天就来北京你这样我怎么让他找你,无
病因,咨询病因
病因是什么,咨询病因
勃起,无
勃起不坚，买了这种药吃,描述就诊史
勃起的吗,无
勃起方面休息好的情况下是挺好的,无
勃起功能挺强的,描述症状
勃起功能挺强的,描述症状
勃起哈这样正常吗,咨询生理现象
勃起哈这样正常吗,描述症状
勃起还可以吧,描述症状
勃起露,描述症状
勃起也就是25cm,描述症状
勃起长度多少算正常,咨询生理现象
勃起障碍吗,咨询项目介绍
勃起最多11厘米吧,描述症状
补肾吗,无
补肾吗？,无
补肾壮阳吗,咨询疗效
不，上班呢,确定联系意愿
不包含挂号等等其他的把,无
不抽烟很少喝酒，经常熬夜，久坐，性生活几天为频繁。,描述频率
不打扰了，我和他商量一下,无
不打针会好吗,无
不耽误上班吧,咨询治愈时长
不到一分钟,无
不都是连锁的医院吗,咨询公司介绍
不多吃,咨询食疗
不方便 ? 上班时间打吧,确定联系意愿
不敢问他，怕给他压力。,描述情绪
不光是晚上白天也要好几次,描述频率
不过一直纠结是去正规医院还是男科医院,咨询公立私立
不好意思 ? 我是农民收入很低 ? ?所以很在乎钱和效果 ? 谢谢您的答复 ? ? ?选择时间去贵院治疗,确定预约时间
不好意思，我进错科了,无
不好意思，我没有电话,咨询电话
不好意思吧,描述情绪
不好意思的以后再说吧！,确定联系意愿
不好意思的以后再说吧！,确定联系意愿
不好意思哈,描述情绪
不好意思没注意,描述情绪
不喝酒不吃辣椒就没事,无
不会的，没有疼痛感，没有感觉，每次洗澡我都都会特别重视这个，怕对以后要孩子有影响,描述情绪
不会反弹吗,咨询疗效
不会来一次收一次,无
不会有什么问题吧,咨询后果
不加微信,确定联系意愿
不洁性生活是？,咨询项目介绍
不了，还是去正规大医院吧,咨询公立私立
不露出来,描述症状
不明白为什么公立医院没有,咨询公立私立
不能吃,无
不能吃药或者抹什么药啥的吗？,咨询药物
不能加,无
不频繁,无
不频繁啊，有女朋友还手淫什么啊,描述频率
不去，可犟了，怕花钱，我们是外地在京打工的,无
不确定是否有必要做包皮手术,咨询项目介绍
不是，别的医院,无
不是，最近一个月都没有性生活,无
不是很频繁,描述频率
不是每天都有医生做针吗,咨询专家
不是三甲不放心,咨询公立私立
不是特别痒的?只是担心会不会传染艾滋啥的,咨询传染
不是我每年都会全身检查一次的,描述就诊史
不是性生活造成的,无
不是有个延长手术吗？那个延长手术，是不是有很多后遗症的？,咨询后果
不是着凉涨气吗？我自己觉得是气憋的疼,咨询病因
不是正规医院?是个专科医院,咨询公立私立
不损伤的话，会变长吗,无
不太好意思去检查吧，我年纪轻轻的就早泄,描述情绪
不玩QQ,确定联系意愿
不问了你们除了手术还会什么,无
不想开刀,描述情绪
不想去医院还是,无
不想做手术,咨询治疗方式
不想做太多的检查,无
不休息,无
不休息。上班。,无
不赢,无
不用了?不放心我去做个检查就行,确定预约时间
不用了?去给你打电话,咨询电话
不用在喝药了吧,咨询治疗方式
不用正规检查。你就按情况判断就行了，,无
不育？为啥？,咨询病因
不育？为啥？,咨询病因
不远我打车,无
不愿意去小医院，又不知道大医院几号体检,无
不长，很正常，三天左右洗一次澡,描述频率
不知道，一直有性生活,描述症状
不知道不敢让他勃起,描述情绪
不知道是不是这么回事,无
不知道是什么原因，皮肤表面泛红，不碰不疼，按压会疼,咨询病因
不知道为啥最近发生的,咨询病因
不知道咋回事,咨询病因
不知道咋生孩,无
不知道怎么回事,咨询病因
不治 我中午还休息会儿呢,无
才一个多月,无
查什么地方，,咨询检查
查找QQ号,咨询QQ
查这方面能保密吗？全套检查费用多少用时间多长,咨询检查
查这个多少钱？,咨询检查
拆完线打点滴吗？,咨询项目介绍
拆完线是不是可以运动了,无
拆线要看伤口的恢复情况吧！,无
拆线要看伤口的恢复情况吧！,无
常规检查费用多少,咨询检查
常见什么原因呢？！能否告知呢？！,咨询病因
潮,描述症状
车子不限号就过去,确定预约时间
彻底治疗需要多长时间，大概需要多少钱？,咨询价格
晨勃,描述症状
晨勃，一周一次吧！,描述频率
晨勃每天有,描述症状
晨勃是什么意思,无
成活几率小还是不能生,无
成活几率小还是不能生,无
成活率在多少是正常啊？我有一次是46之后又让我隔了5天取了一次70多，医生说算正常,描述就诊史
吃??应该没有效果吧,咨询药物
吃??应该没有效果吧,咨询疗效
吃的对精子有危害吗？,咨询后果
吃点药可以吗,咨询治疗方式
吃降压药，对性功能有影响吗？怎么突然勃起困难？,咨询病因
吃可保健品速效的就好使,描述就诊史
吃了点，没吃多少,咨询食疗
吃什么要,咨询食疗
吃伟哥管用吗？,咨询药物
吃消炎药管用吗,咨询药物
吃药 ? 输液,无
吃药.能好点吗,咨询药物
吃药？,咨询药物
吃药还是直接完蛋了,咨询治疗方式
吃药就可以了吗,咨询药物
吃药呢,咨询药物
吃药能不能好,咨询药物
吃药能行吗,咨询药物
吃药能好？？？？,咨询药物
吃玉米会影响尿路感染吗,咨询后果
抽查次数那,无
抽几次啊,无
抽那个积液是怎么回事,咨询项目介绍
抽烟?不喝酒?也不吃辣,咨询食疗
出现几次了,描述频率
出现一次,描述频率
出现这问题，跟生活习惯有很大关系,无
出现这样的情况是因为性生活太频繁导致的/,无
出现这样的情况是因为性生活太频繁导致的/,无
出租车怎么也找不到你们医院,咨询路线
除了憋尿?手淫?性生活?基本都有,描述症状
除了抽烟，不怎么喝酒也不怎么吃油腻辛辣的东西啊,无
除了抽烟，不怎么喝酒也不怎么吃油腻辛辣的东西啊,咨询食疗
除了说几句我什么时候能来建议去你们医院之类的话之外连这个东西能不能自然增长都不能告诉吗？,咨询项目介绍
处理了4次,描述频率
处理完，用不用请假休息,无
传染病有多少种，全部检查多少钱,咨询检查
次,无
从第一次就有,描述症状
错了，我去的那个医院应该在西客站附近,描述就诊史
打车要好长时间。我在香山这边。,无
打电话聊接一下??在家微信,确定联系意愿
打飞机几分钟就正常,无
打您上边185这号吗,咨询电话
打扰了，搜狗移动下拉，百度手机下拉，uc神马下拉，上词效果很好，考虑刷吗？我的QQ:2956705125您这块负责人的QQ多少呢？,咨询QQ
打扰了，我去自杀了,无
打算去检查一下,咨询检查
打算这两天就去捡查，这方面是通过药物恢复吗,咨询治疗方式
打完飞机包皮水肿怎么样,描述症状
打我的吧,确定联系意愿
打一个电话说吧,咨询电话
大夫，我问下，您说的这个潮湿的部分具体在什么位置,咨询项目介绍
大概的手术流程呢,咨询项目介绍
大概多久能出结果,咨询检查
大概多久能够恢复，多少钱,咨询价格
大概多少钱做检查？,咨询检查
大概几个疗程，费用情况？,咨询价格
大概几天一次，属于健康,描述频率
大概需要多少钱？抽血检查是吗？,咨询价格
大概要恢复多长时间,咨询治愈时长
大概要扎多少针啊？,咨询项目介绍
大腿根部有时会疼，一喝水就上厕所怎么回事,咨询病因
大医院吗,咨询公司介绍
大约多久,咨询治愈时长
大约多久,咨询治愈时长
大约多久,咨询治愈时长
大约多长时间,咨询治愈时长
代夫说的,描述就诊史
担心性交后有感,描述情绪
单子医院不让带走,描述就诊史
但不知道为什么就是射精快,咨询病因
但是喝酒之后?口交硬?但是性交?就软啦?是喝酒因素嘛,咨询病因
但是能怀孕,无
但是手淫3年,无
但是他之前没有性生活啊,无
但是她好像不乐意??我怕她会传染病给我,咨询传染
但是为什么晚上睡睡觉就憋醒了？而且挺硬的,咨询病因
但是我不相信们这里的医生,无
但是我也不担心，因为我只是和我媳妇正常的夫妻生活，今天有点发红,描述症状
但是一般情况下这种网上的都不是大夫，应该算是销售人员对吧,咨询专家
但是有手淫,无
但我输了三天咋还存哪？,咨询病因
当地的医院,无
当时我在网上查的北京军区总医院是最好的三甲医院啊,咨询公立私立
当时做完了加上仪器治疗挺好的～最近有不来好了,描述就诊史
当天能否手术,确定预约时间
倒是没有什么特殊的影响,无
到时侯我再联系你,确定联系意愿
得到医院检查吗,咨询检查
得花多少钱挂号?检查要钱么,咨询检查
得看你怎么玩了,无
得看你怎么玩了,无
得去医院查查呀,咨询检查
等我回头去看看，检查一下,确定预约时间
等有空到医院检查一下,确定预约时间
等有时间请一个月假，选一个医院好好看看吧最近不太方便工作太忙,无
地铁,咨询路线
地铁吧,无
地铁吧，开车堵车,无
地铁东南西北哪个方位,咨询路线
地铁方便,咨询路线
地铁公交,咨询路线
地铁几号线,咨询路线
地铁七号线,无
地铁西单站,无
地铁西单站那口出,咨询路线
地铁西单站那口出,无
地铁有开车也可以,无
地铁有开车也可以,无
地址知到,无
第一次插入，有些心里紧张，而且没有戴套,描述情绪
第一次还是？,无
第一次自慰，心情很难受,无
第一个QQ,咨询QQ
第一句话就很不诚实。,无
点滴管用吗对有,咨询疗效
电话保留就看到微信,确定联系意愿
电话变了,无
电话不便老婆在,确定联系意愿
电话打给您,咨询电话
电话方便么？,咨询电话
电话更不想,确定联系意愿
电话沟通吧 ?这回有点忙 ? ?明天上午吧,咨询电话
电话号码可以吗,咨询电话
电话了解下,咨询电话
电话李说吧,咨询电话
电话里说，你打我的,确定联系意愿
电话聊,咨询电话
电话说,咨询电话
电话说吧,咨询电话
电话问题的状态只可以接。,确定联系意愿
东直门中医院，特需专家男科,无
东直门中医院，特需专家男科,无
懂了。。。我现在没办法去检查怎么办，我在留学，放假还要很久,确定预约时间
动手术延长增粗后还能进行性生活吗？,咨询后果
都没有，就是上班。不能睡觉，两个人一个班,无
都没有怀孕,无
都是第一次,描述症状
都是男医生吧,无
都是男医生看吗,无
都是治疗的时候效果可以，过段时间就不行了,描述就诊史
都是中药材，叫什么我也不清楚,咨询药物
肚子左边疼，不动不疼怎么回事,咨询病因
短息收到了！专家下午几点下班,咨询上班时间
对，303路,无
对，第一次,无
对，对那事没心情,描述情绪
对，就是，那检查看需多少钱？,咨询价格
对。不行找长虹医院他那有病历,描述就诊史
对啊 所以现在赶紧上来咨询,无
对了??检查一次需要多少钱,咨询价格
对了您是男医生吗,无
对忘记，你们医院已经看了，,描述就诊史
对药物治疗，和用仪器治疗,咨询治疗方式
对着肚脐位置,描述症状
多吃点牛羊肉就不疼了,无
多久可以恢复啊,无
多久能好，费用多少,咨询价格
多久能恢复??多少钱,咨询价格
多少钱的检查,咨询价格
多长时间就可以恢复了呀？,咨询治愈时长
多长时间能恢复正常,咨询治愈时长
多长时间能治好，大概多少钱,咨询价格
多长时间能治疗好????得多少钱呢,咨询治愈时长
额，但是啪啪啪好像并没有影响,描述症状
呃，那我查北京三甲医院怎么没看到曙光医院啊,咨询公立私立
恩好的，打扰你了，你也早点休息吧,无
恩谢谢医生，我是夜斑班完了我看怎么的去,确定预约时间
嗯?那就qq说吧,咨询QQ
嗯， 那要怎么治疗呢，大概要多长时间能好,咨询治疗方式
嗯，好的，。有时间我去检查下,确定预约时间
嗯，可能是这个原因,无
嗯，那检查费用呢,咨询检查
嗯，那检查费用呢,咨询价格
嗯，那找个女医生看吧，看看女的治疗怎么样,咨询专家
嗯，你5分钟打吧,无
嗯，平时应该注意些什么，不行在联系您去看看,确定联系意愿
嗯，想彻底治疗好,咨询疗效
嗯，谢谢。主要有点担心起反作用,咨询后果
嗯，性生活几分钟射精呢现在,无
嗯，性生活几分钟射精呢现在,无
嗯嗯???不用和他们聊??看下他们简介??这个医院都是公开的,无
嗯嗯，行，1760016****是你的电话吗？,咨询电话
嗯嗯，咱们医院做个检查的费用是大概多少钱,咨询检查
嗯嗯，咱们医院做个检查的费用是大概多少钱,咨询价格
嗯呢，但是我咋看咱们网上评价不太好呢，说咱们乱收费，乱检查治疗,咨询公司介绍
嗯呢，加过医生,确定联系意愿
嗯呢呗[尴尬],无
嗯呢不上班，但是一会儿有个活动，,无
嗯是的上官医师,无
嗯他不知道我觉得他挺避讳谈这个话题了,描述情绪
而且手淫很频繁,无
而且休息几天就会好,无
而且药开贵了啊,咨询价格
二环那边检查下来要花多少钱,咨询价格
发过去你明天让主任看看啥情况,无
反正就想在持久一点,咨询项目介绍
房事几个月前有,描述症状
房事正常吧，没有很频繁,描述症状
费用大概多少，都哪些检查,咨询检查
费用太黑了，没看,描述就诊史
分几次,无
分开了会不会有什么大问题,咨询后果
丰台医院叫什么名啊,咨询公司介绍
冯主任你好，在白忙之中想请你咨询一下病情，你是中国泌尿的专家，夲人是折磨十年病疼的一位患者，从青海这个遥远的地方求医问药，恳请你的指导建议为盼！,描述症状
否治疗吗？,咨询项目介绍
附睾精液囊肿手术不好做吗？三级医院敢拿病人生命开玩笑吗？,咨询项目介绍
附睾精液囊肿手术不好做吗？三级医院敢拿病人生命开玩笑吗？,咨询项目介绍
附近的三甲医院,无
附近没有地铁,无
附近有宾馆么,无
腹股沟疼怎么回事,咨询病因
该怎么做或者吃什么药,咨询治疗方式
改天休息我去,确定预约时间
肝肾功能，血压血脂血糖，凝血功能，胸片心电图，泌尿生殖系统的体检这些一共多少钱,咨询检查
感觉很是憋得慌,描述症状
感觉是心里的想想,无
感觉自己做这个总是有点急的那样,描述症状
感冒发烧几乎没有,描述症状
感染的话?休息一段时间会不会好,无
感谢安大夫的指点。,无
刚才还性生活了,描述症状
刚才那个医生呢,咨询专家
刚才有点事不好意思,描述情绪
刚才有个医生再聊呢，找不到了呢,咨询专家
刚打电话了,无
刚发现,描述症状
刚刚不是那位医生吗？,咨询专家
刚刚发现的,无
刚结婚的时候还射精呢,描述症状
刚开始就是这样,描述症状
刚做完包皮手术，请问术后几天可以洗澡,咨询治愈时长
肛门能感染什么啊？,咨询项目介绍
搞的我无语了，他自己都不当回事,描述情绪
告诉什么医院明天我过去看看,咨询公司介绍
哥，你是不是之前给我打电话的工作人员？因为我刚才又咨询了其他医生，他说的情况跟你完全说的不一样。,描述就诊史
哥哥你现在方不方便回电话，因为我前两天你跟我，你我之前有咨询，你都没有跟我回，我也有点着急。,咨询电话
哥哥我有个问题想咨询一下，麻烦你给我回电话好吗？谢谢你，我昨天有咨询过，但是你们医生又说文凭不一样，但是今天我又很不舒服。,咨询电话
割包皮第二天上班方便么,咨询治愈时长
割包皮需要多久恢复，需要多少费用,咨询价格
割包皮需要休息几天,咨询治愈时长
割包皮有什么好处,咨询项目介绍
割个包皮会不会好点,咨询疗效
割了能直接上班么,咨询治愈时长
割下一块皮能没有疤痕？,咨询后果
隔半个月做一次还是少，有时候都没有,描述频率
隔几天就洗一洗，不痒了就变成像红肿一样，擦皮了似的，是不是因为挠的？,咨询病因
给果冻是的,描述症状
给没治疗前一个样,描述就诊史
给你啊，给你添麻烦了，因为我这个情况确实比较有点紧张，也不知道这个问题，好多的医生说的方法都不太一样。,描述就诊史
给你说过了，就按供血不足治疗好了,描述就诊史
给伟哥药慢慢来调里补肾科利,咨询药物
给我说在什么路上就可以了,咨询地址
给我治疗的主任,咨询专家
根部含在肉里，用把尺子顶到根部么？,描述症状
跟父母也不好意思说这个问题，这不才来寻找办法,描述情绪
跟我说下吃什么好，因为没法治工资没发，医生好人做到底，指点下我去外面买下，谢谢了,咨询食疗
跟媳妇俩周见一次面??你懂得,描述频率
公交车铊,无
估计你们医院也没有医生了吧,咨询专家
挂号不都一样么？我先在附近检查一下，有大问题在找专业的医院,咨询挂号
挂号时间是几点？,咨询挂号
挂专家号,咨询专家
挂专家号,咨询专家
管用不影响生育不,咨询后果
广西河池曙光医院，是你们连锁机构吗？,咨询公司介绍
龟头敏感治疗 疗程需要多久 大概多少钱 治疗后是什么效果,咨询价格
龟头敏感治疗 疗程需要多久 大概多少钱 治疗后是什么效果,咨询价格
贵,咨询价格
贵院不是医保定点医院，不知在贵院看前列腺病，医保能报一些吗,无
国内最大专家在哪个医院？,咨询专家
国内最大专家在哪个医院？,咨询专家
过度手淫能恢复吗。,无
过段时间能回复吗？,无
过几天过去,确定预约时间
过几天会消失,无
过几天我去检查下,确定预约时间
过几天准备手术,确定预约时间
过了几天就好了，恢复正常了是好了吗,无
过两天就上班了。,无
过两天看情况！感觉是熬夜的问题，要是不熬夜了它会好吗,无
过去当天挂号，检查做不了吗？,咨询检查
过去检查一下再说吧,确定预约时间
过日我号码,无
过一阵子就好了,无
过长,无
还会复发,无
还没检查?就是结婚时间久了还没小孩,描述就诊史
还没有切除，准备做这个手术,无
还没做?考虑一下上班时间,确定预约时间
还能变长吗,咨询项目介绍
还能恢复吗,无
还能长长吗,无
还怕打湿了,描述情绪
还是补片产品决定价钱,咨询价格
还是刚才的医生么?,咨询专家
还是过几天就好起来了，,无
还是我联系你吧,确定联系意愿
还是这个号码把,咨询电话
还有大夫值班是吗,咨询专家
还有大夫值班是吗,咨询专家
还有割包皮多久能好，多钱,咨询价格
还有救吗，,咨询疗效
还有什么中途软？不懂,咨询项目介绍
还有什么中途软？不懂,咨询项目介绍
还有一次是必力劲,描述就诊史
还有一种叫一次性,无
还有做完手术我还能上班吗,咨询治愈时长
孩子每隔五分钟尿一次，别的症状没有,描述频率
行??如果保证能看好??我跟他说直接去??或者联系你,咨询疗效
行吧  有空去检查一下,确定预约时间
行吧，我坐地铁过去,无
行加我qq吧,咨询QQ
行我去加你,确定联系意愿
航天医院和北大医院,无
好，就是这个电话是吧！,咨询电话
好，就是这个电话是吧！,咨询电话
好，你发来我截图吧,无
好，我知道了，一两天我过去吧，做全套性病检测吗？,咨询检查
好。你加我qq,确定联系意愿
好吧??谢谢啦??我去之前打电话给你,确定联系意愿
好吧，谢谢了，不方便留电话，拜拜,确定联系意愿
好吧，找医生复查后再说吧,无
好吧，知道了，明天我去做检查,确定预约时间
好吧，知道了，明天我去做检查,确定预约时间
好的??那咱们医院在哪?直接挂号男科就行是吗,咨询地址
好的?谢谢?去的时候联系你,确定联系意愿
好的，当天可以出院，坐车吗？,无
好的，明天过去给你打电话,咨询电话
好的，你电话多少，天亮了十点我给你电话现在不方便，1774458****,咨询电话
好的，我记了，我和先生沟通下，，，，过段时间再联系，是您治疗，还是另有医生？,咨询专家
好的，我看看什么时候去,确定预约时间
好的，我去医院看看吧，谢谢大夫,确定预约时间
好的，我去医院看看吧，谢谢大夫,确定预约时间
好的，我要上班了，您也早点休息吧,确定联系意愿
好的，谢谢，我再考虑考虑，能加个QQ吗？需要做的话联系你,咨询QQ
好的，验血前有什么不能吃的么,咨询检查
好的，这个同济医院怎样？本地有一个,咨询公司介绍
好的。是男的给我检查吗？,无
好的。谢谢，决定了，再联系。,确定联系意愿
好的不好意思啦我太着急了。媳妇刚才怀疑我再外面有别的女人了,描述情绪
好的太晚了。谢谢，我回家再咨询您，开车,确定联系意愿
好的魏医生有空时就打给您,确定联系意愿
好的问了在去您那里看看能治吗,咨询项目介绍
好的谢谢您，有时间去挂个号,确定预约时间
好多年了，我加你,咨询微信
好几次了。?但不是经常有,描述频率
好几年前有过一次，这次是第二次,描述频率
好几天了,无
好几星期了吧，我一直不在意,描述症状
好了谢谢了，那我的上医院看看去,确定预约时间
好难受呀,描述症状
好我过几天去,确定预约时间
好我记你电话去了给你联系,咨询电话
好像是什么第一传染病医院,咨询公司介绍
好像说敏感神经多,描述症状
好谢谢你！医生，他说这两天忙过去看,确定预约时间
好治吗？多久可以恢复？,咨询治愈时长
好治吗大夫，你们十月一放假吗？,咨询上班时间
好治愈吗,咨询疗效
好治愈嘛,咨询疗效
好治愈嘛,咨询项目介绍
号码,咨询电话
呵呵,无
喝豆浆没有副作用吧,咨询后果
喝酒，不过不怎么喝,咨询食疗
喝酒比熬夜房事都比较平凡,描述频率
喝泡酒关用吗,咨询食疗
喝水多了就会一会儿小便一次,描述频率
喝完酒最多坚持3分钟,咨询食疗
何会远?帮问下??如果不回复我??给我份检查结果?我去别的医院,无
和您进行对话..?北京阴经增长增粗手术,咨询项目介绍
和女朋友肛交过一次，就一次，也是唯一的一次,描述频率
河北衡水协和医院,无
很多医院也光忽悠人,咨询公司介绍
很想治疗,无
后悔了后悔了。,描述情绪
后来发展出现这样的,描述症状
后来慢慢这样的,无
后来形成的,描述症状
后来一查都是私人的,咨询公立私立
怀孕了会导致胎停吗？,咨询后果
换电话了,无
换药还是去做手术的地方吗,无
换药是每天一换,无
黄大夫发名片,咨询专家
黄精可以泡茶喝吗它治疗什么,无
恢复差不多了,描述症状
恢复的几率大吗,无
恢复期不同吗？分这么多,咨询治愈时长
恢复期和术后恢复有什么问题吗,无
恢复期这么快的吗,咨询治愈时长
恢复时间能上班么,咨询治愈时长
恢复时间要住院么？,无
会不会伤害到了,咨询后果
会不会是第一次太紧张,咨询病因
会不会是手术有缺陷,咨询病因
会出血吧,咨询后果
会传染给媳妇，那媳妇能治好吗,咨询疗效
会传染吗,咨询传染
会反弹吗我看网上说治疗好了一段时间又反弹了比之前还重了,咨询疗效
会死人吗？,咨询后果
会有什么问题呢,咨询后果
婚前体检多少钱,咨询检查
或食物,咨询食疗
或者打电话，感觉这个平台不安全,咨询电话
霍营地铁站,无
肌肉拉伤不用药??不养着就不会容易好吗,咨询治疗方式
基本隔天就有,无
基本每一天都在11点以后12点吧,无
几分钟吧,描述症状
几天就正常了,咨询治愈时长
几天可以恢复,咨询治愈时长
几天能恢复?我得跟我爸说下?然后学习方面更要调整下,咨询治愈时长
几天有发现,描述症状
济南九龙泌尿医院！河北保定曲阳县协和医院,无
济南万厚中医医院好吗,无
加Q,咨询QQ
加吧,咨询微信
加了吗！怎么没有,咨询微信
加了吗？,确定联系意愿
加你,咨询微信
加你了???同意一下,无
加你亲亲吧,咨询微信
加你微信干啥，拉我去你医院看病啊,确定联系意愿
加上检查费,咨询检查
加我qq吧,咨询QQ
加我QQ吧,确定联系意愿
加我QQ吧951547942,咨询QQ
加我扣扣吧,咨询QQ
加我扣扣吧,咨询QQ
加我微信吧,确定联系意愿
加下QQ咨询下，我还有些其他症状,咨询QQ
加一下,咨询微信
加载太慢，微信发不出去。,确定联系意愿
家里除了罗红霉素?没有别的药物。,咨询药物
假体植入不是按按钮就可以勃起么？,咨询项目介绍
价格和疗程,咨询价格
检测多少钱啊,咨询价格
检测费用大概多少？,咨询价格
检测费用多钱,咨询检查
检查不该收费,无
检查打概得多少钱,咨询价格
检查大概多少费用,咨询价格
检查大概多少费用,咨询价格
检查大概多少钱,咨询价格
检查得多少钱？,咨询检查
检查的多少钱,咨询价格
检查的费用大概多少？,咨询检查
检查的费用一般是多少啊,咨询检查
检查都是需要做哪些项目 ?费用是多少,咨询检查
检查多少钱,咨询检查
检查多少钱。排队吗,咨询检查
检查多少钱啊？,咨询检查
检查费多少钱,咨询价格
检查费多少钱,咨询价格
检查费多少钱呢,咨询价格
检查费及手术费多少,咨询价格
检查费能报吧！,无
检查费排除费大概多少钱??？?多吗？??挺紧张的???不是本地的,咨询检查
检查费全面查一次多少费用,咨询价格
检查费用,咨询检查
检查费用??在多少钱,咨询检查
检查费用??在多少钱,咨询价格
检查费用，检查时间以及结果出来时间能解答一下吗,咨询价格
检查费用不贵吧,咨询价格
检查费用大概多少呢,咨询检查
检查费用多少,咨询价格
检查费用多少,咨询价格
检查费用多少,咨询价格
检查费用多少呢,咨询检查
检查费用多少钱呀。后续治疗多少钱啊，谢谢,咨询价格
检查费用呢,咨询检查
检查费用你，需要多少。检查个病情，一般这边，下来保守需要花费多少。我需要合计合计,咨询价格
检查费用三百多，？,咨询价格
检查费用是多少,咨询检查
检查费用是多少那？,咨询价格
检查费用是多少呢,咨询检查
检查费用需要多少,咨询价格
检查费用一般在多少,咨询检查
检查费用一般在多少,咨询价格
检查挂号费,咨询挂号
检查贵吗？毕竟我也是普通打工的,咨询检查
检查过，手术已做完，想问效果如何，有无后遗症,咨询后果
检查和后期的费用呢？,咨询检查
检查和后期的费用呢？,咨询价格
检查加治疗，大概多长时间，多少钱,咨询价格
检查检查，大概多少钱,咨询检查
检查结果还在用不用我给你发上来看看麻烦专家一下,无
检查了！是啊,描述就诊史
检查了，为了不让爸妈担心,描述就诊史
检查了一下让做呢,描述就诊史
检查能不能生孩子多少钱,咨询检查
检查前两天我们同房了,描述就诊史
检查全部费用,咨询价格
检查全部费用,咨询价格
检查什么，多少钱,咨询检查
检查项目和费用方便发一下码,咨询价格
检查需要多少钱,咨询价格
检查需要多少钱,咨询价格
检查需要多少钱，都查什么？,咨询价格
检查需要多少时间，大概费用多少,咨询检查
检查要多少钱,咨询检查
检查要花多少钱,咨询检查
检查一次大概多少钱,咨询检查
检查一次多少钱,咨询检查
检查一次费用多少,咨询价格
检查一次费用多少,咨询价格
检查一次需要多少钱,咨询检查
检查一回需要多少钱,咨询价格
检查一下多少钱,咨询价格
检查一下多少钱呢,咨询检查
检查一下需要多少钱,咨询价格
检查一下需要多少钱,咨询价格
检查阴茎多少钱,咨询检查
检查约多少费用,咨询检查
检查早泄多少钱,咨询检查
检查这个多少钱,咨询价格
建国?我微信加的?女孩子挺关心人的?就是主任太坑了,无
建议我疏通，输液,描述就诊史
角门这边,无
脚跟那边有静脉曲张，不能手术,描述症状
觉得没啥大事?先看看,无
节日快乐休息吗，是医保医院吗,无
结婚一年半，没有怀孕,无
今年二十三岁，有一年了,描述症状
今年二十三岁，有一年了,描述症状
今天才发现的，,描述症状
今天刺痒四次了,描述频率
今天第一次,无
今天第一次,描述症状
今天刚刚发现,描述症状
今天给我打的电话，,无
今天和我女朋友，啪啪啪射里面了，过了一会他去上厕所，还有可能怀孕吗？,咨询生理现象
今天换一次?,确定预约时间
今天开始撒尿20来次了,描述频率
今天起来还没小便,描述症状
今天是第2天,描述症状
今天随便一个检查就是900多,描述就诊史
今天我去检查一下,确定预约时间
今天约号能看上吗,确定预约时间
近几次好多了,无
禁欲多久可以慢慢回复,无
京城皮肤病医院,无
京门医院？京门医院,无
经常射有什么好处,无
经常手瘾会导致什么病,无
精液可以食用吗？,无
精液液化120分钟是不是正常,描述症状
精液液化120分钟是不是正常,无
精液遇水会怎样,无
精子活力达标,描述症状
精子可以吃吗,无
竞价否词???麻烦转达q???3049868536,无
静脉曲张能治好吗????怎么治,咨询治疗方式
静脉曲张能治好吗？需要多少钱,咨询价格
九点多的时候开始的??到现在了,无
九月的事，前几天查的,描述就诊史
久能治好,咨询疗效
久坐倒是有,无
久坐也是偶尔,无
久坐有?憋尿还好吧?其他没有,无
酒精过敏，不喝酒,描述症状
酒精过敏，不喝酒,咨询食疗
就不留联系方式了吧，我知道您姓宋了，有什么需要我去医院去看看沟通,确定预约时间
就地铁了,无
就今天头一回,无
就看说打小针好的快,咨询治疗方式
就怕做完了几天不能做工,咨询治愈时长
就是。聊聊天,无
就是插管治疗不影响吗？,咨询项目介绍
就是插管治疗不影响吗？,咨询项目介绍
就是会有一些白色透明的液体流出来。这个有影响嘛,咨询后果
就是检查的费用大概多少,咨询检查
就是截肢之前就不硬了，现在截肢有半年多了,描述就诊史
就是静脉血管收缩的微创手术,咨询项目介绍
就是那个有残疾的医生,咨询专家
就是男性生殖器官这一块，有没有女医生就诊,无
就是男性生殖器官这一块，有没有女医生就诊,咨询专家
就是你们北京有点太远,无
就是皮肤性病专科,无
就是三甲医院,无
就是身体的原因了,描述症状
就是说先上医院检查，后才能治疗,咨询检查
就是他已经吃了很多种药物，都是国产的，有没有进口的药物,咨询药物
就是我白天在上班晚上行不行,无
就是我家附近一个医院,咨询公司介绍
就是系带的位置?还有一点,描述症状
就是相当于三甲被,咨询公立私立
就是以前手淫过渡上隐了,无
就是在北京附近,无
就是这三个检查费用在300元左右忙吗,咨询价格
就是治好了的话,无
就是做个手术,咨询项目介绍
就是做梦梦见自己跟老婆做爱完事就射了有害吗？因为我老婆不长在家一个月回来一次,咨询后果
就想先吃药试一下,咨询药物
就又怕有危害,咨询后果
就在这聊吧，我用QQ,确定联系意愿
就在这聊吧医生,确定联系意愿
就这里聊吧,确定联系意愿
就这两天,描述症状
就这两天，我手机修好后就可以去查,确定预约时间
就这两天才发现,描述症状
就这样聊吧,确定联系意愿
就这一次,无
具体情况到了医院检查一下再说吧,无
具体去医院咨询一下,确定预约时间
捐精是怎样捐的,无
开车方便吗？,无
开车呢！一会儿聊,确定联系意愿
开刀？,咨询项目介绍
开刀？,咨询项目介绍
