sentence,sentence2,label
我有手淫习惯，,我以前有手淫的习惯,1
大便有血怎么回事啊,大便有血是怎么回事,1
月经量少是怎么回事啊,月经量少是怎么回事,1
在吗，您好,您好，在吗？,1
你好，请问怀孕几天能测出来,你好，请问一下，怀孕几天能测出来？,1
怎么治啊？,那怎么治啊,1
阴道炎用什么药？,阴道炎用什么药,1
包皮是长的,是的，包皮长,1
大概费用要多少,大概要多少钱的,1
需要住院治疗吗？,住院治疗吗,1
 冰点脱毛是吗？,冰点脱毛吗？,1
我先天没有子宫,先天没有子宫,1
月经是黑色怎么回事,月经黑色 怎么回事,1
有什么好的治疗方法呢,有什么好的治疗方法,1
吃什么药治疗阳痿早泄？,阳痿早泄吃什么药,1
去胎记大概要多少钱,去胎记大概多少钱,1
医院是私立医院吗,你们医院是私立的吗,1
有点早泄，尿频,早泄尿频有点,1
脱毛可以吗,脱毛可以吗,1
一般正常的性生活是多少分钟,性生活多少分钟正常,1
是公立还是私立医院,咱们这医院是公立的还是私立的,1
玻尿酸隆鼻能维持多久,玻尿酸注射 能维持多久,0
双眼皮   开眼角,双眼皮 开眼角,1
吃药什么的可以吗,吃药可以吗,1
激光能脱毛吗？永久的,激光脱毛是永久的？,0
可以洗纹身的吗,可以洗纹身吗？,1
那吃什么药呢？,那吃什么药呢,1
咱是三甲医院吗？,你们医院是三甲医院吗,1
你好，包皮手术多久可以恢复,包皮手术多久可以恢复,1
吃什么药能好呢,吃什么药能治疗,1
这个瘦脸针是什么牌子的,瘦脸针 是什么牌子的,1
激光祛斑之后，会反弹吗,激光祛斑之后，会反弹吗,1
我不知道是不是白斑,不知道是不是白癜风,1
请问你们医院是三甲医院吗,你们是三甲医院吗,1
不需住院吗？,要住院吗？,1
吃什么药治疗？,吃什么药啊？,1
药物能治疗吗,药物治疗吗,0
能祛疤吗？ ,可以祛疤吗,1
半永久纹眉的呢？,纹眉 半永久？,0
那有什么好办法,那有什么办法吗,1
请问腺肌症是怎么回事,腺肌症是怎么回事,1
瘦脸针打了有什么副作用,瘦脸针 有什么副作用,1
你们是私立医院还是公立？,你们医院是公立还是私立呀,1
药流可以做吗,可以药流吗,1
永久脱毛是吗,是永久脱毛吗？,1
医院是私立医院吗,咱们医院是私立医院吗,1
我想问一下瘦脸针 ,我想问一下瘦脸针,1
洗纹身大概多少钱,洗纹身 多少钱,1
包皮痛不痛,割包皮 痛不痛,1
血管瘤危险吗,血管瘤 危险吗,1
大便出血怎么回事？,大便出血怎么回事,1
永久脱毛有吗,永久脱毛是吗,0
一个月月经两次，什么原因,一个月来两次是什么原因呢？,1
子宫切除后还能不能过性生活,子宫切除还能过性生活吗,1
吃点啥药好,吃点药好吗,1
隆鼻假体材料是什么？,隆鼻 假体是什么材料,1
有人没？,有人吗,1
血管瘤有什么症状,血管瘤什么症状,1
先天性无子宫怎么治疗？,先天性无子宫 请问怎么治疗,1
请问冰点脱毛是永久的吗？,冰点脱毛 是永久的吗,1
请问激光祛斑会反弹吗？,激光祛斑会反弹吗,1
需要做什么检查吗,还需要做什么检查吗,1
那这个吃点什么药好呢,这个吃点什么药好,1
胎记会长大吗,胎记会长大吗,1
胎记会长大吗,胎记会长大的吗,1
来月经有血块正常吗,月经来血块多是正常的吗？,0
你好早泄能治好吗,早泄能治好吗,1
阳痿怎么解决,阳痿 怎么解决呢,1
怎么治好早泄啊,早泄怎么治啊？,1
吃药吗？,是吃药吗？,1
有些松弛，双眼皮贴经常贴,有些松弛，双眼皮贴经常贴,1
肝血管瘤是怎么形成的,血管瘤怎么形成的,1
洗纹身大概要多少钱,洗纹身大概多少钱,1
通常多少钱？,多少钱？,1
请问处女膜修复可以做吗,请问可以做处女膜修复吗？,1
宫颈糜烂可以治疗吗？,请问宫颈糜烂可以治疗吗,1
双子宫能怀孕吗？,双子宫能怀孕吗？,1
早泄吃什么药好呀,早泄 吃什么药好呢,1
可以用药物治疗吗？,用药物治疗吗,0
幼稚子宫可以治疗么,幼稚子宫 可以治疗吗,1
来月经量少怎么回事,月经量少怎么回事,1
什么药物治疗,用什么药物治疗,1
瘦脸针有什么副作用请问,瘦脸针有什么副作用？,1
子宫小影响怀孕么,子宫小影响怀孕吗,1
自体脂肪能维持多久？,自体脂肪能维持多久,1
这个会不会怀孕,会不会怀孕？,1
脱毛是永久的？,脱毛是永久的吗,1
是吃药治疗？还是？,是吃药治疗还是什么,1
月经不调是怎么回事诶,月经不调是怎么回事？,1
就是我的包皮有点长,就是包皮有点长,1
以前有手淫的习惯，,我以前有手淫的习惯,1
不是永久脱毛吗,脱毛 不是永久？,1
男人多久射才算正常,男人多久算正常,0
我以前经常熬夜,就是经常熬夜,1
请问可以药物流产吗,可以药物流产吗,1
白斑会传染吗？,白斑  会传染吗,1
没有影响？,有什么影响没有,1
你们可以洗纹身吗？,你们那可以洗纹身？,1
瘦脸针什么牌子的啊,瘦脸针 用什么牌子的啊,1
永久脱毛是永久的吗？,有永久脱毛？,0
请问幼稚子宫，能治疗吗,请问是幼稚子宫可以治疗吗？,1
请问洗纹身可以吗,洗纹身 可以洗吗,1
双子宫有什么影响吗,双子宫有什么影响吗？,1
你们用的是什么牌子的瘦脸针？,你们是什么牌子瘦脸针,1
需要住院做这个吗？,需要住院吗？,1
一般怀孕多久有反应呢,怀孕一般多久有反应,1
激光洗纹身会留疤吗,激光洗纹身 会不会留疤啊,1
好治疗吗w,好治疗吗,1
怀孕一般多久可以用试纸测出来啊,怀孕多久可以用试纸测出来,1
几个 月了,有几个月了,1
你医院是在哪里的,医院在哪里,1
怀孕了不想要怎么办,怀孕了 不想要怎么办,1
您好，怀孕多久会有反应呢,怀孕多久会有反应呢,1
也经常熬夜,就是经常熬夜,1
白带是褐色怎么回事,请问白带怎么褐色怎么回事,1
怎么收费的,怎么收费的,1
 永久脱毛吗？,脱毛 永久的吗？,1
洗纹身大概要多少钱,洗纹身要多少钱,1
怎么可以戒掉手淫,手淫怎么戒掉呢？,1
这个要怎么检查,要怎么检查？,1
平常经常贴双眼皮贴,我经常贴双眼皮贴,1
请问先天性无子宫还能治疗吗,先天性无子宫能治疗吗,1
可以永久脱毛吗,有永久脱毛吗？,0
自体脂肪丰胸有什么副作用吗,自体脂肪丰胸有没有什么副作用,1
幼稚子宫可以治疗么？,幼稚子宫 可以治疗吗,1
脱毛会不会痛,脱毛 会不会痛,1
这个要怎么治疗啊，,这个怎么治疗啊,1
我的白带发黄怎么回事,白带发黄怎么回事,1
我也早泄好治吗,早泄好治吗？,1
您好在吗？？,您好，在吗？,1
有便血怎么回事,便血怎么回事,1
肠镜痛苦不？,肠镜 痛苦吗,1
我的外阴特别痒,外阴特别痒，,1
怀孕多久有反应？,怀孕多久有反应,1
怎样才是包皮过长,怎样才算包皮过长,1
血管瘤一般要多少钱,血管瘤 一般要多少钱,1
请问你们的医院是公立还是私立啊,你们医院是公立还是私立呀,1
那，怎么办,那怎么办,1
国产瘦脸针和进口的区别是什么,瘦脸针 国产和进口的有什么区别啊？,1
打玻尿酸能保持多久？,注射玻尿酸能保持多久,1
吃点什么药好？,这个吃点什么药好,1
情况有几个月了,有几个月了,0
请问月经一个月两次正常吗,月经 一个月两次正常吗,1
月经推迟多久算正常,月经推迟多久算正常,1
先天性无子宫能怎么治疗,先天性无子宫有治疗吗,0
想咨询一下，早泄,我想咨询一下早泄,1
光子嫩肤有什么用,光子嫩肤有什么效果,1
一直贴双眼皮贴有点松弛了,经常贴双眼皮贴有点松弛了,1
激光去胎记多少钱,激光去胎记多少钱,1
这个怎么治疗啊,这个治疗怎么治疗啊？,1
我怀孕不想要怎么办？,不想要孩子怎么办,1
那怎么治呢,怎么治呢,1
如果怀孕了多久会有反应,怀孕多久会有反应呢,1
非经期出血是什么原因呢,非经期出血是怎么回事呢,1
手淫过多导致阳痿早泄怎么办,手淫过多导致早泄怎么办？,1
月经量少什么调理,月经量少 怎么调理,1
有没有副作用的,有没有副作用？,1
可以做处女膜修复手术吗？,请问可以做处女膜修复吗？,1
做双眼皮，恢复大概多久,做双眼皮 大概要多久恢复,1
外阴瘙痒用什么药,请问外阴瘙痒用什么药呢？,1
什么原因引起的？,什么原因引起的,1
一般需要多少钱,一般多少钱,1
多白带是怎么回事,白带多是怎么回事,1
手淫过多导致阳痿早泄怎么办,手淫过多导致早泄怎么办？,0
白斑能治好吗？,白斑 能治好吗,1
宫颈糜烂可以治疗吗,请问宫颈糜烂可以治疗吗,1
始基子宫 能治好吗,始基子宫能治好吗,1
怀孕多久可以测出,多久可以测出怀孕,1
同房多久能测出怀孕啊,请问同房多久可以测出怀孕,1
用什么药物可以治疗的,用什么药物治疗,1
效果怎么样,效果怎么样,1
可以药物治疗吗,药物可以治疗吗？,1
是怎么检查,怎么检查？,1
想问一下 B超和彩超区别是什么,彩超和B超有什么区别,1
检查泌尿科需要空腹吗？,妇科检查 需要空腹吗,0
一般正常的性生活是多少分钟,性生活多少分钟正常,1
你们是私立还是公立的,你这医院是公立还是私立的，,1
怀孕的初期症状是什么,怀孕初期的症状有什么呢,1
冰点脱毛是永久的吗？,你们冰点脱毛是永久脱毛吗,1
是的，吃什么药呢,那吃什么药呢,1
治疗血管瘤一般要多少钱,血管瘤治疗一般多少钱,1
埋线能保持多久？,埋线能保持多久,1
不知道是不是白癜风,不知道是不是白癜风,1
是永久性的脱毛吗,可以永久性脱毛吗,0
白斑就是白癜风吗？,白斑 就是白癜风吗,1
白带多发黄怎么回事,我的白带多发黄怎么回事,1
你们瘦脸针的牌子是什么的,你们瘦脸针是什么牌子的,1
什么药物治疗,用什么药物治疗,1
先天性无子宫还能治吗,先天性无子宫能治吗,1
玻尿酸隆鼻能维持多久,玻尿酸隆鼻是能维持多久,1
我的白带像豆腐渣怎么回事,白带像豆腐渣一样是怎么回事,1
是冰点脱毛还是激光呢？,冰点脱毛 是用激光还是？,0
怀孕的症状有哪些,怀孕都有哪些症状,1
私立还是公立？,您这医院是私立还是公立的,1
是永久脱毛吗,脱毛 是永久的吗,1
请问肚子左边疼是怎么回事,肚子左边疼是怎么回事,1
先天性无子宫，可以治疗吗,先天性无子宫能治疗吗,1
早泄可以治疗？,早泄可以治疗吗？,1
哦，国产的和进口的有什么区别,哦，国产的和进口的有什么区别,1
请问白癜风会传染吗,白癜风  会传染吗,1
洗纹身洗几次能干净,洗纹身 大约洗几次能洗干净,1
是永久性脱毛？,这个是永久性脱毛吗,1
怎样才算包皮过长？,怎样才算包皮过长,1
玻尿酸管多久,注射玻尿酸管多久,1
子宫多大正常呢,正常子宫多大？,1
国产的和进口的有什么区别呢,国产和进口有什么区别呢,1
盆腔炎有什么症状,盆腔炎有什么症状么,1
这个是怎么治疗？,这个治疗怎么治疗啊？,1
包皮过长影响发育吗,包皮过长还影响发育吗,1
这个需要怎么治疗啊？,这个治疗怎么治疗啊？,1
会有什么后遗症的吗,会有后遗症吗？,1
月经量少发黑什么原因,月经量少发黑  是什么原因,1
你们是公立还是私立医院,你这医院是公立还是私立的，,1
先天性无子宫，可以治疗吗,先天性无子宫可以治疗吗,1
怀孕多久有反应？,怀孕多久 会有反应,1
早泄可以治疗吗，,早泄可以治疗吗？,1
国产仪器和进口的有什么区别？,国产和进口有什么区别呢,0
请问你们的医院是公立还是私立啊,你们医院是公立还是私立的,1
双眼皮和开眼角的,双眼皮和开眼角,1
白癜风能治好吗？,白癜风能治好吗？,1
你是公立还是私立医院,你们医院是私立的还是公立的,1
白斑就是白癜风吗？,白斑就是白癜风吗？,1
做双眼皮，恢复大概多久,双眼皮手术 大概多久恢复,1
肾衰竭有什么好的治疗方法？,早泄有什么好的治疗方法,0
天生没有子宫可以治疗吗,天生无子宫可以治疗吗,1
吃药还是什么,是吃药治疗还是什么,1
请问男人做爱多久算正常,男人多久算正常,1
怀孕多久可以做b超,怀孕多久可以做b超查出来,1
怎么降低敏感度呢？,怎么降低敏感度,1
那该怎么办呢，？,那该怎么办呢？医生,1
是永久性的脱毛吗,你好，脱毛是永久性的吗,1
请问外阴瘙痒用什么药,你好，请问外阴瘙痒用什么药？,1
洗纹身会不会留疤,洗纹身 会留疤吗？,1
左边的睾丸疼怎么回事,左边睾丸疼怎么回事,1
能洗纹身吗？,可以洗纹身吗,1
麻疹会不会传染,白斑 会不会传染,0
白带有的发黄怎么回事,我的白带有点发黄是怎么回事,1
那早泄怎么办,早泄那怎么办,1
您好，请问切除子宫对性生活有影响吗？,你好，请问切除子宫对性生活会有影响吗？,1
白带像豆腐渣是怎么回事,白带像豆腐渣一样是怎么回事,1
 进口瘦脸针跟国产的有什么区别,瘦脸针 国产的和进口的有什么区别呢,1
是什么影响没有,有什么影响没有,1
包皮过长不做手术可以不,包皮可以不做手术吗？,0
冰点脱毛是永久的吗？,冰点脱毛能永久脱毛吗？,1
瘦脸针有什么副作用请问,瘦脸针 有什么副作用,1
这个严重吗,严重吗,1
费用大约多少钱,大约需要多少钱,1
你是正规医院吗,是正规医院吗,1
血管瘤危险吗？,血管瘤危险吗,1
幼稚子宫能治好 吗,请问幼稚子宫能治好吗,1
要住院的吗,要住院吗？,1
阳痿早泄吃什么,早泄 阳痿吃什么药,1
可以洗纹身吗，,可以洗纹身的吗,1
我想咨询"血管瘤多少钱",我想咨询"坐血管瘤多少钱",1
 用激光祛痣会不会留疤,激光祛痣会留疤吗？,1
怀孕多久会有反应？,怀孕多久有反应啊,1
就是包皮过长不做手术可以吗,包皮不做手术可以吗,0
那有什么办法解决吗？,那有什么办法吗,1
费用大概多少钱,要多少钱大概,1
吃药还是手术。,手术还是吃药,1
有副作用吗 ,有什么副作用吗,1
白带是褐色是怎么回事啊,褐色白带怎么回事啊,1
洗纹身可以洗干净么,纹身可以洗干净吗,1
怎么调理月经不调呢,月经不调 怎么调理,1
那大概要多少钱,要多少钱大概,1
多长时间能好啊,多长时间能好,1
白癜风能治好吗,白癜风能治好吗？,1
什么是割包皮,割包皮是什么,1
不是永久脱毛？,脱毛  不是永久的吗,1
切除了子宫还能性生活吗？,切除子宫还能过性生活吗？,1
是永久脱毛的吗,脱毛 有永久的吗？,1
你好早泄怎么治疗,你好早泄怎么治疗呢,1
就是尿道有点痒,尿道就是痒,1
激光祛斑会不会反弹,激光祛斑 会反弹吗,1
双角子宫能手术吗,双角子宫可以手术吗,1
月经不调怎么调理？,月经不调 怎么调理呢,1
怎么回事,是怎么回事,1
点痣会留疤不,点痣会不会留疤？,1
跟手淫有关系吗,那这个跟手淫有关系吗,1
皮肤松弛有一点吧 经常贴双眼皮贴,经常贴双眼皮贴有点松弛了,1
月经量少是怎么回事呢，,月经量少怎么回事？,1
宫外孕什么症状啊,宫外孕有什么症状,1
用什么药物能好呢？,用什么药物呢,1
怎样治疗,需要怎样治疗？,1
男人做爱多久算正常,男人多久算正常,1
请问外阴瘙痒用什么药,你好，我的外阴瘙痒用什么药,1
水光针299是什么,水光针是什么,0
咱们是公立还是私立医院,咱们这医院是公立的还是私立的,1
大慨要多少钱,多少钱,1
用试纸能测出来吗,用试纸能测出来吗现在？,1
是什么原因引起的,什么原因引起的,1
大便出血是怎么回事,大便出血，怎么回事,1
祛斑一般要几次,脱毛 一般要几次,0
可以保密吗,能保密吗,1
注射瘦脸针有什么副作用吗？,瘦脸针 有什么副作用吗？,1
费用大概多少钱,大概多少钱,1
黄褐斑要怎么治疗,黄褐斑怎么治疗,1
前列腺什么症状呢,前列腺什么症状,1
你们是大医院吗,你们是大医院吗,1
白带发黄，多，异味,白带有点发黄，还多有异味,1
冰点脱毛是永久吗？,是冰点永久脱毛吗,1
你们瘦脸针是什么牌子的,你们瘦脸针是什么牌子的,1
可以点痣吗,现在可以点痣吗,1
月经发黑怎么回事,月经发黑 是怎么回事,1
这个治疗是怎么治疗的啊,这个治疗怎么治疗啊？,1
你好始基子宫能治疗怀孕吗？,你好，始基子宫能治疗吗,0
子宫纵膈能怀孕吗？,纵膈子宫能怀孕吗,1
医生双角子宫能怀孕吗,双角子宫能怀孕吗,1
可以治疗的吗,可以治疗吗,1
脱毛可以永久脱毛吗？,可以永久脱毛吗,1
你好始基子宫可以治疗吗,你好，始基子宫能治疗吗,1
血管瘤应该挂什么科,血管瘤应该挂什么科,1
可以勃起硬度不够,勃起硬度不够,1
时间短怎么治疗呢,时间短怎么治疗,1
祛斑会不会反弹呢,祛斑 会不会反弹,1
那吃什么药可以呢,那吃什么药呢,1
这个怎么治疗？,这个治疗怎么治疗啊？,1
是公立还是私立，,请问公立还是私立？,1
这个应该怎么治疗呢,应该怎么治疗呢？,1
私立医院是吗,你们医院是私立的吗,1
一般洗纹身要多少钱,洗纹身 一般多少钱,1
那国产和进口的有什么区别,哦，国产的和进口的有什么区别,1
来月经有血块正常吗？,月经有血块，正常吗？,1
国产瘦脸针和进口的区别是什么,瘦脸针 进口的和国产的有什么区别呢,1
手淫多以前,手淫  以前多,1
胎记可以去除吗？,胎记 胎记可以去除吗,1
吸脂手术有危险吗,你好 吸脂手术危险吗,1
多少钱一颗,多少钱一颗,1
前列腺都什么症状,前列腺什么症状,1
怀孕了，不想要怎么办？,怀孕了 不想要怎么办,1
要吃什么药呢,吃什么药呢,1
玻尿酸可以保持多久,玻尿酸 能保持多久,1
白癜风能根治吗？,白癜风 能根治吗？,1
月经不调是怎么回事？,月经不调 怎么回事呢,1
是包皮长的,是的 包皮长,1
980双眼皮是埋线还是割的,双眼皮 你是割还是埋线,0
现在怎么降低敏感度,怎么降低敏感度,1
药物可以治疗吗,药物可以治疗吗？,1
要住院吗？,要住院吗？,1
我感觉是肾虚,我感觉我肾虚,1
可以修复处女膜吗,请问可以做处女膜修复吗？,1
瘦脸针可以维持多久？,瘦脸针可以维持多久,1
做祛斑可以吗,祛斑可以吗？,1
吃药治疗呢 还是,是吃药治疗还是什么,1
白带发黄是什么原因呢,白带发黄的原因是什么,1
是冰点脱毛吗 ,这个是冰点脱毛吗,1
吃啥药,吃啥药呢,1
子宫切除以后还能过性生活吗？,切除子宫还能过性生活吗？,1
外阴瘙痒用什么药治疗,你好，我的外阴瘙痒用什么药,1
你们是正规医院吗,是正规医院吗,1
外阴痒用什么药,外阴痒用什么药,1
血管瘤什么样子,血管瘤是什么样子的？,1
可以祛斑吗？ ,祛斑可以吗？,1
那怎么解决呢,怎么解决,1
这个怎么能治疗啊,这个怎么治疗啊,1
外阴瘙痒是怎么回事,外阴瘙痒怎么回事,1
一般洗纹身要多少钱,洗纹身要多少钱,1
要住院的吗？,要住院吗,1
你好，龟头上有小红点是怎么回事？,龟头上有小红点是怎么回事？,1
月经不调是什么原因？,月经不调 是什么原因呢,1
怎样才算包皮过长？,怎样才算包皮过长,1
龟头上有小红点，怎么回事,龟头上有小红点怎么回事,1
我想问一下瘦脸针298吗,我想问一下瘦脸针,0
可以永久脱毛吗,脱毛，可以永久？,1
你好    早泄怎么治疗,你好早泄怎么治疗呢,1
你们可以洗纹身吗,你们可以洗纹身吗,1
双角子宫能治疗吗？,双角子宫可以治疗吗,1
正常子宫多大,正常子宫多大,1
这个治疗是怎么治疗的啊,这个怎么治疗啊,1
注射瘦脸针有什么副作用吗？,瘦脸针 有什么副作用,1
阴道炎怎么引起的呢,阴道炎 怎么引起的,1
看胎记是挂什么科,看胎记在医院挂什么科,1
那宫颈糜烂怎么治疗呢,宫颈糜烂 怎么治疗,1
你好 还在吗,你好在吗？,1
正常多少分钟,多少分钟正常,1
 永久脱毛吗？,脱毛 能永久吗？,1
怎么治啊,那怎么治啊,1
那怎么可以治疗呢,那怎么治疗呢,1
正常的子宫是多大,正常子宫有多大,1
吃药可以吗，,吃药可以吗,1
乳头内陷怎么办,内陷乳头 怎么办,1
阴道炎用什么药？,阴道炎 用什么药治疗？,1
这个是三甲医院吗,你们是三甲医院吗,1
外阴瘙痒，用什么药？,外阴瘙痒，用什么药,1
割了有什么好处吗,割了有怎么好处,1
验孕棒一深一浅是怎么回事,验孕棒一深一浅是什么情况,1
瘦脸针有副作用吗？ ,瘦脸针 有什么副作用吗？,1
洗纹身多少钱嘞,洗纹身 一般多少钱,1
请问白癜风会传染吗,白癜风 会传染吗,1
阳痿早泄应该吃什么药呢,早泄应该吃什么药,0
请问可以药流吗,可以药流吗,1
药吃什么呢,那吃什么药呢,1
那该怎么办呢？,那该怎么办,1
需要住院吗？,治疗需要住院吗,1
双子宫是什么意思？,双子宫是什么意思,1
洗纹身需要多少钱,洗纹身 多少钱,1
月经黑色的是怎么回事,月经有黑色是怎么回事,1
龟头上出现小红点是怎么回事？,龟头上有小红点，是怎么回事？,1
血管瘤能治愈吗,血管瘤能治愈吗？,1
血管瘤有危险吗,血管瘤危险吗,1
瘦脸针有副作用吗？ ,瘦脸针 有什么副作用,1
祛痘印可以吗,请问可以祛痘印吗,1
纹身能洗干净吗？,纹身可以洗干净吗？,1
请问一下幼稚子宫可以治疗吗？,请问是幼稚子宫可以治疗吗？,1
大便出血是怎么回事？,大便出血怎么回事？,1
是永久性的脱毛吗,这个是永久性脱毛吗,1
两个子宫能怀孕吗,两个子宫可以怀孕吗,1
纹身能洗干净吗,纹身能洗干净吗,1
进口的和国产的区别？,进口的和国产的有什么区别,1
请问白癜风会传染吗,白癜风 请问会传染吗,1
请问怀孕多久可以做人流,怀孕多久可以做人流？,1
白斑会传染吗，,白癜风 会传染吗,0
是的，是无痛人流吗？,人流都是无痛的吗？,0
幼稚子宫能治好 吗,你好，幼稚子宫能治好吗,1
石女是什么意思啊？,石女是什么意思？,1
是包皮长的,是的 包皮长,1
可以祛斑吗？ ,可以祛斑吗？,1
验孕棒一深一浅怎么回事？,我用的验孕棒一深一浅是怎么回事,1
那宫颈糜烂怎么治疗呢,宫颈糜烂怎么治疗,1
早泄能治好的吗,早泄  能治好吗,1
吃什么药了,吃什么药啊？,1
怎么治疗这个,这个治疗怎么治疗啊？,1
脸上黑点,脸上有黑点,1
冰点脱毛永久吗？,你们冰点脱毛是永久脱毛吗,1
怎样治疗？,怎样治疗啊？,1
什么是物理治疗,物理治疗是什么？,1
包皮痒是咋回事呢,阴囊痒是咋回事？,0
请问你们是公立还是私立,请问公立还是私立？,1
阴囊潮湿是什么原因引起的,阴囊潮湿是什么原因,1
先天性无子宫，能治疗吗,请问先天性无子宫能治疗吗？,1
用什么治疗药,用什么药可以治疗,1
玻尿酸保持多久,注射玻尿酸能保持多久,1
始基子宫能治好嘛,始基子宫能治好吗？,1
龟头上出现小红点是怎么回事？,龟头上有小红点是怎么回事？,1
我便血是怎么回事,便血 是怎么回事,1
严重吗？这个病,这个病严重吗？,1
激光会有副作用吗,激光 有副作用吗,1
同房多久能测出怀孕,请问同房多久可以测出怀孕,1
幼稚子宫可以治吗？,幼稚子宫可以治吗,1
脱毛可以是永久性？,脱毛 是永久性的吗,1
会遗传吗？,有遗传吗？,1
请问早泄吃什么药，？,早泄吃什么药,1
你好 是三甲医院吗,是三甲医院吗,1
咱是公立还是私立的,你们是公立还是私立,1
你好，子宫切除对性生活有影响吗,子宫切除对性生活有影响吗？,1
打美白针有副作用吗,脱毛 有副作用吗,0
您好 白带发黄是什么原因,白带发黄 是什么原因呢,1
肠镜痛苦吗,肠镜 痛苦吗,1
小腹胀痛是怎么回事,小腹胀痛是怎么回事呀,1
埋线的能保持多久,埋线能保持多久,1
无子宫能治吗？,无子宫能治吗,1
彩超和B超有区别吗,彩超和B超有什么区别,1
时间短怎么治疗呢,时间短怎么治疗,1
一般要多少钱,一般多少钱,1
怀孕多久有反应啊,怀孕多久有反应啊,1
胎记可以 去除吗,胎记 可以去除吗,1
没有子宫对性生活有影响吗,无子宫 对性生活有影响吗？,1
那早泄怎么办。,早泄 那怎么办,1
要多久才能恢复,多久才能恢复,1
物理治疗是什么？,物理治疗是什么？,1
眼睛经常贴双眼皮贴有点松弛,经常贴双眼皮贴 松弛,1
一颗痣要多少钱一颗,痣 多少钱一颗？,1
去胎记大概多少钱,去胎记大概多少钱,1
那胎记会长大吗,胎记会长大吗,1
瘦脸针有什么副作用,瘦脸针 有什么副作用,1
你好？在吗,你好在吗,1
白癜风怎么治？,有白癜风怎么治,1
您好始基子宫能治疗吗,您好，请问始基子宫能治疗好吗？,0
怀孕多久可以做药物流产,怀孕多久可以做药物流产,1
大便有血怎么回事？,大便有血是怎么回事,1
是那怎么治啊,怎么治啊,1
吃什么药好，没有,吃什么药好呢？,1
黑色的月经是怎么回事,月经有黑色是怎么回事,1
我想咨询"儿童血管瘤怎么治最好",我想咨询"大人血管瘤怎么治最好",0
盆腔炎都有什么症状？,盆腔炎有什么症状,1
前列腺？有什么症状,前列腺有什么症状,1
脱毛有永久性的吗？,可以永久性脱毛吗,1
月经一个月两次是什么原因,我想问的是一个月来两次月经是什么原因呢,1
你好始基子宫能治疗怀孕吗？,始基子宫能治疗吗？,0
下巴短,下巴短,1
 激光祛斑会反弹吗？,激光祛斑 会反弹吗,1
子宫正常是多大的,正常的子宫是多大？,1
如何治疗,如何治疗。,1
怎么收费的？,怎么收费，,1
龟头上有小红点是怎么回事呀,龟头上有小红点怎么回事,1
可以洗纹身吗，？请问,可以洗纹身吗？,1
冰晶脱毛是冰点脱毛吗,你们冰点脱毛是永久脱毛吗,0
始基子宫能治疗好吗？,您好，请问始基子宫能治疗好吗？,1
验孕棒一浅一深，是怀孕了吗,验孕棒一深一浅是怀孕吗？,1
验孕棒一深一浅，是怀孕么？,您好  验孕棒一深一浅是怀孕了吗？,1
治疗胎记大概多少钱,胎记 治疗大概需要多少钱？,1
生殖器上有白色东西,龟头上有白色的东西,0
那宫颈糜烂怎么治疗呢,宫颈糜烂 一般怎么治疗呢,1
这个会传染吗,会传染吗,1
月经一般来几天算正常？,月经来几天算正常呢,1
这个病好治疗吗,这个怎么治疗,0
会不会怀孕呢？,会不会怀孕啊？,1
299的瘦脸针是什么牌子的,瘦脸针是什么牌子的,0
脱毛是永久性的？,脱毛 是永久性的吗,1
那怎么办？,那怎么办,1
一般正常子宫多大？,正常子宫多大？,1
 会不会留疤,会留疤吗,1
瘦脸针有副作用吗？ ,瘦脸针有什么副作用？,1
饮食要注意什么吗,饮食注意什么呢,1
一般月经推迟几天算正常的,月经一般几天算正常,1
盆腔积液是什么,盆腔积液是什么？,1
处女膜破了会怀孕吗,处女膜 破了会怀孕吗,1
我外阴瘙痒用什么药,你好，我的外阴瘙痒用什么药,1
阳痿怎么治疗啊,阳痿  怎么治疗,1
子宫纵膈可以怀孕吗,纵膈子宫可以怀孕吗,1
用妇炎洁洗洗可以吗,用妇炎洁洗洗可以吗,1
瘦脸针我想问一下,我想问一下瘦脸针,1
一般月经推迟几天算正常的,月经 一般几天算正常,1
会有什么副作用吗,有什么副作用吗,1
男人多久射精才算正常,男人多久才正常,0
应该怎么资治疗,应该怎么治疗,1
我的月经发黑是怎么回事,月经 发黑怎么回事,1
怀孕试纸多久能测出来,早孕试纸 怀孕多久能测出来,1
有永久脱毛吗,有永久脱毛吗？,1
白带黄色有异味,白带有点黄色的异味,1
什么是子宫腺肌症,子宫腺肌症是什么,1
曾经有过手淫,以前有过手淫,1
怀孕都有什么症状,怀孕有什么症状,1
纹身能洗干净吗,纹身可以洗干净吗？,1
血管瘤是什么样,血管瘤什么样,1
可以洗纹身吗，？请问,可以洗纹身吗，？请问,1
你好， 我是幼稚子宫 能治好吗,你好，幼稚子宫能治好吗,1
请问是公立还是私立,咱们是公立还是私立,1
微创手术是什么,微创手术是什么呢？,1
白癜风怎么治,白斑怎么治,0
那有什么办法嘛？,那有什么办法吗,1
胎记多少钱,胎记 多少钱？,1
血管瘤是什么样,什么样是血管瘤,1
水光针多久打一次？,水光针多久打一次啊,1
子宫切除对性生活有什么影响？,子宫切除了对性生活有影响吗,1
什么时候容易怀孕,什么时候容易怀孕,1
包皮割了有什么好处,割了包皮 有什么好处啊？,1
是永久脱毛吗,可以永久脱毛吗,0
做来效果怎么样,效果怎么样,1
幼稚子宫是什么？,什么是幼稚子宫？,1
阳痿怎么治疗啊？,阳痿 怎么治疗？,1
月经发黑是怎么回事？,月经 发黑怎么回事,1
你好瘦脸针是什么牌子的？,瘦脸针什么牌子的,1
双角子宫可以做手术吗？,双角子宫可以做手术吗,1
贴双眼皮贴贴的都松弛了,经常贴双眼皮贴有点松弛了,1
永久脱毛是永久的吗？,脱毛是永久的吗,1
需要住院吗，,这个需要住院吗,1
白带是黄色的,白带是黄色的,1
一个月月经来两次是怎么回事,一个月来两次月经是怎么回事,1
能过性生活吗？,能过性生活吗,1
白癜风会遗传吗,白斑会有遗传吗,0
国产和进口瘦脸针有什么区别吗,瘦脸针 国产的和进口的有什么区别呢,1
请问男人做爱多久才是正常的,男人多久才正常,1
你们医院是是公立还是私立医院,你们医院是私立的还是公立的,1
怀孕了多久可以做流产,怀孕多久不可以做流产,0
祛疤可以吗,可以祛疤么,1
宫颈糜烂是怎么引起的啊,宫颈糜烂是怎么引起的？,1
可以用什么药物,用什么药物呢,1
那怎么办，,那怎么办呢,1
瘦脸针有什么副作用请问,瘦脸针 有什么副作用吗？,1
始基子宫可以治疗好吗,始基子宫可以治疗好吗,1
那需要怎么治疗呢？,那怎么治疗呢,1
用什么药物治疗呢,用什么药物呢,1
玻尿酸一次管多久,玻尿酸管多久,1
白带是豆腐渣状,白带有时候是豆腐渣状,1
您老吃点什么药好,这个吃点什么药好,1
进口的和国产的什么区别？,进口的和国产的有什么区别,1
瘦脸针有副作用吗,瘦脸针 有什么副作用吗？,1
脱毛  有永久性的吗,脱毛 是永久性的吗,1
吃药，还是什么,是吃药治疗还是什么,1
请问可以洗纹身吗？,请问你们可以洗纹身吗,1
无子宫无阴道能救治的吗，先天性的,请问先天性无阴道，无子宫，能治疗吗,1
填充玻尿酸可以管多久,注射玻尿酸 可以管多久,1
线雕可以维持多久,线雕能维持多久,1
怀孕多久可以药流,请问怀孕多久可以药流,1
祛痣多少钱,祛痣多少钱？,1
会有疤痕留下吗,会留下疤痕吗？,1
大约需要多少钱呢？,大约需要多少钱,1
月经不调是什么原因？,月经不调 是什么原因？,1
是永久脱毛的吗,脱毛 是永久吗？,1
月经发黑什么原因,月经发黑是什么原因,1
痔疮手术需要住院吗,痔疮手术 手术需要住院吗,1
治疗血管瘤一般要多少钱,血管瘤 一般要多少钱,1
能治疗吗？,能治疗吗,1
你好怀孕多久可以做人流,怀孕多久可以做人流？,1
那为啥有国产和进口的区别,国产和进口有什么区别呢,1
治疗血管瘤的费用大概多少钱,治血管瘤大概多少钱,1
月经不调怎么调理,月经不调应该怎么调理,1
结肠镜和肠镜有什么区别吗,结肠镜和肠镜有什么区别吗,1
水光针是多久打一次,水光针多久打一次啊,1
割包皮需要休息几天,包皮手术需要休息几天？,1
阴道炎用什么药好,阴道炎，用什么药好,1
早泄能治好？,早泄能治好吗,1
 注射玻尿酸能维持多久,玻尿酸注射 能维持多久,1
验孕棒一深一浅是什么意思啊,验孕棒一浅一深代表什么意思,1
男人一般射精多久算正常？,男人多久算正常,0
瘦脸针580是什么牌子的？,瘦脸针现在是什么牌子,0
洗纹身多少钱？,洗纹身要多少钱,1
冰点脱毛永久吗,冰点脱毛能永久脱毛吗？,1
你好，洗纹身可以不留疤吗,洗纹身不留疤吗？,1
请问怀孕多久可以做人流,怀孕多久可以做人流,1
始基子宫能治疗好吗,始基子宫可以治疗好吗,1
脱毛可以吗,可以脱毛？,1
 我是内双可以割双眼皮吗？,我是内双可以割双眼皮吗,1
怀孕多久可以流产,怀孕多久不可以做流产,0
月经推迟了什么原因,月经推迟 什么原因,1
tct是什么检查,tct检查是什么,1
这个病严重吗？,这个病严重吗？,1
这个要怎么治疗啊，,这个怎么治疗啊,1
大概多少钱,大概用多少钱,1
阳痿怎么治疗啊,阳痿怎么治疗,1
自体脂肪填充4800吗,自体脂肪填充 永久的吗,0
洗纹身多少钱？,洗纹身 多少钱,1
bv检测什么,bv检测是什么,1
请问纹眉和绣眉什么区别,纹眉和绣眉有啥区别,1
子宫切除了对性生活有影响吗,你好，请问切除子宫对性生活会有影响吗？,1
你好 请问早泄怎么治疗,你好请问怎么治疗早泄,1
白带发黄怎么回事？,白带发黄怎么回事？？,1
月经不调，怎么调理,怎么调理月经不调？,1
经常贴双眼皮贴眼皮松弛,经常贴双眼皮贴 松弛,1
怎莫戒掉手淫,手淫 怎么戒掉,1
这个用住院吗,用住院吗,1
胃疼怎么治,便秘怎么治,0
那要怎么治疗？,那要怎么治疗,1
都怎么检查啊,都怎么检查,1
治疗血管瘤大概要多少钱,血管瘤治疗要多少钱,1
我做爱时间短怎么办,做爱时间短怎么办？,1
BV是什么了,BV是什么呀,1
月经黑色怎么回事,月经黑色 怎么回事,1
 开眼角和双眼皮的,双眼皮和开眼角,1
还可以修复处女膜吗,处女膜 还能修复吗,1
月经不调是怎么回事呢,月经不调 怎么回事呢,1
有什么药物治疗,请问有什么药物治疗吗,1
进口的和国产的区别？,哦，国产的和进口的有什么区别,1
那怎么治呢,怎么治了呢,1
多少钱一颗痣？,一颗痣大概多少钱,1
石女可以治好吗？,石女可以治好吗,1
就是包皮感觉有点长,就是包皮有点长,1
那怎么办？,那怎么办啊？,1
请问，先天性无子宫可以治疗吗？,请问先天性无子宫能治疗吗？,1
要住院吗,要住院吗？,1
啊那怎么办,那怎么办啊？,1
那因该吃什么药啊,那吃什么药呢,1
可以勃起硬度不够,勃起硬度不够,1
怀孕了多久能有反应？,怀孕多久会有反应呢,1
先天性幼稚子宫能治好吗,先天性的幼稚子宫 能治好吗,1
线雕维持多久？,线雕能维持多久,1
B超需要空腹吗,做B超需要空腹吗,1
包皮过长不做手术可以不,包皮可以不做手术吗？,0
大便有血怎么回事啊？,大便有血怎么回事,1
这怎么治疗啊,这怎么治疗,1
请问洗纹身可以吗,纹身可以洗吗,1
你们医院是公立还是私立？,你这医院是公立还是私立的，,1
吃药可以吗,这个吃药可以吗,1
祛斑不会反弹吗,祛斑 会不会反弹？,1
你好 请问早泄怎么治疗,你好，早泄怎么治疗,1
是公立还是私立医院,你们医院是公立还是私立呀,1
是永久的脱毛吗,脱毛 永久的吗,1
你们激光脱毛可以脱发际线吗,你们激光脱毛可以脱发际线吗,1
去一颗痣要多少钱,去痣多少钱一颗,1
你们是公立医院吗？,你们医院是公立医院吗？,1
打一次玻尿酸能维持多久？,玻尿酸 打一次可以维持多久,1
不想要怎么办,现在不想要怎么办,1
怎么治疗这个,这个治疗怎么治疗啊？,1
子宫切除后还能不能过性生活,子宫切除后还可以过性生活吗？,1
是怎么检查的？,怎么检查的,1
白癜风会不会传染,白斑 会不会传染,0
外阴瘙痒用什么药呢？,你好，我的外阴瘙痒用什么药,1
那怎么办的,那怎么办,1
前列腺有什么症状。,前列腺有什么症状,1
你好，始基子宫能治好吗,请问始基子宫能治好吗,1
割了包皮，有什么好处,包皮割了的好处是啥,1
白斑能治好吗？,白斑 能治好吗？,1
幼稚子宫能怀孕吗,我是幼稚子宫，能怀孕吗,1
阴道炎用什么药好,阴道炎用什么药好,1
白癜风有什么影响,白癜风有什么影响,1
外阴瘙痒用什么药呢,请问外阴瘙痒用什么药呢？,1
你们的医院是私立还是公立,您这医院是私立还是公立的,1
宫颈糜烂一般怎么治疗？,宫颈糜烂 一般怎么治疗呢,1
洗纹身多少钱,洗纹身大概多少钱,1
治疗阳痿早泄吃什么药,阳痿 早泄  吃什么药,1
白癜风会传染吗？,白癜风会传染吗,1
瘦脸针 是什么牌子？,瘦脸针现在是什么牌子,1
子宫正常多大,正常子宫多大？,1
手淫好多年了。,手淫好多年了,1
 手术疤痕可以修复吗,手术疤痕能修复吗,1
双子宫什么意思,双子宫是什么意思,1
你好 早泄怎么治疗,你好，早泄怎么治疗,1
流产后多久可以怀孕,流产后多久可以怀孕,1
阴道里面痒,阴道  里面痒,1
有什么药物治疗吗,请问有什么药物治疗吗,1
胎记能治吗？,胎记 能治吗？,1
瘦脸针有副作用吗？ ,瘦脸针 会不会有副作用,1
血管瘤挂什么科？,血管瘤 挂什么科,1
吃啥药？,吃啥药呢,1
月经推迟什么原因？,请问月经推迟，什么原因,1
能不能治疗好,能不能治疗,1
做自体脂肪能维持多久,自体脂肪能维持多久,1
纹身洗了会有留疤吗,洗纹身会留疤吗,1
大概费用多少钱,大概多少钱,1
现在好治吗,好治吗,1
怎么降低龟头敏感度。,龟头敏感度怎么降低,1
 玻尿酸保持多久,玻尿酸注射 可以保持多久呢,1
月经来有血块正常吗,月经来血块多是正常的吗？,0
炎症吃点什么药好呢,这个吃点什么药好,0
你好请问在吗,你好在吗,1
洗纹身大概多少钱,洗纹身大概要多少钱,1
我是内双我适合做双眼皮吗,我是内双我适合做双眼皮吗,1
这个先天性无子宫可以治疗吗,先天性无子宫可以治疗吗,1
这个需要住院治疗吗？,那需要我住院治疗吗,1
大便出血是怎么回事,大便出血怎么回事,1
腺肌症怎么治疗好,腺肌症怎么治疗,1
怎么治疗啊😊,这个治疗怎么治疗啊？,1
大便出血是怎么回事呢,大便出血怎么回事呢,1
多少钱一次,一次多少钱,1
洗纹身要洗几次,洗纹身 要洗几次呢,1
外阴痛痒用什么药,外阴瘙痒，用什么药,1
我大便出血是怎么回事,大便出血 是怎么回事,1
你们医院是公立的还是私立的,你们医院是公立还是私立的,1
血管瘤危险吗？,血管瘤危险吗,1
这个怎么治疗啊,怎么治疗啊,1
我是包皮长,我的包皮长,1
你们是三甲医院还是？,你们是三甲医院吗,1
洗纹身大概多少钱,洗纹身多少钱,1
龟头上有小红点，怎么回事,龟头上有小红点，是怎么回事？,1
请问洗纹身可以吗,可以洗纹身吗,1
子宫正常多大,正常子宫多大,1
不想要孩子  怎么办,不想要孩子怎么办,1
你好。在不在,你好。在吗,1
双眼皮埋线能保持多久呢,双眼皮 埋线能保持多久呢,1
就是包皮有点长，,就是那包皮有点长,1
治疗血管瘤一般要多少钱,血管瘤 一般多少钱,1
你们瘦脸针的牌子是什么的,瘦脸针 你们有什么牌子的,1
白带发黄是什么原因？,白带发黄 是什么原因呢,1
什么是双子宫啊,什么是双子宫啊,1
是的，我有手淫的习惯,我以前有手淫的习惯,1
龟头上有小红点，怎么回事,龟头上有小红点是怎么回事,1
前列腺都什么症状,前列腺是什么症状,1
怎么修复处女膜,处女膜怎么修复,1
请问可以用医保卡吗,你们用医保卡吗,1
你好，外阴痒用什么药,外阴痒用什么药？,1
都好几年了,好几年了,1
怀孕了多久能测出来,多久能测出来怀孕呢,1
我的内双,我内双,1
BV 检测是什么,BV检测是什么,1
怎么治疗黄褐斑,黄褐斑怎么治疗,1
一个月来了两次月经正常吗,我一个月来了两次例假  正常吗,1
是永久脱毛？,是永久脱毛的吗,1
打玻尿酸能维持多久？,打玻尿酸 打一次可以维持多久？,1
什么叫石女,什么叫石女,1
怎么调理月经不调,月经不调 怎么调理呢,1
雀斑可以怎么治疗,雀斑怎么治疗,1
可以美白全身吗,可以全身美白的吗,1
用什么药物好呢,用什么药物呢,1
 玻尿酸可以维持多久,玻尿酸注射可以维持多久,1
瘦脸针有副作用吗,瘦脸针 副作用是什么,1
男人一般射精多久算正常？,男人多久算正常,0
 国产和进口的有区别吗,哦，国产的和进口的有什么区别,1
你们医院是公立还是私立？,你们是公立还是私立医院,1
是激光祛斑吗，会不会反弹,激光祛斑 会不会反弹,1
早泄可以治疗吗，,早泄可以治疗吗,1
你们是正规的医院吗,你们是正规医院吗,1
一个月来两次月经是怎么回事,一个月来两次月经是为什么？,1
你们是看男科的吗,你们是男科吗,1
需要多长时间？,需要多长时间,1
祛斑后会不会复发,祛斑了会不会复发,1
多少钱,多少钱,1
是激光脱毛还是冰点的,脱毛 是激光还是冰点啊,1
一般洗纹身多少钱,纹身 洗多少钱,1
会留下疤痕？,会留下疤痕吗？,1
胃疼怎么治,便血  怎么治,0
请问石女来月经吗,石女来月经吗,1
小腹胀痛怎么回事,小腹胀痛是怎么回事呀,1
包皮是长的,包皮是长,1
便血是怎么回事,便血怎么回事,1
打玻尿酸能维持多久呢,打玻尿酸 打一次能维持多久,1
怎样治疗？,那怎样可以治疗？,1
是什么原因,什么原因呢请问什么原因,1
你们是私立？还是公立,你们是公立还是私立,1
那割包皮痛不痛,割包皮痛不痛,1
白带是褐色是怎么回事,褐色白带怎么回事,1
会不会是怀孕？,会不会怀孕啊？,0
先天性无子宫可以治疗好吗？,先天性无子宫可以治疗吗？,0
男人做爱多久算正常,男人多久算正常,1
白斑会传染吗？,白斑 会传染吗,1
应该怎么治疗？,应该怎么治疗呢？,1
早泄治疗吗,早泄可以治疗吗,1
tct 是什么,tct是什么意思,1
怎么调理月经不调,月经不调 怎么调理,1
一般性生活多少分钟正常啊,性生活多少分钟正常,1
只想咨询一下,想咨询一下,1
国产进口的区别是什么呢,国产和进口有什么区别呢,1
玻尿酸能保持多久呢？,玻尿酸注射 可以保持多久呢,1
需要吃点什么药呢,我需要吃点什么药,1
白带是褐色怎么回事,褐色白带怎么回事啊,1
纹身可以洗吗,洗纹身 可以洗吗,1
你好 在吗，,你好在吗,1
我月经量少请问怎么回事,月经量少怎么回事,1
怎么检查呢,怎么检查,1
可以做双眼皮埋线吗？,双眼皮 可以做埋线吗？,1
拉血怎么回事,拉血怎么回事啊？,1
什么是腺肌症,什么是腺肌症,1
你们980的瘦脸针是什么牌子的？,瘦脸针 是什么牌子的,0
纹身能洗干净？,纹身可以洗干净吗？,1
盆腔炎都有什么症状,盆腔炎有什么症状么,1
月经一个月来两次是正常吗？,一个月来了两次月经正常吗？,1
脱毛可以吗,可以脱毛吗,1
应该吃什么药比较好,吃什么药比较好,1
同房多久会测出怀孕,同房多久能测出怀孕？,1
那有什么好的办法？,那有什么办法吗,1
盆腔炎的症状是什么,盆腔炎有什么症状么,1
外阴痒是怎么回事呢？,外阴痒是怎么回事啊,1
要注意什么饮食,饮食注意什么呢,1
双子宫是什么意思啊,双子宫是什么意思,1
物理治疗是什么,物理治疗是什么？,1
白癜风是什么症状呢,白癜风什么症状,1
那怎么办😱,那怎么办,1
怀孕试纸多久能测出来,早孕试纸 多久能测出来,1
什么原因引起的？,什么原因引起的。,1
月经发黑是怎么回事？,月经发黑是怎么回事,1
男人做爱多久算正常,男人做爱多久是正常？,1
月经推迟什么原因,月经推迟 什么原因,1
月经发黑怎么回事啊,月经发黑是怎么回事,1
单角子宫能正常怀孕吗,你好，单角子宫能正常怀孕吗,1
可以洗纹身么,纹身可以洗吗,1
始基子宫能治好吗？,始基子宫能治好吗？,1
要是一个月来两次月经正常吗,一个月来了两次月经正常吗？,1
BV检查是什么？,BV检查是什么？,1
验孕棒一浅一深什么意思？,验孕棒一浅一深代表什么意思,1
始基子宫可以治疗好不,始基子宫能治疗好吗？,1
线雕维持多久？,线雕 可以维持多久？,1
怎莫戒掉手淫,手淫怎么戒掉,1
这个是怎么治疗？,这个治疗怎么治疗啊？,1
 什么牌子的瘦脸针,瘦脸针 什么牌子的针,1
包皮痛不痛,割包皮痛不痛,1
血管瘤什么样子的,血管瘤是什么样子的,1
阴茎可以做延长吗,阴茎延长可以吗？,1
 你们洗纹身吗？,请问你们可以洗纹身吗,1
怎么治愈,那怎么治愈呢,1
肾虚吃什么药比较好,早泄吃什么药比较好,0
这个怎么治疗呢,怎么治疗呢,1
激光洗纹身要几次,激光洗纹身 要洗几次，,1
用什么药物好呢,用什么药物呢,1
你们的瘦脸针什么牌子的,你们是什么牌子瘦脸针,1
月经不调是怎么回事诶,月经不调 是怎么回事呢？,1
是中药调理还是西药治疗？,药物治疗是中药还是西药,1
怀孕后多久可以做人流,怀孕了多久可以做人流,1
始基子宫能治好么,始基子宫能治好吗,1
月经发黑是怎么回事呀,月经发黑 是怎么回事,1
非经期出血是怎么回事,非经期出血 想问问怎么回事,1
进口和国产瘦脸针有什么区别,进口瘦脸针和国产瘦脸针有什么区别,1
有点黄,有点黄,1
好几年了。,好几年了,1
早泄怎么治疗吃什么药？,早泄 吃什么药怎么治疗,1
 永久脱毛吗？,脱毛 有永久的吗？,1
那怎么治？,那怎么治啊,1
大便有血怎么回事,大便有血怎么回事,1
能不能治疗？,能不能治疗,1
疤痕修复可以吗,疤痕修复可以吗？,1
白癜风会传染吗？,白斑 会传染吗,0
可以洗纹身吗，？请问,请问你们可以洗纹身吗,1
怎么收费,痣 怎么收费,0
您好，阴道炎怎么治疗？,阴道炎怎么治疗,1
？那怎么办？,那怎么办,1
月经一般推迟几天算正常？,请问月经推迟几天算正常,1
费用多少钱大概,大概用多少钱,1
多久能测出来啊,一般多久能测出来啊,1
那可以做b超吗,可以做b超吗,1
龟头上有小红点怎么回事？,龟头上有小红点怎么回事,1
尿道里特痒,尿道就是痒,1
孕前检查检查什么,孕前检查 都做什么检查,1
怀孕多久有反应？,一般怀孕多久有反应,1
你们医院是公立还是私立的,你们医院是私立的还是公立的,1
月经不调应该怎么调理,月经不调应该怎么调理,1
有几年了呢,有几年了,1
幽门螺杆菌是什么,幽门螺杆菌是什么,1
你们不是男科吗？,你们是男科吗,1
正常子宫 多大,想知道正常子宫多大,1
好治吗\,好治吗,1
打一次瘦脸针可以维持多久,瘦脸针可以维持多久,1
大便有血是怎么回事,大便有血怎么回事,1
是激光脱毛还是冰点的,脱毛 是冰点还是激光,1
白带常规了,白带常规呢,0
外阴现在特别痒,外阴特别痒，,1
点痣留疤吗,点痣 会留疤？,1
 有永久脱毛吗,有永久脱毛吗？,1
有祛疤的吗,能祛疤吗,0
双角子宫能做手术吗,双角子宫可以做手术吗,1
幼稚子宫能治好吗,请问幼稚子宫能治好吗,1
永久脱毛是永久的吗？,是永久脱毛的吗,1
是埋线好还是切开好呢,埋线好还是切开好啊？,1
雀斑可以治疗吗,雀斑  可以治疗吗,1
用什么药物？,用什么药物呢,1
请问吃什么药好呢,吃什么药好呢？,1
得有几个月了,有几个月了,1
怀孕多久会有反应？,怀孕多久 会有反应,1
大便有血怎么回事啊？,大便有血是怎么回事,1
前列腺都检查什么项目,前列腺检查 需要做什么检查项目,1
以前手淫多了,手淫 以前多,1
孕前检查都需要检查什么呢,孕前检查都需要检查什么呢？,1
做鼻子需要住院吗,做鼻子需要住院吗？,1
子宫小影响怀孕吗,子宫小影响怀孕吗,1
不需住院吗？,要住院吗,1
没有子宫会怎么样？,没有子宫会怎么样,1
你好包皮不做手术可以吗,包皮可以不做手术吗？,1
这个治疗是怎么治疗,这个治疗怎么治疗啊？,1
龟头上小红点是怎么回事,龟头上有小红点是怎么回事,1
吃点啥药好,可以吃点啥药,1
做包皮手术需要休息几天,包皮手术 需要休息几天？,1
就是包皮有点长，,就是包皮有点长,1
炎症吃点什么药好呢,这个吃点什么药好,0
国产的和进口的有什么区别吗？,国产和进口有什么区别呢,1
私立还是公立？,请问公立还是私立？,1
可以永久脱毛吗,可以永久脱毛吗,1
B超和彩超区别呢,彩超和B超有什么区别？,1
国产的和进口的什么区别,进口的和国产的有什么区别,1
你是医生吗,你是医生吗？,1
阳痿早泄能治好,早泄能治好吗,0
白癜风能治好吗？,白癜风能治好吗,1
瘦脸针一支能维持多久,瘦脸针可以维持多久,1
吃什么药好用,吃什么药好呢？,1
双子宫有什么影响吗,双子宫有什么影响,1
子宫纵隔能做手术吗,请问纵隔子宫可以做手术吗,1
为什么手淫的时候不到一分钟就射了,手淫怎么不到一分钟射了,1
胎记可以 去除吗,胎记可以去除吗,1
激素六项检查都有什么？,六项激素检查是什么,0
处女膜能修复吗？,可以修复处女膜吗,1
白癜风是什么症状呢,白癜风有什么症状,1
玻尿酸注射有副作用吗？,注射玻尿酸 会不会有副作用,1
孕前检查都做什么,孕前检查 都做什么检查,1
白带多发黄是什么原因呢,白带发黄的原因是什么,1
需要住院吗，,需要住院？,1
做阴道紧缩术有效果吗？,做阴道紧缩术有效果吗？,1
包皮就是有点长,就是包皮有点长,1
咱们医院是公立还是私立的,咱们这医院是公立的还是私立的,1
双子宫能怀孕吗,双子宫能怀孕吗,1
无痛人流现在可以做吗,现在可以做无痛人流吗？,1
有不几个月了吧,有几个月了,1
BV是什么了,BV是查什么,0
我是先天性无子宫 请问怎么治疗,先天性无子宫 请问怎么治疗,1
石女来月经吗？,石女来月经吗,1
我做爱时间有点短怎么办？,做爱时间短怎么办？,1
治疗血管瘤大概需要多少钱,血管瘤治疗大概需要多少钱,1
怎么调理月经不调,月经不调应该怎么调理,1
始基子宫能治疗吗？,请问始基子宫能治疗吗,1
 玻尿酸保持多久,玻尿酸注射 能保持多久？,1
可以治愈吗？,可以治愈吗，,1
血管瘤会自己吸收的吗？,血管瘤能自己吸收吗,1
洗纹身多少钱？,纹身 洗多少钱,1
月经发黑量少，是什么原因,请问月经量少发黑是什么原因,1
是永久脱毛？,脱毛 是永久的吗？,1
月经量少怎么回事呢？,月经量少是怎么回事,1
 有没有副作用,有没有副作用？,1
请问是公立还是私立,请问公立还是私立？,1
幼稚子宫能治好吗，,幼稚子宫 能治好吗,1
吃的什么药比较好一点,吃什么药比较好,1
怀孕都有什么症状？,怀孕都有什么症状,1
怀孕初期都有什么症状呢,怀孕初期的症状有什么呢,1
有后遗症的吗？,会有后遗症吗？,1
祛斑会不会反弹,祛斑 会不会反弹,1
月经推迟多久算正常？,月经推迟多久算正常,1
可以吃点药吗,吃点药好吗,0
双子宫是什么意思啊,什么是双子宫啊,1
费用一般多少,一般多少钱,1
月经一个月来两次是正常吗？,月经 一个月两次正常吗,1
试纸多久可以测出怀孕,试纸多久能测出怀孕,1
可以治疗了吗？,可以治疗吗,1
你们可以用医保卡吗,你们用医保卡吗,1
什么药可以治疗,用什么药可以治疗,1
不是可以永久脱毛吗,脱毛 不是永久？,1
孕前检查检查什么,孕前检查 检查什么呢,1
是怎么检查,怎么检查,1
 你们洗纹身吗？,你们那可以洗纹身？,1
双眼皮要多久恢复,双眼皮 多久恢复,1
包皮怎么才算过长,怎样才算包皮过长,1
先天性无子宫能治吗,先天性没有子宫能治吗,1
哑癜风是什么症状,白癜风  请问是什么症状,1
月经发黑量少是什么原因,月经量少发黑  是什么原因,1
双子宫 是什么意思,双子宫是什么意思,1
阴囊潮湿是什么？,什么是阴囊潮湿啊？,1
洗纹身，怎么收费？,纹身 洗纹身 怎么收费,0
子宫没有了，对性生活有影响吗,没了子宫对性生活有影响吗？,1
美白针有副作用吗 ,脱毛 有副作用吗？,0
有药物治疗吗？,药物治疗吗,0
是中度的,应该是中度的,1
线雕可以维持多久,线雕 可以维持多久？,1
始基子宫能治疗吗？,你好，始基子宫能治疗吗,1
都需要检查什么怎么检查,都怎么检查,1
怎样知道自己是不是石女,怎样知道自己是不是石女？,1
永久脱毛是吗,脱毛 是永久的吗,1
同房出血什么原因,同房出血是什么原因,1
能看好吗？,可以看好吗,1
可以永久脱毛吗？,有永久脱毛？,1
怎么检查，,怎么检查,1
吃点什么药？,吃点什么药？,1
 吸脂多久恢复,吸脂  多久能恢复？,1
子宫正常是多大,子宫正常的是多大,1
我想咨询一下葛双眼皮,想咨询双眼皮,1
阴部瘙痒怎么回事,阴部瘙痒怎么回事,1
我是幼稚子宫可以治疗吗,我是幼稚子宫能治疗吗,1
埋线能管多久,埋线 能管多久,1
可以永久脱毛吗,脱毛 永久的吗,1
月经不调怎么回事？,月经不调是怎么回事？,1
 注射玻尿酸能维持多久,注射玻尿酸 能维持多久？,1
请问白带是褐色的是怎么回事,褐色白带怎么回事,1
吃点什么药？,吃点啥药？,1
什么方法？,有什么方法,1
医院是公立的还是私立的,你们是公立还是私立医院,1
先天性无子宫，能治疗吗,先天性无子宫能治疗吗,1
我是幼稚子宫可以治疗吗,请问是幼稚子宫可以治疗吗？,1
是正规医院吗,这个是正规医院吗,1
白斑是怎么引起的,白斑 这个是怎么引起的呢,1
那现在怎么治疗呢,那怎么治疗呢？,1
怀孕初期的症状是什么？,怀孕初期是什么症状,1
是激光脱毛的吗,是激光脱毛吗,1
是公立还是私立医院,你们医院是公立还是私立的,1
脱毛永久的吗？,脱毛是永久的吗,1
盆腔炎有什么症状？,盆腔炎有什么症状么,1
大便出血怎么回事,大便出血，怎么回事,1
 会留疤？,会留疤吗,1
耳洞能打吗,可以打耳洞吗,1
看血管瘤应该挂什么科呢,血管瘤应该挂什么科呢,1
你们脱毛是激光脱毛吗？,是激光脱毛？,1
您老吃点什么药好,这个吃点什么药好,1
一般月经推迟几天算正常的,请问月经推迟几天算正常,1
无子宫能治疗吗？,无子宫 能治疗吗,1
请问你们医院是公立还是私立,你们医院是公立还是私立的,1
石女可以治好吗,石女可以治好吗,1
你们是公立医院吗,你们医院是公立医院吗？,1
月经不调，怎么调理,月经不调 怎么调理呢,1
一般月经推迟几天算正常呢,月经 一般几天算正常,1
没有子宫还能怀孕吗,没有子宫还能怀孕吗,1
请问会传染吗,会传染吗,1
洗纹身多少钱,洗纹身 一般多少钱,1
不是可以永久脱毛吗,不是永久脱毛吗,1
白癜风怎么治？,白斑怎么治,0
都怎么检查啊,都怎么检查,1
可以永久脱毛吗？,脱毛，可以永久？,1
吃药可以吗？,吃药可以吗,1
早泄怎么解决呢,早泄问题怎么解决呢,1
始基子宫能治疗好吗,始基子宫能治疗好吗？,1
去胎记多少钱大概,去胎记大概多少钱,1
瘦脸针666是什么牌子的,瘦脸针 是什么牌子的啊,0
吸脂手术安全不安全,吸脂安全吗？,1
去痣多少钱一颗,去痣多少钱一颗,1
玻尿酸保持多久,玻尿酸注射 能保持多久？,1
永久脱毛吗？,能永久脱毛吗？,1
怀孕多久 可以 药流,怀孕多久可以药流,1
男人多久是正常,男人多久才正常,1
洗纹身一般要多少钱,一般洗纹身要多少钱？,1
你们这是三甲医院吗,你们医院是三甲医院吗,1
我早泄怎么治疗,我阳痿早泄怎么治疗,0
你好，外阴痒用什么药,外阴痒用什么药,1
有修复双眼皮？,有做修复双眼皮吗,1
白带还有点发黄,白带有点发黄,1
检查都怎么检查,都怎么检查,1
你好 多久能测出怀孕,多久能测出怀孕？,1
抑郁症可以治疗吗,抑郁症 可以治疗吗,1
子宫切除，对性生活有影响吗？,子宫切除对性生活有影响吗？,1
那手淫怎么戒掉,手淫 怎么戒掉,1
白带褐色是怎么回事？,褐色白带怎么回事啊,1
请问做b超需要空腹吗？,做b超需要空腹吗？,1
那需要住院吗？,需要住院？,1
试孕纸多久能测出来怀孕,怀孕多久能测出来试纸,1
修复处女膜吗？,请问可以做处女膜修复吗？,1
怎么收费的,怎么收费，,1
什么原因会推迟月经,月经推迟 会不会有推迟的原因,0
瘦脸针都有什么副作用？,瘦脸针 有什么副作用,1
现在试纸，能测出来吗,用试纸能测出来吗现在？,1
你的医院在哪里,医院在哪里,1
请问怀孕多久可以做人流,怀孕了多久可以做人流,1
点痣会不会留疤,点痣会不会留疤？,1
月经不调应该怎么调理,月经不调 怎么调理,1
这是公立还是私立医院？,您这医院是私立还是公立的,1
你们可以洗纹身吗？,洗纹身可以吗？,1
龟头痒是怎么回事啊？,龟头痒怎么回事,1
永久脱毛是吗,可以永久脱毛吗,0
包皮过长有影响发育吗？,包皮过长还影响发育吗,1
彩超和B超有啥区别么,彩超和B超有什么区别吗,1
多久能治好,多久能治好啊,1
外阴瘙痒。用什么药？,外阴瘙痒 请问用什么药,1
住院吗,要住院吗,1
我没有什么影响,有什么影响没有,0
你好怀孕多久可以做人流,怀孕多久可以做人流,1
白癜风会传染吗,白斑 白癜风 会传染吗,0
去胎记要多少钱,胎记 要多少钱,1
眼睛也是一大一小,眼睛 一大一小,1
割了包皮有什么好处呢,割了包皮  有什么好处,1
 有永久脱毛吗,有永久脱毛？,1
进口的和国产的什么区别？,国产和进口有什么区别呢,1
那该怎么办呢,那该怎么办,1
这怎么治啊,怎么治啊,1
公立还是私立,你这医院是公立还是私立的，,1
这国产和进口有什么区别,进口的和国产的有什么区别,1
幼稚子宫可以治吗,幼稚子宫可以治吗,1
请问幼稚子宫，能治疗吗,幼稚子宫能治疗吗,1
你好，月经量少是怎么回事,月经量少怎么回事,1
国产的和进口的有什么区别呢,哦，国产的和进口的有什么区别,1
一颗痣要多少钱一颗,多少钱一颗痣,1
以前手淫多了,以前手淫多,1
这个一般怎么治疗啊,这个怎么治疗啊,1
婴儿多大可以治疗血管瘤,婴儿多大可以治疗血管瘤,1
去胎记多少钱,去胎记多少钱,1
就是射的有点快,射的有点快,1
医院是正规的吗,是正规的医院吗,1
来月经量少是怎么回事,月经量少怎么回事,1
月经量少 发黑是什么原因,请问月经量少发黑是什么原因,1
两三年吧,有两三年了吧,1
瘦脸针是什么牌子的呢,你们瘦脸针是什么牌子的,1
血管瘤应该挂什么科,血管瘤应该挂什么科呢,1
脱毛是永久的吗,脱毛 有永久的吗？,1
去除胎记大概要多少钱,胎记 去除要多少钱,1
洗纹身会留疤不,洗纹身 会留疤吗？,1
可以用什么药物吗,用什么药物治疗,1
还需要住院治疗吗,住院治疗吗,1
幼稚子宫不看能怀孕吗,我是幼稚子宫，能怀孕吗,0
有办法治疗吗,有治疗的办法吗？,1
子宫厚度是多少正常,正常子宫厚度是多少,1
脱毛痛吗,脱毛 痛吗？,1
请问激光祛斑会反弹吗,激光祛斑 会不会反弹,1
什么原因呢,什么原因呢请问什么原因,1
洗纹身怎么收费,洗纹身怎么收费？,1
龟头上有小红点，是怎么回事,龟头上有小红点怎么回事,1
彩超不需要憋尿吗,做彩超需要憋尿吗？,1
月经黑色怎么回事,月经有黑色是怎么回事,1
您好  还在吗,您好在吗,1
会不会复发，,会复发吗,1
幼稚子宫，可以治疗吗？,请问是幼稚子宫可以治疗吗？,1
子宫迁出对性生活有影响吗？,没了子宫对性生活有影响吗？,1
人流需要住院吗,人流需要住院吗？,1
来月经 有血块正常吗,月经来血块多是正常的吗？,1
那tct是检查什么的,tct是怎么检查？,0
永久脱毛是永久的吗？,有永久脱毛吗？,1
龟头长了白点,龟头长了小白点,1
是公立还是私立,你们医院是私立的还是公立的,1
您好   还在吗,您好，在吗,1
月经挂什么科,闭经挂什么科,1
吃什么药治疗阳痿早泄？,阳痿早泄吃什么药,1
白带是褐色怎么回事,你好，白带褐色是怎么回事,1
住院治疗吗，,住院治疗吗,1
Bv是检查什么,Bv检查是什么,0
你们是男科专院吗,你们是男科吗,1
宫颈糜烂是怎么引起的？,宫颈糜烂是怎么引起的,1
外阴痒怎么办,外阴痒 怎么办呢,1
治疗的好吗,好治疗吗,0
脱毛需脱几次,脱毛 要几次,1
洗纹身会留疤不,洗纹身会留疤吗,1
请问冰点脱毛是永久的吗？,是冰点永久脱毛吗,1
白斑是怎么引起的,白癜风是怎么引起的,0
就是包皮有点长，,包皮有点长，,1
后遗症有吗,会有后遗症吗？,1
那住院治疗还是,治疗是住院治疗，还是,1
多久可以做人流啊？,做人流多久能做啊,1
外阴是特别痒,外阴特别痒,1
子宫小影响怀孕吗,子宫小影响怀孕吗？,1
我早泄两年了，,早泄 两年了。,1
子宫小影响怀孕么,子宫小 影响怀孕吗,1
阴茎可以做延长吗,阴茎延长可以吗？,1
双眼皮，是割还是埋线的,双眼皮 你是割还是埋线,1
你们是三甲医院？,你们医院属于三甲医院吗？,1
怀孕多久试纸能测出,试纸多久能测出怀孕,1
什么叫做冰点脱毛？,冰点脱毛 是什么,1
医院是私立还是公立,你们是公立还是私立,1
你好，阴茎短小怎么办,阴茎短小 怎么办,1
你好  我想咨询一下,我想咨询一下,1
孕前检查都检查什么,孕前检查 检查什么呢,1
孕前检查都检查什么,孕前检查检查什么呢,1
先天无子宫无阴道可以治疗吗,先天无阴道无子宫可以治愈吗,0
以前手淫的多,手淫  以前多,1
永久脱毛是吗,脱毛 永久的吗？,1
你好， 我是幼稚子宫 能治好吗,你好  请问幼稚子宫能治好吗？,1
感觉肾虚,我感觉我肾虚,1
我的做爱时间很短怎么办,做爱时间短怎么办？,1
请问石女来月经吗？,石女来月经吗？,1
请问洗纹身可以吗,可以洗纹身吗，？请问,1
前列腺都检查什么项目,前列腺检查需要做什么检查项目,1
外阴瘙痒用什么药好使,外阴瘙痒 请问用什么药,1
血管瘤什么样的,血管瘤是什么样的,1
你们脱毛是激光脱毛吗？,是激光脱毛吗？,1
以前也有手淫的习惯，,早泄我以前有手淫的习惯,0
什么治疗方法,有什么治疗方法吗,1
私立还是公立,你们医院是公立还是私立呀,1
什么是割包皮,割包皮是什么,1
永久脱毛是永久的吗？,脱毛  是永久的吗,1
我有内双,我内双,1
你好，洗纹身能洗干净吗？,纹身可以洗干净吗？,1
双子宫能怀孕吗,双子宫正常能怀孕吗？,1
贴双眼皮贴松弛了,经常贴双眼皮贴有点松弛了,1
非经期出血怎么回事？,非经期出血 想问问怎么回事,1
有好的治疗吗,好治疗吗,0
我月经量少请问怎么回事,月经量少是怎么回事,1
子宫口有多大,正常的子宫是多大？,0
怀孕一般多久能测出来,多久能测出来怀孕呢,1
脱毛有副作用吗,脱毛 会有副作用吗？,1
打玻尿酸能维持多久？,玻尿酸能维持多久,1
bv检测是检测什么,bv检测是什么,0
祛痣留疤吗？,祛痣 会留疤吗,1
男人多久正常,男人做爱多久是正常？,1
您好验孕棒一深一浅是怎么回事？,验孕棒一深一浅怎么回事,1
幼稚子宫能治好吗,你好，幼稚子宫能治好吗,1
瘦脸针呢什么牌子,瘦脸针是什么牌子的,1
怎么调理月经不调啊,月经不调 怎么调理啊！,1
月经一般推迟几天算正常？,月经一般几天算正常,0
都检查什么什么啊,都检查什么,1
这个会不会怀孕,会不会怀孕？,1
想在线咨询一下,我想咨询一下,1
子宫能移植吗？,可以做子宫移植吗,1
可以去除胎记吗,胎记 胎记可以去除吗,1
血管瘤什么样的,血管瘤是什么样的？,1
现在阴茎短小怎么办,阴茎短小怎么办,1
B超需要空腹吗,做B超需要空腹吗？,1
就是我以前有过手淫,早泄我以前有过手淫的,0
医生双角子宫能怀孕吗,双角子宫能怀孕吗？,1
可以可以治疗吗？,可以治疗吗,1
有药物治疗？,药物治疗吗,1
需要做什么检查,做什么检查,1
阳痿早泄喝喝什么药,早泄 阳痿 吃什么药,1
中医还是西医治疗好,这中医好，还是西医呢,1
私立医院是吗,咱们医院是私立医院吗,1
白带是褐色是怎么回事,你好，白带褐色是怎么回事,1
怀孕初期什么症状,怀孕初期的症状有什么呢,1
那怎么办了,那怎么办呢,1
可以祛斑吗，,祛斑可以吗？,1
非经期出血是什么原因呢,非经期出血是怎么回事,1
怎么治好早泄啊,早泄 怎么治了啊,1
子宫口有多大,正常子宫有多大,0
有什么好方法,有什么好的治疗方法,1
宫颈糜烂怎么治疗,宫颈糜烂怎么治疗,1
 永久脱毛吗？,是永久脱毛的吗,1
请问有点痣吗,有点痣吗,1
 吸脂多久恢复,吸脂 要多久恢复,1
那该怎么办，,那该怎么办呢？医生,1
正常子宫多大,想知道正常子宫多大,1
需要住院治疗？,这个还需要住院治疗吗？？？,1
龟头上有小红点怎么回事？,龟头上有小红点是怎么回事？,1
盆腔炎什么症状啊,盆腔炎有什么症状,1
非经期出血是什么原因呢,我想问一下非经期出血是什么原因呢,1
我有点阴道炎 怎么治疗,阴道炎怎么治疗,1
子宫小能怀孕吗,子宫小能怀孕吗,1
 注射玻尿酸能维持多久,玻尿酸注射 能维持多久？,1
做b 超需要空腹吗,做b超需要空腹吗？,1
不会有疤？ ,会不会有疤,1
不知道是不是白癜风,白斑 不知道是不是,0
什么时候容易怀孕,女人什么时候容易怀孕,1
先天性无子宫，能治吗,先天性无子宫能治吗？？,1
胎记能彻底去除吗,胎记 彻底去除吗？,1
国产的和进口的区别是什么,哦，国产的和进口的有什么区别,1
能治愈？,能治愈吗,1
百斑会传染吗,白斑 传染吗,1
肾病是什么引起的,早泄是什么引起的,0
做阴道镜疼么,请问做阴道镜疼吗,1
需要住院吗,治疗需要住院吗,1
冰点脱毛永久吗？,冰点脱毛 是永久的吗,1
宫颈糜烂是怎么引起的？,宫颈糜烂是怎么引起的？,1
瘦脸针380什么牌子,瘦脸针 什么牌子的针,0
怀孕有什么症状？,怀孕有什么症状,1
点痣留疤吗,点痣 会不会留疤,1
注入玻尿酸能维持多久,注射玻尿酸 能维持多久？,1
血管瘤有危险吗？,血管瘤 危险吗,1
一般性怎么收费,怎么收费？,1
一般性怎么收费,怎么收费的,1
检查要怎么检查？,要怎么检查？,1
检查要怎么检查？,要怎么检查？,1
正常多少分钟,多少分钟正常,1
龟头一大一小,睾丸一大一小,0
试纸多久能测出来怀孕啊,怀孕多久能测出来试纸,1
能子宫移植吗,可以做移植子宫吗,1
胎记怎么算价格,去胎记价格怎么算,1
那早泄怎么办。,早泄  那怎么办,1
无阴道无子宫可以治疗吗,无子宫无阴道 能治疗吗,1
国产的和进口的什么区别,哦，国产的和进口的有什么区别,1
你们医院医保卡可以用吗,你们用医保卡吗,1
子宫小会影响怀孕吗？,子宫小会影响怀孕吗,1
如果药流可以吗,药流可以吗,1
非经期出血是什么原因,我想问一下非经期出血是什么原因呢,1
多少分钟才是正常的,多少分钟正常,1
多少分钟才是正常的,多少分钟正常,1
您好 在不,您好，在吗,1
祛斑后会不会复发,祛斑 会不会复发,1
腺肌症怎么回事,腺肌症是怎么回事,1
纹眉和绣眉的区别是什么？,绣眉和纹眉有什么区别？,1
什么牌子的瘦脸针,瘦脸针 是什么牌子的,1
是需要做b超吗,可以做b超吗,0
月经不调怎么回事？,月经不调 怎么回事呢,1
打一次玻尿酸能维持多久？,打玻尿酸能维持多久,1
你们瘦脸针有什么牌子的,瘦脸针什么牌子的,1
白带有异味 黄色,白带有点黄色的异味,1
我是手淫好多年了,手淫 好多年了,1
都几个月了,有几个月了,1
瘦脸针呢什么牌子,瘦脸针什么牌子的,1
什么是幼稚子宫,什么是幼稚子宫？,1
左边睾丸疼是怎么回事,左边睾丸疼怎么回事,1
龟头上有小红点是怎么回事呀,龟头上有小红点，是怎么回事？,1
外阴瘙痒是怎么回事？,外阴瘙痒是怎么回事？,1
如果怀孕多久会有反应,怀孕多久会有反应呢,1
阳痿    早泄怎么治疗,早泄阳痿怎么治疗,1
洗纹身多少钱？,我想洗纹身多少钱,1
如果是怀孕，多久可以做人流,怀孕多久可以做人流,1
点痣怎么收费的,点痣怎么收费,1
您好 验孕棒一深一浅是什么意思,验孕棒一浅一深代表什么意思,1
永久脱毛可以吗？,有永久脱毛？,1
那怎么办了？,那怎么办,1
666瘦脸针是什么牌子？,瘦脸针现在是什么牌子,0
你好阳痿早泄好治吗？,早泄 好治吗？,0
黄褐斑怎么？,黄褐斑是怎么治疗,0
激光祛斑要反弹吗？,激光祛斑 会反弹吗,1
怀孕多久有反应啊,怀孕多久有反应,1
对了你们医院属于三甲医院吗,你们医院属于三甲医院吗？,1
我龟头上有白点怎么回事,龟头上有小白点是怎么回事,1
你们医院是属于三甲医院吗,你们医院属于三甲医院吗？,1
检查都怎么检查,都怎么检查,1
激光可以去除胎记吗,胎记可以激光去除吗,1
切除子宫后还能过性生活吗,子宫切除后还可以过性生活吗？,1
就是包皮过长不做手术可以吗,包皮不做手术可以吗,1
需要做什么检查？,还需要做什么检查吗,1
是怎么解决呢？,怎么解决,1
药物治疗，还是手术,是药物治疗，还是手术治疗啊？,1
有有人吗？,有人吗,1
这跟包皮有关吗？,跟包皮有关吗,1
需要住院是吗？？,需要住院吗,1
是公立医院吗,你们医院是公立医院吗？,1
可以洗纹身  是吗,可以洗纹身的吗,1
血管瘤挂什么科,血管瘤应该挂什么科,1
可以用药物治疗吗？,药物可以治疗吗？,1
怎么能降低敏感度呢,怎么降低敏感度,1
请问洗纹身可以洗干净吗,纹身可以洗干净吗,1
以前也有手淫的习惯，,我以前有手淫的习惯,1
子宫切除还能过性生活吗？,子宫切除还能过性生活吗,1
早泄治疗吗,早泄可以治疗吗,1
早泄治疗吗,早泄 可以治疗吗,1
怀孕多久能做人流,怀孕多久可以做人流？,1
子宫多大正常呢,正常子宫多大,1
试纸怀孕多久能测出来,早孕试纸 多久能测出来,1
单角子宫可以怀孕吗,单角子宫能怀孕吗,1
你们医院正规吗,好的，你们的医院是正规医院吗,1
男人多久是正常,男人做爱多久是正常？,1
假体哪种比较好,哪种假体比较好,1
一般正常子宫多大？,正常子宫多大,1
脱毛是永久性脱毛吗,这个是永久性脱毛吗,1
一直贴双眼皮贴有点松弛了,贴了半年的双眼皮贴 有点松弛,1
白带有点青黄色,白带 有点黄色。,1
白带像豆腐渣是怎么回事,我的白带像豆腐渣是怎么回事,1
是永久脱毛？,有永久脱毛？,1
一颗多少钱,多少钱一颗,1
试纸多久能测出来怀孕,你好 请问怀孕多久试纸就能测出来,1
脱毛是永久性脱毛吗,可以永久性脱毛吗,1
就白带有点发黄,白带 有点发黄，,1
阳痿早泄。吃什么药,阳痿 早泄  吃什么药,1
阳痿早泄。吃什么药,阳痿早泄吃什么药,1
天生没有子宫可以怀孕吗？,天生没有子宫可以怀孕不,1
硅胶和膨体哪个效果好？,硅胶和膨体哪个好,1
纹身洗了会留疤吗,洗纹身会留疤吗,1
你好可以洗纹身吗,可以洗纹身吗？,1
一大一小眼睛,眼睛 一大一小,1
多少分钟是正常的,多少分钟正常,1
月经推迟了什么原因,月经推迟 什么原因？,1
始基子宫能治疗好吗,您好，请问始基子宫能治疗好吗？,1
就是尿道痒,尿道就是痒,1
无子宫可以治疗不？,无子宫可以治疗吗,1
你好可以洗纹身吗,可以洗纹身吗,1
孕前检查检查什么,孕前检查检查什么呢,1
验孕棒一深一浅是什么原因,验孕棒一深一浅怎么回事？,1
子宫一般正常是多大,正常子宫是多大,1
需要住院治疗吗？,这个还需要住院治疗吗？？？,1
始基子宫能治好嘛,始基子宫 能治好吗？,1
月经推迟是什么原因,月经推迟 什么原因,1
子宫可以人造吗,可以人造子宫吗？,1
尿出豆腐渣状,白带豆腐渣状,0
以前經常手淫,以前有手淫,1
那怎么调理,怎么调理,1
月经推迟什么原因,请问月经推迟，什么原因,1
能祛疤吗？ ,祛疤可以吗,1
洗纹身洗的掉吗,纹身洗的掉么,1
非经期出血怎么回事,非经期出血 想问问怎么回事,1
怀孕多久可以做药物流产,怀孕多久可以药物流产,1
怀孕的症状有哪些,怀孕有哪些症状,1
种牙有什么危害,隆鼻 有什么危害,0
怎么治疗？是吃药还是？,是吃药治疗还是什么,1
有永久脱毛的吗,有永久脱毛吗？,1
祛疤可以吗,能祛疤吗,1
我左边的睾丸疼  是怎么回事,左边睾丸疼怎么回事,1
我是先天性无子宫，能治吗,先天性无子宫能治吗,1
正常子宫一般多大,正常子宫多大,1
洗纹身怎么收费,纹身 洗纹身 怎么收费,1
阳痿早泄请问吃什么药,阳痿 早泄  吃什么药,1
阳痿早泄请问吃什么药,阳痿 早泄 吃什么药,1
吸脂危险吗,你好 吸脂手术危险吗,1
龟头上小红点是怎么回事,龟头上有小红点怎么回事,1
请问单角子宫能怀孕吗,单角子宫能怀孕吗,1
激光祛痣会不会留疤啊,激光祛痣会留疤吗？,1
双眼皮是割的还是埋线580？,双眼皮 是割的还是埋线的？,0
玻尿酸能保持多久的,玻尿酸注射 能保持多久？,1
包皮割了有什么好处,包皮割了的好处是啥,1
不需要住院吗,需要住院吗,1
阴囊潮湿是什么啊,什么是阴囊潮湿啊？,1
阴囊潮湿是什么啊,什么是阴囊潮湿啊？,1
包皮怎样算过长,包皮怎样才算过长,1
月经推迟的原因是什么,请问月经推迟，什么原因,1
白带多是怎么回事了,白带多是怎么回事,1
白斑会传染吗,白癜风 会传染吗,0
请问双子宫能怀孕吗,双子宫能怀孕吗,1
月经不调是怎么回事？,月经不调是怎么回事？,1
是私立医院吗 还是公立,咱们这医院是公立的还是私立的,1
洗纹身几次能洗干净,洗纹身 一般几次能洗干净？,1
 什么牌子的瘦脸针,你们瘦脸针是什么牌子的,1
那一般怀孕多久会有反应啊,怀孕多久有反应啊,1
是中医治疗快，还是西医,这中医好，还是西医呢,0
可以药物治疗吗,药物治疗吗？,1
子宫正常是多大的,正常子宫有多大,1
一元硬币大小了,一元硬币大小 需要多少钱啊,0
以前都是手淫,以前是手淫,1
请问纹眉和绣眉什么区别,绣眉和纹眉有什么区别？,1
早泄能治好ma,早泄 能治好吗,1
宫颈糜烂是怎么引起的呢？,宫颈糜烂是怎么引起的？,1
是冰点还是激光脱毛,脱毛 是激光还是冰点啊,1
洗纹身大概要多少钱,洗纹身 大概需要多少钱,1
包皮有白点,龟头有白点,1
点痣会留疤么？,点痣会不会留疤？,1
勃起后硬度不够,勃起硬度不够,1
早孕试纸几天能测出来呢,早孕试纸 几天能测出来,1
是吃药还是做什么？,是吃药治疗还是什么,1
吃药还是手术治疗,手术还是吃药,1
单角子宫可以怀孕吗,单角子宫可以怀孕吗,1
请问双子宫能怀孕吗,双子宫能怀孕吗？,1
780瘦脸针是什么牌子,瘦脸针现在是什么牌子,0
怀孕多久可以药流？,请问怀孕多久可以药流,1
能勃起，硬度不够,勃起硬度不够,1
月经一般来几天算正常？,月经 一般几天算正常,1
 永久脱毛吗？,是永久脱毛吗？,1
我早泄是什么原因呢？,早泄什么原因呢,1
我早泄是什么原因呢？,早泄 什么原因呢,1
有几个月了呀,有几个月了,1
就是有红点,有红点,1
女人什么时候最容易怀孕,女人什么时候容易怀孕,1
 有永久脱毛吗,永久脱毛有吗,1
纹身能洗干净？,洗纹身 能洗干净吗,1
现在有人吗,有人吗,1
幼稚子宫可以治疗么？,幼稚子宫可以治疗吗,1
外阴瘙痒用什么药呢,你好，我的外阴瘙痒用什么药,1
始基子宫可以治疗吗,始基子宫能治疗吗,1
割了包皮  有什么好处,包皮割了的好处是啥,1
我的严重吗,严重吗,1
是褐色的分泌物,分泌物 就是褐色的,1
切除后还能过性生活吗,切除子宫还能过性生活吗？,0
洗纹身会留疤吗？,洗纹身 会不会留疤,1
试纸多久能测出来,怀孕多久能测出来试纸,1
甲高有什么方法治疗吗,早泄有什么治疗方法吗，,0
白带是褐色是怎么回事啊,白带褐色 是怎么回事？,1
没有子宫还可以怀孕吗,没有子宫还能怀孕吗,1
有一元硬币大小，,一元硬币大小 需要多少钱啊,0
请问，先天性无子宫可以治疗吗？,现在先天性无子宫可以治疗吗,1
那早泄怎么办,早泄那怎么办？,1
手术疼吗，,手术疼吗,1
一般洗纹身多少钱,洗纹身 多少钱,1
胎记能彻底去除吗？,胎记 彻底去除吗？,1
男人多久正常,男人多久才正常,1
做阴道镜疼吗,做阴道镜疼吗？,1
是正规的医院吗,你们是正规医院吗,1
激光祛斑会反弹吗,激光祛斑之后，会反弹吗,1
这个大概要多少钱,要多少钱大概,1
打一次玻尿酸能维持多久？,打玻尿酸 打一次能维持多久,1
检查怎么检查的,怎么检查的,1
药物能治疗吗,药物治疗吗？,1
白癜风会传染吗？,白斑 会传染吗,0
tct是什么,tct是什么意思,1
月经不调是怎么回事,月经不调是怎么回事？,1
瘦脸针299是什么牌子的,你们是什么牌子瘦脸针,0
请问先天性无子宫还能治疗吗,请问先天性无子宫能治疗吗？,1
那现在怎么办呢,那怎么办呢,1
阳痿怎么治疗啊,阳痿怎么治疗,1
这个早泄好治疗吗,早泄 这个好治疗吗,1
BV 检测是什么,BV检测，是什么意思？,1
BV检测是什么,BV检测，是什么意思？,1
大概多少,大概多少钱,1
月经量少的怎么调理,月经量少 怎么调理,1
经常熬夜吧,就是经常熬夜,1
纹身能洗干净？,纹身可以洗干净吗,1
玻尿酸注射一次维持多久,玻尿酸注射 能维持多久,1
玻尿酸注射一次维持多久,玻尿酸注射可以维持多久,1
后遗症有吗？,会有后遗症吗？,1
有点痣的吗,有点痣吗,1
三甲医院吗？,是三甲医院吗,1
子宫切除对性生活有影响吗,你好，请问切除子宫对性生活会有影响吗？,1
你们那是怎么治疗早泄的,早泄你们那怎么治疗,1
月经不调怎么调理啊,月经不调 怎么调理啊！,1
这的怎么治疗,这怎么治疗,1
980双眼皮是埋线还是割的,双眼皮 是割的还是埋线的？,0
包皮过长有影响发育吗？,包皮过长会影响发育吗,1
白带褐色是怎么回事？,褐色白带怎么回事,1
纹身可以洗的干净吗,纹身可以洗干净吗？,1
请问石女是什么,石女是什么,1
阳痿怎么治疗啊？,阳痿怎么治疗？,1
那怎样治疗呢,那怎样可以治疗？,1
什么是幽门螺杆菌,幽门螺杆菌是什么,1
双角子宫能怀孕吗,双角子宫能怀孕吗？,1
月经不调是怎么回事,月经不调 是怎么回事呢？,1
可以用医保卡？,医保卡可以用吗,1
月经量少发黑是什么原因,月经量少发黑  是什么原因,1
什么是石女呢,石女是什么,1
以前有过手淫吏,我以前有过手淫,1
BV 是什么,BV是什么呀,1
BV是什么,BV是什么呀,1
激光祛斑会反弹吧,激光祛斑 会反弹吗,1
 玻尿酸可以维持多久,玻尿酸 打一次可以维持多久,1
始基子宫能治好么,请问始基子宫能治好吗,1
咱院能永久脱毛吗？,脱毛 能永久吗？,0
男人做多长时间算正常,男人多久算正常,1
月经黑色是怎么回事？,月经黑色 怎么回事,1
白癜风能治好吗？,白斑能治好吗？,0
是正规的医院吗,是正规医院吗,1
就是我的包皮有点长,就是包皮有点长,1
少尿原因是什么,早泄的原因是什么,0
宫外孕都是什么症状,宫外孕有什么症状,1
双子宫是怎么回事啊,双子宫怎么回事,1
能永久脱毛吗,脱毛 能永久吗？,1
子宫纵膈可以怀孕吗,纵膈子宫能怀孕吗,1
先天性无子宫阴道可以治疗吗,先天性无子宫无阴道   可以治疗么？,1
可以洗纹身的吗,可以洗纹身吗,1
 永久脱毛吗？,有永久脱毛吗？,0
这个需要住院治疗吗,那需要我住院治疗吗,1
就白带有点发黄,白带有点发黄,1
洗纹身需要多少钱,洗纹身 大概需要多少钱,1
盆腔炎什么症状啊,盆腔炎是什么症状啊,1
咱是私立医院吗,你们医院是私立的吗,1
双眼皮修复可以吗,双眼皮可以修复吗？,1
是什么影响没有,有什么影响没有？,1
医院是公立的还是私立的,你们是公立还是私立,1
点痣留疤吗,点痣 会留疤吗,1
请问，乳头内陷怎么办,乳头内陷怎么办？,1
肚子左边疼怎么回事,肚子左边疼是怎么回事,1
外阴痒用什么药,外阴痒用什么药？,1
自体脂肪丰胸有什么副作用,自体脂肪丰胸有没有什么副作用,1
纵隔子宫能做手术吗,请问纵隔子宫可以做手术吗,1
我的白带像豆腐渣怎么回事,白带像豆腐渣怎么回事？,1
盆腔积液怎么治疗？,盆腔积液 需要怎么治疗呢,1
什么是息肉,什么是息肉,1
始基子宫能治好嘛,始基子宫能治好吗,1
贴双眼皮贴贴的松弛了,经常贴双眼皮贴有点松弛了,1
前列腺症状是什么,前列腺是什么症状,0
前列腺都什么症状,前列腺有什么症状,1
洗纹身要多少钱,洗纹身大概要多少钱,1
月经推迟是什么原因？,月经推迟 什么原因？,1
咱们医院是私立的还是公立的,咱们是公立还是私立,1
我以前经常熬夜,经常熬夜,1
白带发黄怎么回事,白带发黄怎么回事？？,1
月经发黑怎么回事,月经发黑是怎么回事,1
玻尿酸能保持多久,玻尿酸注射 能保持多久？,1
包皮过长影响发育吗,包皮过长会影响发育吗,1
请问白带发黄是什么原因？,白带发黄 是什么原因呢,1
手术需要拆线吗,手术后需要拆线吗,1
手术需要拆线吗,手术后需要拆线吗,1
怎么调理月经不调啊,月经不调 怎么调理,1
用什么药物可以治疗吗？,用药物治疗吗,0
淋浴洗澡可以吗,月经可以洗澡吗,0
怎么调理月经不调呢,月经不调 怎么调理呢,1
肛门瘙痒怎么回事,肛门瘙痒 怎么回事？,1
瘦脸针有什么牌子,瘦脸针现在是什么牌子,1
怀孕多久可以药流,怀孕多久可以药流,1
 你们洗纹身吗？,你们可以洗纹身吗,1
洗纹身可以洗吗,洗纹身 能洗干净吗,0
什么叫石女呢,什么叫石女,1
激光祛斑反弹吗,激光祛斑 会反弹吗,1
月经不调什么原因,月经不调 是什么原因？,1
需要住院是吗？？,需要住院？,1
怀孕可以药流吗？,怀孕 还可以药流吗,1
正常多少分钟？,多少分钟正常,1
大便出血，怎么回事,大便出血是怎么回事,1
大便出血，怎么回事,大便出血 是怎么回事,1
月经颜色发黑是怎么回事,月经发黑 是怎么回事,1
激素六项是查什么,六项激素检查是什么,0
白癜风怎么治,白斑 怎么治,0
可以用药物治疗吗？,没有，可以用药物治疗吗,0
会危险吗？,会有危险吗,1
龟头上没有白色的东西,没有，龟头上有白色东西,0
性生活时间短怎么回事呢,性生活时间短 怎么回事，,1
怎么调理？,这个怎么调理,1
先天性无子宫，现阶段可以治疗吗,现在先天性无子宫可以治疗吗,1
是真皮斑,就是真皮斑,1
这个不是永久脱毛的吗,脱毛  不是永久的吗,1
激素是什么？,激素是什么,1
线雕是什么意思,线雕是什么意思,1
激光祛斑会反弹不,激光祛斑 会不会反弹,1
大便出血怎么回事,大便出血 是怎么回事,1
你们那是怎么治疗早泄的,早泄 你们那怎么治疗啊,1
大便出血怎么回事？,大便出血 是怎么回事,1
子宫一般正常是多大,子宫正常的是多大,1
洗纹身能洗干净吗,纹身可以洗干净吗,1
脱毛99是永久的吗，,脱毛 是永久的吗？,0
阳痿早泄请问吃什么药,早泄 阳痿吃什么药,1
请问洗纹身可以洗干净吗,纹身可以洗干净吗？,1
你好，洗纹身能洗干净吗？,洗纹身 可以洗干净吗,1
时间短，怎么回事呢,时间短怎么回事,1
我做b超不需要空腹吗？,做b超需要空腹吗？,1
尿不尽 尿急有点,尿不尽  有点尿急,1
石女是什么意思啊,石女是什么意思？,1
请问纹身能洗干净吗？,纹身可以洗干净吗,1
正规医院吗,医院是正规医院嘛,1
白带发黄，是怎么回事,白带发黄怎么回事？？,1
尿滴白严重么,尿滴白这个严重吗,1
是公立还是私立,咱们是公立还是私立,1
你好还在吗？,你好在吗？,1
西药还是中药治疗好,药物治疗是中药还是西药,1
激素六项都是什么检查,六项激素检查是什么,0
要住院几天？,住院几天？,1
这个跟包皮有关吗,跟包皮有关吗,1
先天性无子宫能怀孕吗,先天性无子宫能怀孕么？,1
 脸上的黑点,脸上有黑点,1
包皮是长的,是的 包皮长,1
始基子宫 能治疗吗？,始基子宫可以治疗吗,1
怀孕都有什么症状？,怀孕都有什么症状？,1
白带褐色是怎么回事？,你好，白带褐色是怎么回事,1
盆腔炎有什么症状？,盆腔炎有什么症状呢,1
永久脱毛吗？,脱毛 永久的吗？,1
打进口的和国产的有什么区别？,进口的和国产的有什么区别,0
血管瘤什么样子的,血管瘤是什么样子的？,1
龟头上有小红点，是怎么回事,龟头上有小红点，是怎么回事？,1
那割包皮痛不痛,割包皮 痛不痛,1
血管瘤应该挂什么科？,血管瘤应该挂什么科,1
那请问割包皮痛不痛啊,割包皮痛不痛,1
那请问割包皮痛不痛啊,割包皮 痛不痛,1
？早泄吃什么药,早泄吃什么药,1
您好，阴道炎怎么治疗？,阴道炎 怎么治疗？,1
玻尿酸能保持多久的,玻尿酸 能保持多久,1
可以用药物治疗吗,用药物治疗吗,1
盆腔积液怎么治疗,盆腔积液 需要怎么治疗呢,1
你好 请问早泄怎么治疗,你好，早泄怎么治疗,1
请问月经推迟多久算正常,月经推迟多久算正常,1
脱毛永久的吗？,永久脱毛是吗,1
幼稚子宫能怀孕吗,幼稚子宫 能怀孕吗,1
治疗血管瘤大概需要多少钱,血管瘤 大概需要多少钱,1
阳痿，早泄吃什么药,阳痿 早泄 吃什么药,1
包皮就是有点长,就是包皮有点长,1
阳痿早泄。吃什么药,早泄 阳痿 吃什么药,1
我白带发黄怎么回事,白带发黄怎么回事,1
龟头上有小红点是怎么回事呀,龟头上有小红点是怎么回事,1
激光祛斑会复发吗？,激光祛斑 会不会复发,1
肛门瘙痒是怎么回事？,肛门瘙痒是怎么回事,1
这个医院是公立还是私立的,咱们这医院是公立的还是私立的,1
你好 请问在吗,你好在吗？,1
一般洗纹身多少钱,一般洗纹身要多少钱？,1
我白带发黄怎么回事,白带发黄怎么回事？？,1
外阴瘙痒用什么药呢？,请问外阴瘙痒用什么药呢？,1
白带像豆腐渣样是怎么回事,白带像豆腐渣一样是怎么回事,1
国产和进口什么区别？,哦，国产的和进口的有什么区别,1
勃起硬度不够，早泄,早泄勃起硬度不够,1
BV检测是什么呀？,BV检测，是什么意思？,1
白带像豆腐渣一样，怎么回事,白带像豆腐渣一样是怎么回事,1
切开的好还是埋线的好,埋线好还是切开好啊？,1
白带像豆腐渣是怎么回事呢,白带像豆腐渣一样是怎么回事,1
是的，是无痛人流吗？,人流 都是无痛的吗,0
来月经有血块是正常吗,月经有血块，正常吗？,1
吃药还是手术？,手术还是吃药,1
腺肌症怎么形成的,腺肌症是怎么形成的,1
怀孕多久可以打胎,怀孕多久可以打胎,1
龟头上有小红点，是怎么回事,龟头上有小红点是怎么回事？,1
瘦脸针都有什么副作用？,瘦脸针 有什么副作用吗？,1
有永久脱毛吗,可以永久脱毛吗,1
是要检查吗？,要检查吗,1
时间短 怎么治疗,时间短怎么治疗,1
有什么办法治疗,有治疗的办法吗？,1
同房多久能测出怀孕啊,同房多久能测出怀孕？,1
请问男人做爱多久才是正常的,男人做爱多久是正常？,1
你是医生还是,你是医生，还是,1
这个由什么引起的呢,这个由什么引起,1
那一般怀孕多久会有反应啊,一般怀孕多久有反应,1
血管瘤好治吗？,血管瘤好治吗,1
月经不调，怎么调理,月经不调应该怎么调理,1
我早泄，怎么治啊,早泄怎么治了啊,1
可以祛疤吗,可以祛疤是吗,1
白癜风能治愈吗？,白斑 能治愈吗？,0
你们医院是不是正规的医院,是正规的医院吗,1
埋线双眼皮恢复期多久,埋线双眼皮 多久的恢复期,1
进口和国产瘦脸针有什么区别,瘦脸针 国产的和进口的有什么区别呢,1
肛门瘙痒是怎么回事,肛门瘙痒 怎么回事？,1
无子宫能治疗吗？,无子宫能治疗吗,1
双子宫影响怀孕吗,双子宫会影响怀孕吗,1
请问血管瘤是什么样子的,血管瘤什么样子的？,1
我可以做药流吗,我可以做药流了吗,1
那有没有国产的和进口的区别呢,国产和进口有什么区别呢,1
可以治疗吗，,可以治疗吗,1
那一般怀孕多久会有反应啊,怀孕一般多久有反应,1
龟头上有小红点，怎么回事,龟头上有小红点怎么回事,1
冰点脱毛？ ,冰点脱毛吗？,1
便血怎么回事,便血 是怎么回事,1
请问月经量少怎么回事,月经量少怎么回事？,1
为什么会长斑呢！,为什么会长斑呢,1
请问你们医院是三甲医院吗,是三甲医院吗,1
盆腔炎的症状是什么,盆腔炎有什么症状,1
月经量少，怎么回事,月经量少是怎么回事,1
不知道是不是白斑,白斑 不知道是不是,1
脱毛会不会痛,脱毛 会不会痛啊,1
永久脱毛是永久的吗？,脱毛 是永久的吗？,1
始基子宫 能治疗吗？,请问始基子宫能治疗吗,1
 吸脂多久恢复,吸脂 多久能恢复,1
有影响吗,会有影响吗,1
你们是什么级别的医院呢？公立还是私立,你们医院是公立还是私立呀,1
血管瘤是什么样,血管瘤是什么样的？,1
盆腔炎都有什么症状,盆腔炎有什么症状呢,1
外阴痒是怎么回事啊？,外阴痒，是怎么回事,1
手术还是药物,药物还是手术,1
医保卡可以用吗？,能用医保卡吗,1
洗纹身可以不留疤吗,洗纹身不留疤吗？,1
注射瘦脸针有什么副作用吗？,瘦脸针有什么副作用？,1
单角子宫能正常怀孕吗,单角子宫能正常怀孕吗,1
是永久的脱毛吗,永久脱毛是吗,1
请问白带是褐色的是怎么回事,请问白带怎么褐色怎么回事,1
洗纹身可以不留疤？,洗纹身不留疤吗？,1
打玻尿酸能维持多久？,玻尿酸注射 能维持多久,1
前列腺什么症状？,前列腺有什么症状,1
想问一下 B超和彩超区别是什么,彩超和B超有什么区别？,1
玻尿酸注射能维持多久,注射玻尿酸 能维持多久？,1
彩超和B超有区别吗,彩超和B超有什么区别吗,1
多久可以测出怀孕了,多久能测出怀孕？,1
我性生活时间短怎么回事,性生活时间短 怎么回事，,1
早泄可以治疗吗，,早泄可以治疗吗？,1
早泄可以治疗吗，,早泄 可以治疗吗？,1
怎么引起的阴道炎,阴道炎 怎么引起的,1
怀孕后多久可以做人流,怀孕多久可以做人流？,1
能祛疤？,能祛疤吗,1
你好    早泄怎么治疗,你好，早泄怎么治疗,1
你好    早泄怎么治疗,你好，早泄怎么治疗,1
你好 早泄怎么治疗,你好，早泄怎么治疗,1
你好早泄怎么治疗,你好，早泄怎么治疗,1
就是会经常熬夜,经常熬夜,1
月经不调应该怎么调理,怎么调理月经不调？,1
你们这个瘦脸针是什么牌子的,瘦脸针是什么牌子的,1
冰点脱毛是永久吗？,你们冰点脱毛是永久脱毛吗,1
我是宁夏，先天性无子宫可以治疗吗？,现在先天性无子宫可以治疗吗,1
打一次玻尿酸能维持多久？,打玻尿酸 打一次可以维持多久？,1
是吃西药还是中药,要吃中药还是西药,1
彩超和B超有啥区别么,彩超和B超有什么区别,1
瘦脸针有副作用吗,瘦脸针 会不会有副作用,1
龟头上有小红点，是怎么回事,龟头上有小红点怎么回事,1
月经不调怎么调理？,月经不调应该怎么调理,1
拉血是怎么回事,拉血怎么回事啊？,1
会不会复发，,会不会复发,1
胎记是怎么形成的,胎记是怎么形成,1
不是永久脱毛？,不是永久脱毛吗,1
一次瘦脸针可以维持多久,瘦脸针可以维持多久,1
做双眼皮多久可以恢复,双眼皮 多久恢复,1
取环疼吗？,取环 疼吗？,1
先天性无子宫能怀孕吗？,先天性无子宫能怀孕么？,1
我想咨询"血管瘤是怎么形成的",我想咨询"血管瘤怎么形成的",1
肠镜有痛苦吗,肠镜 痛苦吗,1
你们打的瘦脸针是什么牌子的啊,瘦脸针 是什么牌子的啊,1
洗纹身多少钱嘞,洗纹身大概多少钱,1
玻尿酸注射一次维持多久,玻尿酸 打一次可以维持多久,1
一般洗纹身多少钱,洗纹身 一般多少钱,1
吃中药还是西药,药物治疗是中药还是西药,1
怀孕多久有反应？,怀孕一般多久有反应,1
始基子宫能治疗吗？,请问始基子宫能治疗吗？,1
请问纹身能洗干净吗？,纹身可以洗干净吗？,1
血管瘤是什么意思,血管瘤是什么意思啊？,1
彩超和B超有什么区别呢,彩超和B超有什么区别吗,1
请问洗纹身可以洗干净吗,洗纹身 可以洗干净吗,1
请问吃点什么药好呢,这个吃点什么药好,1
做B超需要空腹吗？,做B超需要空腹吗,1
一般是手术治疗还是药物治疗？,是药物治疗，还是手术治疗啊？,1
阴道炎怎么治疗啊,阴道炎 怎么治疗,1
脱毛有永久的么,脱毛 是永久的么？,1
血管瘤会疼吗,血管瘤会疼吗？,1
是的！吃什么药比较好,吃什么药比较好,1
前列腺是什么症状？,前列腺是什么症状,1
双眼皮埋线能保持多久呢,埋线 双眼皮 一般能保持多久,1
你好，始基子宫能治好怀孕吗,始基子宫 能治好吗？,0
你好，始基子宫能治好怀孕吗,始基子宫能治好吗？,0
先天性无子宫，可以治疗吗,现在先天性无子宫可以治疗吗,1
鼻子鼻梁塌,鼻梁 鼻子塌,1
能吃的什么药好呢,吃什么药好呢？,1
我想问一下 的瘦脸针,我想问一下瘦脸针,1
国产和进口的玻尿酸区别大吗？,玻尿酸 国产和进口有区别吗？,1
外阴痒是怎么回事啊？,外阴痒是怎么回事啊,1
拉血是怎么回事？,拉血是怎么回事,1
前列腺有什么症状呢,前列腺有什么症状,1
幼稚子宫能治好吗，,幼稚子宫能治好吗？,1
我想咨询"婴儿血管瘤怎么治最好",我想咨询"大人血管瘤怎么治最好",0
你们这儿能洗纹身吗,你们可以洗纹身吗,1
月经推迟是什么原因,月经推迟 什么原因？,1
大便出血是怎么回事,大便出血是怎么回事,1
小孩胎记什么时候治疗最好,小孩胎记什么时候治疗最好,1
切除子宫后还能过性生活吗,子宫切除还能过性生活吗,1
进口和国产瘦脸针有什么区别,瘦脸针 国产和进口的有什么区别啊？,1
都怎么检查的,都怎么检查,1
玻尿酸有哪些品牌的,玻尿酸都有哪些品牌,1
这个治疗怎么治疗,这个治疗怎么治疗啊？,1
男人一次多久算正常？,男人多久算正常,1
咱是三甲医院吗？,你们医院属于三甲医院吗？,1
包皮手术后，需要拆线吗,包皮手术需要拆线吗,1
始基子宫能治好吗？,始基子宫能治好吗,1
祛痣会不会留疤的,祛痣 会留疤吗,1
国产的和进口的有区别吗,进口的和国产的有什么区别,1
我做b超不需要空腹吗？,做b超需要空腹吗,1
怎么治疗呢？,怎么治疗呢,1
水光针多久打一次啊,水光针多久打一次啊,1
割包皮是什么？,割包皮是什么,1
割包皮是什么？,割包皮是什么,1
外阴痒用什么药啊,外阴痒用什么药？,1
洗纹身怎么收费呢,洗纹身怎么收费？,1
可以全身美白吗,可以全身美白的吗,1
大便出血怎么回事,大便出血怎么回事呢,1
要怎么检查啊,要怎么检查？,1
肛门瘙痒是怎么回事？,肛门瘙痒 怎么回事？,1
你们医院可以用医保卡吗,能用医保卡吗,1
请问需要住院吗,需要住院吗？,1
月经不调怎么调理呢？,怎么调理月经不调？,1
便血是怎么回事呢,便血 是怎么回事,1
彩超和B超有什么区别呢,彩超和B超有什么区别,1
手淫过多导致的早泄,手淫过多，导致早泄,1
手淫过多导致的早泄,手淫过多，导致早泄,1
切除子宫后还能过性生活吗,子宫切除后还能有性生活吗,1
月经黑色是怎么回事？,月经有黑色是怎么回事,1
请问子宫正常是多大？,正常的子宫是多大？,1
单角子宫可以正常怀孕吗,单角子宫能正常怀孕吗,1
检查都怎么检查,检查是怎么检查,1
女人多大年龄绝经？,女人多大年龄绝经,1
正常子宫 多大,正常子宫多大？,1
白带有点发黄,白带 有点发黄,1
验孕棒一浅一深是什么意思,验孕棒一浅一深代表什么意思,1
是永久的脱毛吗,脱毛 有永久的吗？,1
射的快是怎么回事,射的快怎么回事,1
血管瘤危险吗,血管瘤危险吗,1
外阴瘙痒用什么药呢,外阴瘙痒 请问用什么药,1
现在试纸能测出来吗？,用试纸能测出来吗现在？,1
玻尿酸注射能维持多久,玻尿酸注射可以维持多久,1
切除子宫对性生活有影响吗,子宫切除了对性生活有影响吗,1
能用药物治疗吗？,用药物治疗吗,1
瘦脸针一阵可以维持多久,瘦脸针可以维持多久,1
激素六项是查什么,激素六项是查啥的,1
大便有血怎么回事？,大便有血怎么回事,1
你好，月经量少是怎么回事,月经量少是怎么回事,1
做阴道镜疼吗,做阴道镜疼吗,1
白癜风怎么治疗,白斑怎么治疗,0
月经可以洗澡吗,月经可以洗澡吗,1
胎记价格疗程是怎么算,去胎记价格怎么算,1
彩超需要憋尿吗？,做彩超需要憋尿吗？,1
验孕棒一深一浅是什么意思,验孕棒一浅一深代表什么意思,1
月经不调是怎么回事诶,月经不调 怎么回事呢,1
脱毛一般几次呢,脱毛 一般要几次,1
做双眼皮要恢复多久,做双眼皮 大概要多久恢复,1
阳痿要吃什么药,阳痿吃什么药,1
你们的瘦脸针什么牌子的,瘦脸针是什么牌子的,1
瘦脸针299是什么牌子的,你们瘦脸针是什么牌子的,0
请问白癜风有什么症状？,请问白癜风有什么症状,1
先天性无阴道可以治疗吗,先天性无子宫 可以治疗吗,0
在学校经常熬夜,经常熬夜,1
就是龟头上的白色东西是怎么回事,就是龟头上有白色的东西，是怎么回事,1
来月经 有血块正常吗,月经有血块，正常吗？,1
你们那可以洗纹身吗,你们可以洗纹身吗,1
白癜风能治好吗,白癜风 这个能治好吗,1
怎么能戒掉手淫,手淫怎么戒掉,1
还需要住院治疗吗,这个还需要住院治疗吗？？？,1
国产和进口的区别？,国产和进口有什么区别呢,1
可以洗纹身的吗,可以洗纹身的吗,1
请问白带发黄是什么原因？,白带发黄是什么原因,1
阳痿早泄可以治疗吗,阳痿早泄可以治疗吗？,1
脱毛可以吗？,可以脱毛吗,1
应该怎么治疗，,应该怎么治疗,1
先天性无子宫可以治疗吗,现在先天性无子宫可以治疗吗,1
什么是双子宫啊,双子宫是什么,1
自体脂肪丰胸多久可以恢复？,自体脂肪丰胸 多久能恢复,1
啊 那怎么办,那怎么办,1
我便血是怎么回事,便血怎么回事,1
脱毛是永久的？,脱毛  是永久的吗,1
脱毛是永久的？,脱毛 是永久的吗,1
做B超需要空腹吗？,做B超需要空腹吗？,1
月经黑色怎么回事？,月经黑色 怎么回事,1
请问白癜风会传染吗,白癜风会传染吗,1
埋线可以保持多久呢,埋线 保持多久,1
大便有血怎么回事,大便有血怎么回事啊,1
吃什么药好,吃什么药好呢？,1
怎么治一下啊,怎么治啊,1
验孕棒一深一浅，是啥情况,验孕棒一深一浅怎么回事？,1
激光脱毛是永久的么,激光脱毛是永久的？,1
盆腔炎有什么症状？,盆腔炎有什么症状,1
洗纹身一般要多少钱,洗纹身要多少钱,1
你们是私立还是公立的医院,您这医院是私立还是公立的,1
什么方法治疗？,有什么治疗方法吗,1
是怎么治啊,怎么治啊,1
白带发黄是什么原因。,白带发黄 是什么原因呢,1
洗纹身大概要洗几次,洗纹身 要洗几次呢,1
可以药流吗？,可以药流吗,1
是永久脱毛吗,是永久脱毛吗？,1
您好   还在吗,您好在吗,1
我大便有血是怎么回事,大便有血是怎么回事,1
你们瘦脸针是什么牌子的,你们是什么牌子瘦脸针,1
国产进口的区别在于？,国产和进口有什么区别呢,1
天生无子宫可以治疗吗？,天生没有子宫可以治疗吗,1
是永久的脱毛吗,脱毛  是永久的吗,1
是永久的脱毛吗,脱毛是永久的吗,1
你好治疗早泄怎么治疗,你好请问怎么治疗早泄,1
自体脂肪丰胸有什么副作用吗,自体脂肪丰胸 有副作用吗,1
治疗胎记要多少钱,治疗胎记要多少钱,1
先天性无子宫可以治疗吗？,先天性无子宫可以治疗吗,1
BV检查 是什么,BV检查是什么,1
割了包皮，有什么好处,割了包皮有什么好处,1
怎么调理月经不调呢,怎么调理月经不调？,1
请问男人多久才算正常,男人多久才正常,1
现在是试纸能测出来吗,用试纸能测出来吗现在？,1
那怎样治疗,那怎样可以治疗？,1
激光祛痣会留疤吗。,激光祛痣会留疤吗？,1
白带发黄是什么原因,白带发黄的原因是什么,1
我想咨询你一下,我想咨询一下,1
毛孔粗大怎么治疗,毛孔粗大怎么治疗,1
 激光祛斑会复发吗,激光祛斑 会不会复发,1
正常子宫一般多大,正常子宫多大？,1
你们瘦脸针有什么牌子的,瘦脸针 是什么牌子的,1
血管瘤什么样子的,血管瘤什么样子的？,1
进口的和国产的有区别么？,哦，国产的和进口的有什么区别,1
脱毛一般要几次,脱毛 一般要几次,1
那那怎么办？,那怎么办,1
瘦脸针有什么副作用,瘦脸针 有什么副作用吗？,1
我不知道是不是白斑,白斑 不知道是不是,1
请问可以做子宫移植吗,可以做移植子宫吗,1
请问单角子宫能治疗吗,请问单角子宫能治疗吗？,1
洗纹身大概多少钱,洗纹身大概多少钱,1
割了包皮有什么好处呢,割了包皮 有什么好处啊？,1
是正规医院吗,是正规的医院吗,1
是激光脱毛？,是激光脱毛吗？,1
我的白带发黄怎么回事,我的白带多发黄怎么回事,1
血管瘤治疗要多少钱,治疗血管瘤多少钱,1
有办法吗,有什么办法吗,1
子宫小可以治好吗,子宫小 可以治好吗,1
包皮手术需要休息多久？,包皮手术需要休息几天？,1
子宫切除对性生活有影响吗,子宫切除了对性生活有影响吗,1
白斑，怎么治疗,白斑 怎么治疗,1
来月经有血块正常吗？,月经有血块正常吗,1
那怎么办😱,那怎么办,1
大便有血怎么回事啊,大便有血怎么回事啊,1
怎么解决呢,怎么解决,1
阴囊潮湿是什么原因啊,阴囊潮湿是什么原因,1
阴囊潮湿是什么原因啊,阴囊潮湿是什么原因,1
大便出血，怎么回事,大便出血 怎么回事,1
外阴瘙痒用什么药,外阴瘙痒，用什么药,1
 玻尿酸可以维持多久,玻尿酸可以维持多久？,1
白斑怎么治疗,白斑 怎么治疗,1
白斑怎么治疗,白斑怎么治疗,1
包皮手术多久可以恢复好,包皮手术多久可以恢复,1
便血是怎么回事,便血 是怎么回事,1
便血怎么回事,便血怎么回事,1
冰点脱毛是永久的吗？,冰点脱毛 是永久的吗,1
冰点脱毛是永久吗？,冰点脱毛 是永久的吗,1
玻尿酸管多久？,玻尿酸管多久,1
玻尿酸有什么副作用吗？,玻尿酸 有副作用吗,1
吃的什么药比较好一点,吃什么药比较好,1
吃点啥药好,吃点啥药？,1
吃点什么药,我需要吃点什么药,1
吃点什么药,吃点什么药？,1
吃点什么药？,我需要吃点什么药,1
吃点什么药？,吃点什么药呢,1
吃点什么药吗,吃点什么药？,1
吃什么药能治疗？,吃什么药能治疗,1
打玻尿酸一次可以维持多久？,打玻尿酸 打一次能维持多久,1
打玻尿酸一次可以维持多久？,打玻尿酸 打一次可以维持多久？,1
打玻尿酸一次可以维持多久？,玻尿酸 打一次可以维持多久,1
大便出血是怎么回事,大便出血 怎么回事,1
大便出血是怎么回事？,大便出血 怎么回事,1
大便出血怎么回事,大便出血怎么回事？,1
大便出血怎么回事,大便出血怎么回事,1
大便出血怎么回事？,大便出血怎么回事？,1
大便出血怎么回事呢,大便出血怎么回事呢,1
大便有血是怎么回事,大便有血是怎么回事,1
割了包皮  有什么好处,割了包皮 有什么好处啊？,1
割了包皮，有什么好处,割了包皮 有什么好处啊？,1
割了包皮有什么好处呢,割了包皮有什么好处,1
怀孕试纸多久能测出来,你好 请问怀孕多久试纸就能测出来,1
进口和国产的有什么区别啊,进口的和国产的有什么区别,1
进口和国产有什么区别啊？,进口的和国产的有什么区别,1
进口和国产有什么区别吗？,国产和进口有什么区别呢,1
就是鼻梁有点塌,就是鼻梁有点塌,1
可以吃点什么药,可以吃点啥药,1
拉血是怎么回事啊,拉血怎么回事啊？,1
埋线保持多久？,埋线能保持多久,1
埋线可以保持多久 ,埋线能保持多久,1
埋线双眼皮可以保持多久,双眼皮 埋线能保持多久呢,1
埋线双眼皮能保持多久,双眼皮 埋线能保持多久呢,1
埋线双眼皮能保持多久,埋线 双眼皮 一般能保持多久,1
埋线双眼皮能保持多久呢？,埋线 双眼皮 一般能保持多久,1
那吃什么药比较好！,吃什么药比较好,1
你好 早泄怎么治疗,你好早泄怎么治疗呢,1
你好，洗纹身能洗干净吗？,洗纹身 能洗干净吗,1
你好，月经量少是怎么回事,月经量少怎么回事？,1
你好瘦脸针是什么牌子的？,瘦脸针是什么牌子的,1
你好治疗早泄怎么治疗,你好早泄怎么治疗呢,1
请问吃什么药比较好,吃什么药比较好,1
请问要住院吗？,要住院吗？,1
去胎记要多少钱,去胎记多少钱,1
是上海长江医院吗,你们是上海长江医院吗,1
是永久脱毛的吗,脱毛 是永久的吗？,1
是永久脱毛的吗,脱毛  是永久的吗,1
手淫过多导致早泄,手淫过多，导致早泄,1
我不知道是不是白斑？,白斑 不知道是不是,1
我大便有血是怎么回事,大便有血怎么回事,1
我是内双 ,我是内双,1
我现在经常贴双眼皮贴,我经常贴双眼皮贴,1
我这吃什么药好呢,吃什么药好呢？,1
洗纹身，怎么收费？,洗纹身怎么收费？,1
洗纹身要多少钱,洗纹身要多少钱,1
洗纹身一般要多少钱,洗纹身 一般多少钱,1
洗纹身怎么收费的？,洗纹身怎么收费？,1
腺肌症是怎么回事,腺肌症是怎么回事,1
血管瘤有什么危害吗,血管瘤有什么危害吗,1
血管瘤治疗要多少钱,血管瘤治疗要多少钱,1
药流可以吗？,药流可以吗,1
要怎么检查呢,要怎么检查？,1
应该吃什么药比较好,吃什么药比较好,1
永久脱毛是吗,永久脱毛是吗,1
用中药还是西药,要吃中药还是西药,1
早泄是什么原因呢？,早泄什么原因呢,1
早泄是什么原因呢？,早泄 什么原因呢,1
这个不是永久脱毛的吗,脱毛 这个不是永久的吗？,1
治疗血管瘤一般要多少钱,血管瘤治疗要多少钱,1
自体脂肪可以维持多久？,自体脂肪能维持多久,1
做埋线双眼皮手术能保持多久,双眼皮 埋线能保持多久呢,1
是公立还是私立医院？,您这医院是私立还是公立的,1
祛斑以后会不会复发,祛斑了会不会复发,1
毛孔粗大,毛孔粗大,1
子宫正常是多大,正常子宫是多大,1
治疗阳痿早泄吃什么药,早泄 阳痿 吃什么药,1
怎么调理月经不调啊,怎么调理月经不调？,1
祛斑会不会反弹呢,祛斑 会不会反弹？,1
激光脱毛有副作用吗,激光脱毛 会有副作用吗,1
洗纹身可以洗干净么,纹身可以洗干净吗？,1
留下疤痕吗,会留下疤痕吗？,1
不是永久脱毛吗,不是永久脱毛吗,1
激光洗纹身要洗几次,激光洗纹身 要洗几次，,1
做阴道镜疼么,做阴道镜疼吗,1
早泄是什么原因？,早泄 是什么原因,1
哑癜风是什么症状,白癜风什么症状,1
包皮怎么才算过长,包皮怎样才算过长,1
白斑会遗传吗,白斑 遗传吗,1
月经一般来几天算正常,月经一般几天算正常,1
幼稚子宫能治好吗,幼稚子宫 能治好吗,1
你们医院是私立的还是公立的,你们医院是公立还是私立的,1
阳痿早泄是吃药还是手术,早泄吃药还是手术,0
脱毛能永久吗,脱毛 能永久吗？,1
你这是公立还是私立医院,你们是公立还是私立医院,1
外阴痒，是怎么回事,外阴痒，是怎么回事,1
洗纹身可以一次性洗干净吗,洗纹身 一次性可以洗干净吗,1
这个需要住院治疗吗,这个还需要住院治疗吗？？？,1
 切开好还是埋线好呢,埋线好还是切开好啊？,1
白癜风是什么症状呢,白癜风是什么症状的,1
这个需要住院治疗吗？,这个还需要住院治疗吗？？？,1
白癜风会不会传染,白癜风 会不会传染,1
白癜风能治好吗,白斑能治好吗？,0
一般怀孕多久有反应呢,一般怀孕多久有反应,1
你好，早泄吃什么药比较好,早泄 吃什么药比较好,1
白癜风是什么症状呢,白癜风是什么症状呢,1
白斑会遗传吗,白斑会有遗传吗,1
验孕棒一浅一深怎么回事,验孕棒一深一浅怎么回事,1
您好 在吗？,您好，在吗？,1
什么是白斑,什么是白斑,1
做双眼皮要恢复多久,双眼皮要多久恢复,1
来月经有血块是正常吗,月经有血块正常吗,1
白癜风是什么,白癜风是什么,1
血管瘤什么样子,血管瘤是什么样子的,1
吃药，还是手术,手术还是吃药,1
吃药，还是手术,手术还是吃药,1
应该怎么治疗？,应该怎么治疗,1
同房出血是什么原因？,同房出血是什么原因,1
还是药物治疗？,是药物治疗，还是手术治疗啊？,1
治疗需要住院吗,治疗需要住院吗,1
指甲上,指甲上,1
白癜风怎么治疗,白癜风 怎么治疗？,1
吸脂手术有危险吗,吸脂手术  会有危险吗？,1
先天性无子宫能治疗好吗？,先天性无子宫 能不能治疗好？,1
您好 在吗？,您好在吗,1
怎么降低龟头的敏感度,龟头敏感度怎么降低,1
白斑是什么,白斑是什么,1
哑癜风是什么症状,白癜风是什么症状呢,1
要住院不嘛,要住院吗？,1
纹身可以洗干净吗,纹身可以洗干净吗？,1
假体隆鼻是什么材料呢,隆鼻 假体是什么材料,1
纹身可以洗吗,纹身可以洗吗,1
那那还怎么办呢,那怎么办呢,1
激光祛斑会反弹吗,激光祛斑会反弹吗,1
要住院不嘛,要住院吗,1
白癜风是什么症状呢,白癜风是什么症状的？,1
是痔疮吗？,是痔疮吗,1
永久脱毛是激光？,永久脱毛是激光？,1
白癜风会传染吗？,白癜风 会传染吗？,1
幼稚子宫可以手术吗？,幼稚子宫可以手术吗？,1
阳痿早泄是吃药还是手术,早泄是手术还是吃药,0
脱毛永久的吗？,脱毛 永久的吗,1
tct 是什么,tct是什么,1
双眼皮的恢复期事多久,双眼皮 恢复期多久？,1
做双眼皮要恢复多久,双眼皮 多久恢复,1
微创手术是什么？,微创手术是什么呢？,1
脱毛会不会痛,脱毛会不会痛,1
 会有后遗症吗,会有后遗症吗？,1
纹身能洗吗,洗纹身 可以洗吗,1
那是公立还是私立,咱们是公立还是私立,1
白癜风会遗传吗,白癜风 会不会遗传,1
怎么收费？,痣 怎么收费,0
先天没有子宫,先天没有子宫,1
那需要怎么治疗呢,那怎么治疗呢,1
盆腔炎有什么症状,盆腔炎有什么症状,1
脱毛有副作用吗,脱毛 有副作用吗,1
玻尿酸都有哪些品牌,玻尿酸都有哪些品牌,1
硬度不够，,硬度不够,1
饮食要注意什么,饮食注意什么呢,1
美白针有副作用吗 ,脱毛 有副作用吗,0
洗纹身能洗干净吗,洗纹身 能洗干净吗,1
是冰点永久脱毛吗,是冰点永久脱毛吗,1
祛斑不会反弹吗,祛斑 会不会反弹,1
先天性无子宫能治吗？,先天性无子宫能治吗？？,1
阴道炎用什么药,阴道炎用什么药,1
怎么降低龟头的敏感度,怎么降低龟头敏感度,1
白癜风能治愈吗？,白癜风 能治愈吗？,1
用什么药物,用什么药物呢,1
那需要住院吗？,需要住院吗？,1
一次多少钱,一次多少钱,1
早泄应该吃什么药好咒,早泄吃什么药好呢,1
双眼皮要多久恢复,双眼皮要多久恢复,1
吃药还是什么治疗,是吃药治疗还是什么,1
双子宫有什么影响,双子宫有什么影响,1
医生您好，在吗,医生您好，在吗？,1
你是医生吗？,你是医生吗,1
可以用什么药物吗,用药物治疗吗,0
先天性无子宫可以治疗好吗？,先天性无子宫 能不能治疗好？,1
尿滴白严重么,尿滴白 严重吗,1
会有留下疤痕？,会留下疤痕吗？,1
治疗这个是怎么治疗啊,这个怎么治疗啊,1
治疗这个是怎么治疗啊,这个怎么治疗啊,1
白斑能治好吗,白斑 能治好吗？,1
你是公立还是私立医院,你这医院是公立还是私立的，,1
胎记多大可以治疗,胎记 多大可以治疗,1
怎么收费的,痣 怎么收费,0
用什么药物啊,用什么药物呢,1
bv 检测是什么,bv检测是什么,1
BV检测是什么,BV检测是什么,1
先天性无子宫能治疗好吗,先天性无子宫 能不能治疗好？,1
怎么治疗啊😊,那怎么治疗啊,1
怎样治疗,怎样治疗啊,1
怎么治疗啊😊,怎么治疗啊,1
天生没有子宫可以治疗吗,天生没有子宫可以治疗吗,1
洗纹身会留疤吗？,洗纹身 会留疤吗？,1
胎记多大孩子可以治疗,胎记 孩子多大可以去除,0
你是医生吗？,你是医生吗？,1
天生无子宫可以治疗吗？,天生无子宫可以治疗吗,1
这个能治疗好吗,这个能治疗吗,1
要住院的吗,要住院吗,1
那怎么治疗？,那怎么治疗,1
你们是正规的医院吗,好的，你们的医院是正规医院吗,1
能用医保卡吗？,医保卡可以用吗,1
先天性无子宫，能治吗,先天性无子宫能治吗,1
你们是正规医院吗,你们是正规医院吗,1
洗纹身不留疤？,洗纹身不留疤吗？,1
咱是公立还是私立的,咱们是公立还是私立,1
开眼角双眼皮,双眼皮 开眼角,1
您好   还在吗？,您好，在吗？,1
是吃药还是？,是吃药治疗还是什么,1
是那怎么治啊,怎么治啊,1
你们医院医保卡可以用吗,能用医保卡吗,1
先天性无子宫能治吗？,先天性没子宫能治吗？,1
有什么药物治疗吗？,请问有什么药物治疗吗,1
是的  我想咨询一下,想咨询一下,1
要住院吗,要住院吗,1
这怎么治啊？,怎么治啊,1
洗纹身会不会留疤,洗纹身 会不会留疤,1
可以点痣吗,可以点痣吗,1
是的，有什么好的治疗方法,有什么好的治疗方法吗,1
你们可以祛疤吗,祛疤可以吗,1
要怎么治啊,怎么治啊,1
这个能治疗好吗？,这个能治疗吗,0
白斑治得好吗,白斑治得好吗,1
白斑会传染吗，,白斑 会传染吗,1
有什么治疗方法,有什么治疗方法吗,1
白斑会传染吗,白斑  会传染吗,1
可以点痣吗,可以点痣的吗？,1
你们医院可以用医保卡吗,医保卡可以用吗,1
你好👋还在吗,你好  在吗,1
你们医院医保卡可以用吗,医保卡可以用吗,1
那怎么办啊,那怎么办啊？,1
什么原因引起,什么原因引起的,1
是怎么治疗呢,怎么治疗呢,1
那怎么治疗？,那怎么治疗呢？,1
那怎么治疗好呢,那怎么治疗呢？,1
这个怎么治疗啊,这个怎么治疗,1
有什么治疗的方法,有什么治疗方法吗,1
那怎么治,那怎么治啊,1
一颗痣大概多少钱,一颗痣大概多少钱,1
会有 什么 副作用,有什么副作用吗,1
祛痣会留疤吗？,祛痣 会留疤吗,1
你医院的地址在哪里,医院在哪里,1
这怎么治疗啊？,这怎么治疗,1
你好   在吗,你好在吗,1
这个由什么引起的呢,是由什么引起的,1
应该有两三年了吧,有两三年了吧,1
会不会留疤吗,会留疤吗,1
什么原因引起,什么原因引起的。,1
是什么原因引起的,什么原因引起的。,1
我这个病严重吗,这个病严重吗？,1
好像有两三年了吧,有两三年了吧,1
胎记可以去除吗？,胎记可以去除吗,1
这个怎么治疗呢,这个怎么治疗,1
严重吗 ？,严重吗,1
怎么解决？,怎么解决,1
那怎么办呢？,那怎么办呢,1
胎记可以去除吗,胎记 可以去除吗,1
石女是？,石女是？,1
祛痣多少钱？,祛痣多少钱？,1
这个需要怎么治疗？,这个需要怎么治疗呢,1
这怎么治哈,这怎么治疗,1
这个可以怎么治疗啊,这个怎么治疗啊,1
有什么好的治疗方法吗？,有什么好的治疗方法,1
有有几年了,有几年了,1
这个需要怎么治疗,这个怎么治疗,1
那有什么办法嘛,那有什么办法吗,1
大概会花多少钱,要多少钱大概,1
可以祛疤吗,可以祛疤么,1
那怎么办啊，,那怎么办啊？,1
有好治疗方法吗,有什么好的治疗方法吗,1
这个需要怎么治疗,这个需要怎么治疗呢,1
那该怎么办？,那该怎么办,1
怎么回事,怎么回事？,1
一般多少钱,一般多少钱,1
有好的治疗方法吗,有什么好的治疗方法吗,1
那该怎么办了,那该怎么办,1
多少钱,多少钱？,1
大概会花多少钱,大概要多少钱,1
大概费用要多少钱,大概多少钱,1
大概需要多少钱,大概多少钱,1
怎么收费,怎么收费的,1
费用大概要多少？,大概要多少钱,1
大约需要多少钱？,大约需要多少钱,1